{"measurement_time":1667974882.097105,"header":{"timestamp_sec":1667974882.118125,"sequence_num":76920},"aptiv_point":[{"elevation":0.020607993006706238,"super_res_target":0,"scan_index":1,"timestamp":1667974882.097105,"range_rate":-2.890625,"veh_clutter":0,"header":{"sequence_num":76920},"range":3.828125,"near_target":0.0,"amplitude":-11.0,"azimuth":0.6000008583068848,"ele_confid":1,"azi_confid":2},{"elevation":0.012364000082015991,"super_res_target":1,"scan_index":1,"timestamp":1667974882.097105,"range_rate":-3.171875,"veh_clutter":0,"header":{"sequence_num":76920},"range":5.109375,"near_target":0.0,"amplitude":-15.0,"azimuth":0.4405064582824707,"ele_confid":1,"azi_confid":1},{"elevation":0.012364000082015991,"super_res_target":1,"scan_index":1,"timestamp":1667974882.097105,"range_rate":-3.171875,"veh_clutter":0,"header":{"sequence_num":76920},"range":5.109375,"near_target":0.0,"amplitude":-21.0,"azimuth":0.3745615482330322,"ele_confid":1,"azi_confid":1},{"elevation":0.050835996866226196,"super_res_target":0,"scan_index":1,"timestamp":1667974882.097105,"range_rate":-3.265625,"veh_clutter":0,"header":{"sequence_num":76920},"range":6.0625,"near_target":0.0,"amplitude":-9.0,"azimuth":0.3561584949493408,"ele_confid":1,"azi_confid":2},{"elevation":0.03434799611568451,"super_res_target":0,"scan_index":1,"timestamp":1667974882.097105,"range_rate":-2.96875,"veh_clutter":0,"header":{"sequence_num":76920},"range":7.1875,"near_target":0.0,"amplitude":-13.0,"azimuth":-0.5996577739715576,"ele_confid":1,"azi_confid":2},{"elevation":0.009615987539291382,"super_res_target":0,"scan_index":1,"timestamp":1667974882.097105,"range_rate":-3.03125,"veh_clutter":0,"header":{"sequence_num":76920},"range":9.03125,"near_target":0.0,"amplitude":-9.0,"azimuth":-0.5617012977600098,"ele_confid":1,"azi_confid":2},{"elevation":0.037095993757247925,"super_res_target":0,"scan_index":1,"timestamp":1667974882.09747,"range_rate":-2.546875,"veh_clutter":0,"header":{"sequence_num":76920},"range":11.6875,"near_target":0.0,"amplitude":-2.0,"azimuth":0.7445425987243652,"ele_confid":1,"azi_confid":2},{"elevation":0.07556800544261932,"super_res_target":0,"scan_index":1,"timestamp":1667974882.09747,"range_rate":-2.640625,"veh_clutter":0,"header":{"sequence_num":76920},"range":14.0,"near_target":0.0,"amplitude":-10.0,"azimuth":0.7039022445678711,"ele_confid":1,"azi_confid":2},{"elevation":0.03984399139881134,"super_res_target":0,"scan_index":1,"timestamp":1667974882.09747,"range_rate":-2.78125,"veh_clutter":0,"header":{"sequence_num":76920},"range":18.296875,"near_target":0.0,"amplitude":5.0,"azimuth":-0.688223123550415,"ele_confid":1,"azi_confid":2},{"elevation":0.04808799922466278,"super_res_target":0,"scan_index":1,"timestamp":1667974882.09747,"range_rate":-2.890625,"veh_clutter":0,"header":{"sequence_num":76920},"range":19.65625,"near_target":0.0,"amplitude":-12.0,"azimuth":0.6299059391021729,"ele_confid":1,"azi_confid":3},{"elevation":0.031599998474121094,"super_res_target":0,"scan_index":1,"timestamp":1667974882.09747,"range_rate":-6.296875,"veh_clutter":0,"header":{"sequence_num":76920},"range":23.921875,"near_target":0.0,"amplitude":7.0,"azimuth":-0.10392165184020996,"ele_confid":0,"azi_confid":0},{"elevation":0.031599998474121094,"super_res_target":0,"scan_index":1,"timestamp":1667974882.09747,"range_rate":-5.546875,"veh_clutter":0,"header":{"sequence_num":76920},"range":24.1875,"near_target":0.0,"amplitude":9.0,"azimuth":-0.15107989311218262,"ele_confid":1,"azi_confid":2},{"elevation":0.08655999600887299,"super_res_target":0,"scan_index":1,"timestamp":1667974882.097836,"range_rate":-5.9375,"veh_clutter":0,"header":{"sequence_num":76920},"range":24.1875,"near_target":0.0,"amplitude":2.0,"azimuth":-0.13996124267578125,"ele_confid":1,"azi_confid":2},{"elevation":0.02610398828983307,"super_res_target":1,"scan_index":1,"timestamp":1667974882.097836,"range_rate":-6.28125,"veh_clutter":0,"header":{"sequence_num":76920},"range":25.078125,"near_target":0.0,"amplitude":-2.0,"azimuth":-0.09817051887512207,"ele_confid":1,"azi_confid":3},{"elevation":-0.0618320032954216,"super_res_target":0,"scan_index":1,"timestamp":1667974882.097836,"range_rate":-6.75,"veh_clutter":0,"header":{"sequence_num":76920},"range":26.140625,"near_target":0.0,"amplitude":13.0,"azimuth":-0.07439970970153809,"ele_confid":0,"azi_confid":1},{"elevation":0.1277800053358078,"super_res_target":0,"scan_index":1,"timestamp":1667974882.097836,"range_rate":-6.9375,"veh_clutter":0,"header":{"sequence_num":76920},"range":27.578125,"near_target":0.0,"amplitude":-9.0,"azimuth":-0.06404805183410645,"ele_confid":0,"azi_confid":3},{"elevation":0.028852000832557678,"super_res_target":0,"scan_index":1,"timestamp":1667974882.097836,"range_rate":-7.03125,"veh_clutter":0,"header":{"sequence_num":76920},"range":29.734375,"near_target":0.0,"amplitude":-8.0,"azimuth":-0.05484652519226074,"ele_confid":1,"azi_confid":2},{"elevation":0.0700719952583313,"super_res_target":0,"scan_index":1,"timestamp":1667974882.097836,"range_rate":-6.296875,"veh_clutter":0,"header":{"sequence_num":76920},"range":30.765625,"near_target":0.0,"amplitude":-14.0,"azimuth":-0.10392165184020996,"ele_confid":1,"azi_confid":3},{"elevation":0.02610398828983307,"super_res_target":0,"scan_index":1,"timestamp":1667974882.098201,"range_rate":-2.578125,"veh_clutter":0,"header":{"sequence_num":76920},"range":37.015625,"near_target":0.0,"amplitude":13.0,"azimuth":-0.771420955657959,"ele_confid":1,"azi_confid":2},{"elevation":0.015111997723579407,"super_res_target":0,"scan_index":1,"timestamp":1667974882.098201,"range_rate":-3.4375,"veh_clutter":0,"header":{"sequence_num":76920},"range":38.953125,"near_target":0.0,"amplitude":11.0,"azimuth":0.20893287658691406,"ele_confid":1,"azi_confid":2},{"elevation":0.05907998979091644,"super_res_target":1,"scan_index":1,"timestamp":1667974882.098201,"range_rate":-3.296875,"veh_clutter":0,"header":{"sequence_num":76920},"range":39.8125,"near_target":0.0,"amplitude":7.0,"azimuth":-0.3991396427154541,"ele_confid":1,"azi_confid":1},{"elevation":0.05907998979091644,"super_res_target":1,"scan_index":1,"timestamp":1667974882.098201,"range_rate":-3.296875,"veh_clutter":0,"header":{"sequence_num":76920},"range":39.8125,"near_target":0.0,"amplitude":5.0,"azimuth":-0.37651896476745605,"ele_confid":1,"azi_confid":3},{"elevation":0.009615987539291382,"super_res_target":0,"scan_index":1,"timestamp":1667974882.098201,"range_rate":-3.453125,"veh_clutter":0,"header":{"sequence_num":76920},"range":41.578125,"near_target":0.0,"amplitude":12.0,"azimuth":0.19398021697998047,"ele_confid":1,"azi_confid":2},{"elevation":0.012364000082015991,"super_res_target":0,"scan_index":1,"timestamp":1667974882.098201,"range_rate":-3.46875,"veh_clutter":0,"header":{"sequence_num":76920},"range":42.65625,"near_target":0.0,"amplitude":10.0,"azimuth":-0.20935654640197754,"ele_confid":0,"azi_confid":0},{"elevation":0.020607993006706238,"super_res_target":1,"scan_index":1,"timestamp":1667974882.105334,"range_rate":-3.46875,"veh_clutter":0,"header":{"sequence_num":76920},"range":43.84375,"near_target":0.0,"amplitude":6.0,"azimuth":0.18056106567382812,"ele_confid":1,"azi_confid":2},{"elevation":0.020607993006706238,"super_res_target":1,"scan_index":1,"timestamp":1667974882.105334,"range_rate":-3.46875,"veh_clutter":0,"header":{"sequence_num":76920},"range":43.84375,"near_target":0.0,"amplitude":2.0,"azimuth":-0.17638421058654785,"ele_confid":1,"azi_confid":3},{"elevation":0.037095993757247925,"super_res_target":0,"scan_index":1,"timestamp":1667974882.105334,"range_rate":-3.3125,"veh_clutter":0,"header":{"sequence_num":76920},"range":50.25,"near_target":0.0,"amplitude":10.0,"azimuth":-0.3657839298248291,"ele_confid":1,"azi_confid":2},{"elevation":0.037095993757247925,"super_res_target":0,"scan_index":1,"timestamp":1667974882.105334,"range_rate":-3.34375,"veh_clutter":0,"header":{"sequence_num":76920},"range":50.421875,"near_target":0.0,"amplitude":10.0,"azimuth":-0.3504478931427002,"ele_confid":1,"azi_confid":2},{"elevation":0.04808799922466278,"super_res_target":1,"scan_index":1,"timestamp":1667974882.105334,"range_rate":-3.1875,"veh_clutter":0,"header":{"sequence_num":76920},"range":51.375,"near_target":0.0,"amplitude":7.0,"azimuth":0.47462892532348633,"ele_confid":1,"azi_confid":1},{"elevation":0.04808799922466278,"super_res_target":1,"scan_index":1,"timestamp":1667974882.105334,"range_rate":-3.1875,"veh_clutter":0,"header":{"sequence_num":76920},"range":51.375,"near_target":0.0,"amplitude":-5.0,"azimuth":-0.4570329189300537,"ele_confid":1,"azi_confid":1},{"elevation":-0.05633600801229477,"super_res_target":0,"scan_index":1,"timestamp":1667974882.105702,"range_rate":-3.5,"veh_clutter":0,"header":{"sequence_num":76920},"range":54.578125,"near_target":0.0,"amplitude":21.0,"azimuth":-0.06366467475891113,"ele_confid":1,"azi_confid":3},{"elevation":0.02610398828983307,"super_res_target":0,"scan_index":1,"timestamp":1667974882.105702,"range_rate":-3.484375,"veh_clutter":0,"header":{"sequence_num":76920},"range":56.359375,"near_target":0.0,"amplitude":25.0,"azimuth":0.1433713436126709,"ele_confid":1,"azi_confid":2},{"elevation":0.020607993006706238,"super_res_target":0,"scan_index":1,"timestamp":1667974882.105702,"range_rate":-3.484375,"veh_clutter":0,"header":{"sequence_num":76920},"range":59.375,"near_target":0.0,"amplitude":18.0,"azimuth":0.1376204490661621,"ele_confid":0,"azi_confid":0},{"elevation":0.14151997864246368,"super_res_target":0,"scan_index":1,"timestamp":1667974882.105702,"range_rate":-3.5,"veh_clutter":0,"header":{"sequence_num":76920},"range":60.9375,"near_target":0.0,"amplitude":9.0,"azimuth":0.13378643989562988,"ele_confid":1,"azi_confid":3},{"elevation":0.023355990648269653,"super_res_target":0,"scan_index":1,"timestamp":1667974882.105702,"range_rate":-3.5,"veh_clutter":0,"header":{"sequence_num":76920},"range":62.203125,"near_target":0.0,"amplitude":22.0,"azimuth":0.1314859390258789,"ele_confid":1,"azi_confid":2},{"elevation":0.02610398828983307,"super_res_target":0,"scan_index":1,"timestamp":1667974882.105702,"range_rate":-3.515625,"veh_clutter":0,"header":{"sequence_num":76920},"range":63.59375,"near_target":0.0,"amplitude":26.0,"azimuth":-0.04871201515197754,"ele_confid":0,"azi_confid":0},{"elevation":0.023355990648269653,"super_res_target":0,"scan_index":1,"timestamp":1667974882.106075,"range_rate":-3.5,"veh_clutter":0,"header":{"sequence_num":76920},"range":65.125,"near_target":0.0,"amplitude":21.0,"azimuth":0.12496829032897949,"ele_confid":1,"azi_confid":2},{"elevation":0.028852000832557678,"super_res_target":1,"scan_index":1,"timestamp":1667974882.106075,"range_rate":-3.53125,"veh_clutter":0,"header":{"sequence_num":76920},"range":66.4375,"near_target":0.0,"amplitude":13.0,"azimuth":-0.0414273738861084,"ele_confid":0,"azi_confid":0},{"elevation":-0.08656400442123413,"super_res_target":1,"scan_index":1,"timestamp":1667974882.106075,"range_rate":-3.53125,"veh_clutter":0,"header":{"sequence_num":76920},"range":66.4375,"near_target":0.0,"amplitude":5.0,"azimuth":0.12151765823364258,"ele_confid":0,"azi_confid":1},{"elevation":0.02610398828983307,"super_res_target":0,"scan_index":1,"timestamp":1667974882.106075,"range_rate":-3.5,"veh_clutter":0,"header":{"sequence_num":76920},"range":68.125,"near_target":0.0,"amplitude":27.0,"azimuth":0.12036728858947754,"ele_confid":1,"azi_confid":2},{"elevation":0.03434799611568451,"super_res_target":0,"scan_index":1,"timestamp":1667974882.106075,"range_rate":-3.53125,"veh_clutter":0,"header":{"sequence_num":76920},"range":69.515625,"near_target":0.0,"amplitude":29.0,"azimuth":-0.04411125183105469,"ele_confid":1,"azi_confid":2},{"elevation":0.023355990648269653,"super_res_target":0,"scan_index":1,"timestamp":1667974882.106075,"range_rate":-3.515625,"veh_clutter":0,"header":{"sequence_num":76920},"range":72.390625,"near_target":0.0,"amplitude":30.0,"azimuth":-0.0414273738861084,"ele_confid":0,"azi_confid":1},{"elevation":0.017859995365142822,"super_res_target":0,"scan_index":1,"timestamp":1667974882.106443,"range_rate":-3.5,"veh_clutter":0,"header":{"sequence_num":76920},"range":73.875,"near_target":0.0,"amplitude":18.0,"azimuth":0.11231589317321777,"ele_confid":1,"azi_confid":2},{"elevation":0.03984399139881134,"super_res_target":0,"scan_index":1,"timestamp":1667974882.106443,"range_rate":-3.515625,"veh_clutter":0,"header":{"sequence_num":76920},"range":75.359375,"near_target":0.0,"amplitude":26.0,"azimuth":-0.03912711143493652,"ele_confid":0,"azi_confid":1},{"elevation":0.02610398828983307,"super_res_target":0,"scan_index":1,"timestamp":1667974882.106443,"range_rate":-3.5,"veh_clutter":0,"header":{"sequence_num":76920},"range":76.9375,"near_target":0.0,"amplitude":23.0,"azimuth":0.10733175277709961,"ele_confid":1,"azi_confid":2},{"elevation":0.02610398828983307,"super_res_target":0,"scan_index":1,"timestamp":1667974882.106443,"range_rate":-3.515625,"veh_clutter":0,"header":{"sequence_num":76920},"range":78.296875,"near_target":0.0,"amplitude":29.0,"azimuth":-0.037976741790771484,"ele_confid":0,"azi_confid":1},{"elevation":0.02610398828983307,"super_res_target":0,"scan_index":1,"timestamp":1667974882.106443,"range_rate":-3.5,"veh_clutter":0,"header":{"sequence_num":76920},"range":79.765625,"near_target":0.0,"amplitude":28.0,"azimuth":0.10464787483215332,"ele_confid":1,"azi_confid":2},{"elevation":0.028852000832557678,"super_res_target":0,"scan_index":1,"timestamp":1667974882.106443,"range_rate":-3.53125,"veh_clutter":0,"header":{"sequence_num":76920},"range":81.078125,"near_target":0.0,"amplitude":25.0,"azimuth":-0.03414273262023926,"ele_confid":0,"azi_confid":0},{"elevation":0.020607993006706238,"super_res_target":0,"scan_index":1,"timestamp":1667974882.106816,"range_rate":-3.5,"veh_clutter":0,"header":{"sequence_num":76920},"range":82.65625,"near_target":0.0,"amplitude":28.0,"azimuth":0.10119748115539551,"ele_confid":1,"azi_confid":2},{"elevation":0.037095993757247925,"super_res_target":0,"scan_index":1,"timestamp":1667974882.106816,"range_rate":-3.515625,"veh_clutter":0,"header":{"sequence_num":76920},"range":84.125,"near_target":0.0,"amplitude":21.0,"azimuth":-0.033759355545043945,"ele_confid":1,"azi_confid":2},{"elevation":0.023355990648269653,"super_res_target":0,"scan_index":1,"timestamp":1667974882.106816,"range_rate":-3.515625,"veh_clutter":0,"header":{"sequence_num":76920},"range":87.078125,"near_target":0.0,"amplitude":24.0,"azimuth":-0.03337597846984863,"ele_confid":0,"azi_confid":1},{"elevation":0.020607993006706238,"super_res_target":0,"scan_index":1,"timestamp":1667974882.106816,"range_rate":-3.5,"veh_clutter":0,"header":{"sequence_num":76920},"range":88.453125,"near_target":0.0,"amplitude":26.0,"azimuth":0.09429621696472168,"ele_confid":0,"azi_confid":0},{"elevation":0.037095993757247925,"super_res_target":0,"scan_index":1,"timestamp":1667974882.106816,"range_rate":-3.53125,"veh_clutter":0,"header":{"sequence_num":76920},"range":90.0,"near_target":0.0,"amplitude":21.0,"azimuth":-0.029541969299316406,"ele_confid":0,"azi_confid":1},{"elevation":0.042591989040374756,"super_res_target":0,"scan_index":1,"timestamp":1667974882.106816,"range_rate":-3.515625,"veh_clutter":0,"header":{"sequence_num":76920},"range":91.4375,"near_target":0.0,"amplitude":22.0,"azimuth":0.09007883071899414,"ele_confid":1,"azi_confid":2},{"elevation":0.028852000832557678,"super_res_target":0,"scan_index":1,"timestamp":1667974882.107184,"range_rate":-3.515625,"veh_clutter":0,"header":{"sequence_num":76920},"range":92.921875,"near_target":0.0,"amplitude":27.0,"azimuth":-0.027625083923339844,"ele_confid":0,"azi_confid":0},{"elevation":0.023355990648269653,"super_res_target":0,"scan_index":1,"timestamp":1667974882.107184,"range_rate":-3.5,"veh_clutter":0,"header":{"sequence_num":76920},"range":94.390625,"near_target":0.0,"amplitude":30.0,"azimuth":0.09352946281433105,"ele_confid":1,"azi_confid":2},{"elevation":0.02610398828983307,"super_res_target":0,"scan_index":1,"timestamp":1667974882.107184,"range_rate":-3.515625,"veh_clutter":0,"header":{"sequence_num":76920},"range":97.265625,"near_target":0.0,"amplitude":22.0,"azimuth":0.08854508399963379,"ele_confid":1,"azi_confid":2},{"elevation":0.023355990648269653,"super_res_target":0,"scan_index":1,"timestamp":1667974882.107184,"range_rate":-3.53125,"veh_clutter":0,"header":{"sequence_num":76920},"range":98.65625,"near_target":0.0,"amplitude":15.0,"azimuth":-0.024941205978393555,"ele_confid":1,"azi_confid":2},{"elevation":-0.006871998310089111,"super_res_target":0,"scan_index":1,"timestamp":1667974882.107184,"range_rate":-3.5,"veh_clutter":0,"header":{"sequence_num":76920},"range":100.171875,"near_target":0.0,"amplitude":15.0,"azimuth":0.07512617111206055,"ele_confid":1,"azi_confid":2},{"elevation":0.02610398828983307,"super_res_target":0,"scan_index":1,"timestamp":1667974882.107184,"range_rate":-3.515625,"veh_clutter":0,"header":{"sequence_num":76920},"range":101.5625,"near_target":0.0,"amplitude":8.0,"azimuth":-0.022640705108642578,"ele_confid":1,"azi_confid":2},{"elevation":-0.004124000668525696,"super_res_target":1,"scan_index":1,"timestamp":1667974882.107555,"range_rate":-3.5,"veh_clutter":0,"header":{"sequence_num":76920},"range":102.8125,"near_target":0.0,"amplitude":12.0,"azimuth":0.08011031150817871,"ele_confid":1,"azi_confid":2},{"elevation":-0.0013760030269622803,"super_res_target":1,"scan_index":1,"timestamp":1667974882.107555,"range_rate":-3.515625,"veh_clutter":0,"header":{"sequence_num":76920},"range":104.671875,"near_target":0.0,"amplitude":21.0,"azimuth":-0.022640705108642578,"ele_confid":1,"azi_confid":1},{"elevation":-0.0013760030269622803,"super_res_target":1,"scan_index":1,"timestamp":1667974882.107555,"range_rate":-3.515625,"veh_clutter":0,"header":{"sequence_num":76920},"range":104.671875,"near_target":0.0,"amplitude":9.0,"azimuth":0.06439089775085449,"ele_confid":1,"azi_confid":2},{"elevation":0.020607993006706238,"super_res_target":1,"scan_index":1,"timestamp":1667974882.107555,"range_rate":-3.5,"veh_clutter":0,"header":{"sequence_num":76920},"range":105.890625,"near_target":0.0,"amplitude":18.0,"azimuth":0.08087706565856934,"ele_confid":1,"azi_confid":1},{"elevation":0.020607993006706238,"super_res_target":1,"scan_index":1,"timestamp":1667974882.107555,"range_rate":-3.5,"veh_clutter":0,"header":{"sequence_num":76920},"range":105.890625,"near_target":0.0,"amplitude":7.0,"azimuth":0.13915395736694336,"ele_confid":1,"azi_confid":2},{"elevation":0.02610398828983307,"super_res_target":0,"scan_index":1,"timestamp":1667974882.107555,"range_rate":-3.515625,"veh_clutter":0,"header":{"sequence_num":76920},"range":107.5625,"near_target":0.0,"amplitude":27.0,"azimuth":-0.023024320602416992,"ele_confid":0,"azi_confid":1},{"elevation":0.017859995365142822,"super_res_target":0,"scan_index":1,"timestamp":1667974882.107925,"range_rate":-3.515625,"veh_clutter":0,"header":{"sequence_num":76920},"range":108.984375,"near_target":0.0,"amplitude":33.0,"azimuth":0.07896018028259277,"ele_confid":1,"azi_confid":2},{"elevation":0.015111997723579407,"super_res_target":0,"scan_index":1,"timestamp":1667974882.107925,"range_rate":-3.53125,"veh_clutter":0,"header":{"sequence_num":76920},"range":110.53125,"near_target":0.0,"amplitude":20.0,"azimuth":-0.020340442657470703,"ele_confid":1,"azi_confid":2},{"elevation":0.020607993006706238,"super_res_target":0,"scan_index":1,"timestamp":1667974882.107925,"range_rate":-3.515625,"veh_clutter":0,"header":{"sequence_num":76920},"range":111.953125,"near_target":0.0,"amplitude":32.0,"azimuth":0.0797269344329834,"ele_confid":0,"azi_confid":0},{"elevation":0.015111997723579407,"super_res_target":0,"scan_index":1,"timestamp":1667974882.107925,"range_rate":-3.515625,"veh_clutter":0,"header":{"sequence_num":76920},"range":113.46875,"near_target":0.0,"amplitude":23.0,"azimuth":-0.022640705108642578,"ele_confid":0,"azi_confid":0},{"elevation":0.04533998668193817,"super_res_target":1,"scan_index":1,"timestamp":1667974882.107925,"range_rate":-3.515625,"veh_clutter":0,"header":{"sequence_num":76920},"range":115.0,"near_target":0.0,"amplitude":22.0,"azimuth":0.0797269344329834,"ele_confid":1,"azi_confid":3},{"elevation":0.023355990648269653,"super_res_target":0,"scan_index":1,"timestamp":1667974882.107925,"range_rate":-3.515625,"veh_clutter":0,"header":{"sequence_num":76920},"range":116.359375,"near_target":0.0,"amplitude":25.0,"azimuth":-0.023791074752807617,"ele_confid":0,"azi_confid":0},{"elevation":0.006867989897727966,"super_res_target":0,"scan_index":1,"timestamp":1667974882.108412,"range_rate":-3.515625,"veh_clutter":0,"header":{"sequence_num":76920},"range":117.796875,"near_target":0.0,"amplitude":18.0,"azimuth":0.06707477569580078,"ele_confid":1,"azi_confid":2},{"elevation":0.020607993006706238,"super_res_target":0,"scan_index":1,"timestamp":1667974882.108412,"range_rate":-3.53125,"veh_clutter":0,"header":{"sequence_num":76920},"range":119.28125,"near_target":0.0,"amplitude":18.0,"azimuth":-0.01995706558227539,"ele_confid":0,"azi_confid":1},{"elevation":0.08381198346614838,"super_res_target":0,"scan_index":1,"timestamp":1667974882.108412,"range_rate":-3.53125,"veh_clutter":0,"header":{"sequence_num":76920},"range":120.796875,"near_target":0.0,"amplitude":15.0,"azimuth":0.09122896194458008,"ele_confid":1,"azi_confid":3},{"elevation":0.03984399139881134,"super_res_target":0,"scan_index":1,"timestamp":1667974882.108412,"range_rate":-3.53125,"veh_clutter":0,"header":{"sequence_num":76920},"range":122.078125,"near_target":0.0,"amplitude":14.0,"azimuth":-0.02149057388305664,"ele_confid":1,"azi_confid":2},{"elevation":0.02610398828983307,"super_res_target":0,"scan_index":1,"timestamp":1667974882.108412,"range_rate":-3.515625,"veh_clutter":0,"header":{"sequence_num":76920},"range":123.625,"near_target":0.0,"amplitude":27.0,"azimuth":0.07167553901672363,"ele_confid":0,"azi_confid":0},{"elevation":0.023355990648269653,"super_res_target":0,"scan_index":1,"timestamp":1667974882.108412,"range_rate":-3.515625,"veh_clutter":0,"header":{"sequence_num":76920},"range":126.5625,"near_target":0.0,"amplitude":25.0,"azimuth":0.06822490692138672,"ele_confid":0,"azi_confid":0},{"elevation":0.006867989897727966,"super_res_target":0,"scan_index":1,"timestamp":1667974882.108896,"range_rate":-3.515625,"veh_clutter":0,"header":{"sequence_num":76920},"range":129.515625,"near_target":0.0,"amplitude":26.0,"azimuth":0.06592464447021484,"ele_confid":1,"azi_confid":2},{"elevation":0.020607993006706238,"super_res_target":0,"scan_index":1,"timestamp":1667974882.108896,"range_rate":-3.515625,"veh_clutter":0,"header":{"sequence_num":76920},"range":132.40625,"near_target":0.0,"amplitude":21.0,"azimuth":0.06209063529968262,"ele_confid":1,"azi_confid":2},{"elevation":0.023355990648269653,"super_res_target":0,"scan_index":1,"timestamp":1667974882.108896,"range_rate":-3.515625,"veh_clutter":0,"header":{"sequence_num":76920},"range":135.34375,"near_target":0.0,"amplitude":26.0,"azimuth":0.06439089775085449,"ele_confid":1,"azi_confid":2},{"elevation":0.037095993757247925,"super_res_target":0,"scan_index":1,"timestamp":1667974882.108896,"range_rate":-3.515625,"veh_clutter":0,"header":{"sequence_num":76920},"range":138.328125,"near_target":0.0,"amplitude":25.0,"azimuth":0.06669139862060547,"ele_confid":0,"azi_confid":1},{"elevation":0.017859995365142822,"super_res_target":0,"scan_index":1,"timestamp":1667974882.108896,"range_rate":-3.484375,"veh_clutter":0,"header":{"sequence_num":76920},"range":140.234375,"near_target":0.0,"amplitude":16.0,"azimuth":0.16024088859558105,"ele_confid":1,"azi_confid":2},{"elevation":0.004119992256164551,"super_res_target":0,"scan_index":1,"timestamp":1667974882.108896,"range_rate":-3.515625,"veh_clutter":0,"header":{"sequence_num":76920},"range":141.234375,"near_target":0.0,"amplitude":24.0,"azimuth":0.06324076652526855,"ele_confid":1,"azi_confid":2},{"elevation":0.012364000082015991,"super_res_target":0,"scan_index":1,"timestamp":1667974882.115345,"range_rate":-3.515625,"veh_clutter":0,"header":{"sequence_num":76920},"range":144.140625,"near_target":0.0,"amplitude":33.0,"azimuth":0.06094026565551758,"ele_confid":1,"azi_confid":2},{"elevation":0.03434799611568451,"super_res_target":0,"scan_index":1,"timestamp":1667974882.115345,"range_rate":-3.515625,"veh_clutter":0,"header":{"sequence_num":76920},"range":147.15625,"near_target":0.0,"amplitude":22.0,"azimuth":0.060556888580322266,"ele_confid":0,"azi_confid":1},{"elevation":0.012364000082015991,"super_res_target":0,"scan_index":1,"timestamp":1667974882.115345,"range_rate":-3.515625,"veh_clutter":0,"header":{"sequence_num":76920},"range":150.0,"near_target":0.0,"amplitude":27.0,"azimuth":0.05979013442993164,"ele_confid":0,"azi_confid":1},{"elevation":0.023355990648269653,"super_res_target":0,"scan_index":1,"timestamp":1667974882.115345,"range_rate":-3.515625,"veh_clutter":0,"header":{"sequence_num":76920},"range":152.9375,"near_target":0.0,"amplitude":37.0,"azimuth":0.059023380279541016,"ele_confid":1,"azi_confid":2},{"elevation":0.0013719946146011353,"super_res_target":0,"scan_index":1,"timestamp":1667974882.115345,"range_rate":-3.515625,"veh_clutter":0,"header":{"sequence_num":76920},"range":155.078125,"near_target":0.0,"amplitude":24.0,"azimuth":-0.01995706558227539,"ele_confid":0,"azi_confid":1},{"elevation":0.017859995365142822,"super_res_target":0,"scan_index":1,"timestamp":1667974882.115345,"range_rate":-3.515625,"veh_clutter":0,"header":{"sequence_num":76920},"range":158.75,"near_target":0.0,"amplitude":26.0,"azimuth":0.057489871978759766,"ele_confid":1,"azi_confid":2},{"elevation":0.042591989040374756,"super_res_target":1,"scan_index":1,"timestamp":1667974882.115716,"range_rate":-3.515625,"veh_clutter":0,"header":{"sequence_num":76920},"range":161.890625,"near_target":0.0,"amplitude":14.0,"azimuth":0.05979013442993164,"ele_confid":1,"azi_confid":2},{"elevation":0.023355990648269653,"super_res_target":0,"scan_index":1,"timestamp":1667974882.115716,"range_rate":-3.515625,"veh_clutter":0,"header":{"sequence_num":76920},"range":164.6875,"near_target":0.0,"amplitude":23.0,"azimuth":0.0555727481842041,"ele_confid":1,"azi_confid":2},{"elevation":0.015111997723579407,"super_res_target":0,"scan_index":1,"timestamp":1667974882.115716,"range_rate":-3.515625,"veh_clutter":0,"header":{"sequence_num":76920},"range":167.5625,"near_target":0.0,"amplitude":25.0,"azimuth":0.054422616958618164,"ele_confid":1,"azi_confid":2},{"elevation":0.017859995365142822,"super_res_target":0,"scan_index":1,"timestamp":1667974882.115716,"range_rate":-3.515625,"veh_clutter":0,"header":{"sequence_num":76920},"range":170.53125,"near_target":0.0,"amplitude":30.0,"azimuth":0.05327248573303223,"ele_confid":1,"azi_confid":2},{"elevation":0.004119992256164551,"super_res_target":0,"scan_index":1,"timestamp":1667974882.115716,"range_rate":-3.515625,"veh_clutter":0,"header":{"sequence_num":76920},"range":173.546875,"near_target":0.0,"amplitude":16.0,"azimuth":0.0555727481842041,"ele_confid":1,"azi_confid":2},{"elevation":0.02610398828983307,"super_res_target":0,"scan_index":1,"timestamp":1667974882.115716,"range_rate":-3.515625,"veh_clutter":0,"header":{"sequence_num":76920},"range":176.5,"near_target":0.0,"amplitude":18.0,"azimuth":0.0525054931640625,"ele_confid":1,"azi_confid":2},{"elevation":0.004119992256164551,"super_res_target":0,"scan_index":1,"timestamp":1667974882.116089,"range_rate":-3.421875,"veh_clutter":0,"header":{"sequence_num":76920},"range":178.140625,"near_target":0.0,"amplitude":24.0,"azimuth":0.23232007026672363,"ele_confid":1,"azi_confid":2},{"elevation":0.023355990648269653,"super_res_target":0,"scan_index":1,"timestamp":1667974882.116089,"range_rate":-3.515625,"veh_clutter":0,"header":{"sequence_num":76920},"range":179.328125,"near_target":0.0,"amplitude":22.0,"azimuth":0.0463712215423584,"ele_confid":0,"azi_confid":1},{"elevation":-0.0233599990606308,"super_res_target":0,"scan_index":1,"timestamp":1667974882.116089,"range_rate":-3.40625,"veh_clutter":0,"header":{"sequence_num":76920},"range":180.75,"near_target":0.0,"amplitude":15.0,"azimuth":0.2407550811767578,"ele_confid":1,"azi_confid":3},{"elevation":0.023355990648269653,"super_res_target":0,"scan_index":1,"timestamp":1667974882.116089,"range_rate":-3.515625,"veh_clutter":0,"header":{"sequence_num":76920},"range":182.265625,"near_target":0.0,"amplitude":29.0,"azimuth":0.05097198486328125,"ele_confid":0,"azi_confid":0},{"elevation":0.017859995365142822,"super_res_target":1,"scan_index":1,"timestamp":1667974882.116089,"range_rate":-3.515625,"veh_clutter":0,"header":{"sequence_num":76920},"range":185.140625,"near_target":0.0,"amplitude":26.0,"azimuth":0.04867148399353027,"ele_confid":0,"azi_confid":0},{"elevation":0.0013719946146011353,"super_res_target":1,"scan_index":1,"timestamp":1667974882.116089,"range_rate":-3.515625,"veh_clutter":0,"header":{"sequence_num":76920},"range":185.140625,"near_target":0.0,"amplitude":22.0,"azimuth":-0.011905670166015625,"ele_confid":0,"azi_confid":1},{"elevation":0.012364000082015991,"super_res_target":0,"scan_index":1,"timestamp":1667974882.116577,"range_rate":-3.515625,"veh_clutter":0,"header":{"sequence_num":76920},"range":188.109375,"near_target":0.0,"amplitude":21.0,"azimuth":0.04713797569274902,"ele_confid":0,"azi_confid":1},{"elevation":0.020607993006706238,"super_res_target":0,"scan_index":1,"timestamp":1667974882.116577,"range_rate":-3.515625,"veh_clutter":0,"header":{"sequence_num":76920},"range":191.078125,"near_target":0.0,"amplitude":28.0,"azimuth":0.04867148399353027,"ele_confid":1,"azi_confid":2},{"elevation":0.02610398828983307,"super_res_target":1,"scan_index":1,"timestamp":1667974882.116577,"range_rate":-3.421875,"veh_clutter":0,"header":{"sequence_num":76920},"range":192.03125,"near_target":0.0,"amplitude":16.0,"azimuth":0.22273516654968262,"ele_confid":1,"azi_confid":2},{"elevation":0.02610398828983307,"super_res_target":1,"scan_index":1,"timestamp":1667974882.116577,"range_rate":-3.421875,"veh_clutter":0,"header":{"sequence_num":76920},"range":192.03125,"near_target":0.0,"amplitude":7.0,"azimuth":0.11768364906311035,"ele_confid":1,"azi_confid":3},{"elevation":0.05633199214935303,"super_res_target":1,"scan_index":1,"timestamp":1667974882.116577,"range_rate":-3.484375,"veh_clutter":0,"header":{"sequence_num":76920},"range":194.046875,"near_target":0.0,"amplitude":14.0,"azimuth":0.1951303482055664,"ele_confid":1,"azi_confid":1},{"elevation":0.05633199214935303,"super_res_target":1,"scan_index":1,"timestamp":1667974882.116577,"range_rate":-3.484375,"veh_clutter":0,"header":{"sequence_num":76920},"range":194.046875,"near_target":0.0,"amplitude":13.0,"azimuth":0.03985333442687988,"ele_confid":1,"azi_confid":1},{"elevation":0.006867989897727966,"super_res_target":0,"scan_index":1,"timestamp":1667974882.117065,"range_rate":-3.515625,"veh_clutter":0,"header":{"sequence_num":76920},"range":196.984375,"near_target":0.0,"amplitude":20.0,"azimuth":0.04675459861755371,"ele_confid":0,"azi_confid":1},{"elevation":0.06182798743247986,"super_res_target":0,"scan_index":1,"timestamp":1667974882.117065,"range_rate":-3.515625,"veh_clutter":0,"header":{"sequence_num":76920},"range":199.90625,"near_target":0.0,"amplitude":15.0,"azimuth":0.0433039665222168,"ele_confid":1,"azi_confid":2},{"elevation":0.03434799611568451,"super_res_target":1,"scan_index":1,"timestamp":1667974882.117065,"range_rate":-3.515625,"veh_clutter":0,"header":{"sequence_num":76920},"range":203.109375,"near_target":0.0,"amplitude":25.0,"azimuth":-0.012289047241210938,"ele_confid":0,"azi_confid":0},{"elevation":-0.048092007637023926,"super_res_target":1,"scan_index":1,"timestamp":1667974882.117065,"range_rate":-3.515625,"veh_clutter":0,"header":{"sequence_num":76920},"range":203.109375,"near_target":0.0,"amplitude":15.0,"azimuth":0.07934355735778809,"ele_confid":0,"azi_confid":2},{"elevation":0.015111997723579407,"super_res_target":1,"scan_index":1,"timestamp":1667974882.117065,"range_rate":-3.515625,"veh_clutter":0,"header":{"sequence_num":76920},"range":205.640625,"near_target":0.0,"amplitude":20.0,"azimuth":0.044454097747802734,"ele_confid":1,"azi_confid":1},{"elevation":0.015111997723579407,"super_res_target":1,"scan_index":1,"timestamp":1667974882.117065,"range_rate":-3.515625,"veh_clutter":0,"header":{"sequence_num":76920},"range":205.640625,"near_target":0.0,"amplitude":17.0,"azimuth":0.009181499481201172,"ele_confid":1,"azi_confid":3},{"elevation":-0.020612001419067383,"super_res_target":1,"scan_index":1,"timestamp":1667974882.117436,"range_rate":-3.5,"veh_clutter":0,"header":{"sequence_num":76920},"range":207.78125,"near_target":0.0,"amplitude":12.0,"azimuth":-0.0038542747497558594,"ele_confid":1,"azi_confid":1},{"elevation":-0.020612001419067383,"super_res_target":1,"scan_index":1,"timestamp":1667974882.117436,"range_rate":-3.5,"veh_clutter":0,"header":{"sequence_num":76920},"range":207.78125,"near_target":0.0,"amplitude":8.0,"azimuth":0.23922133445739746,"ele_confid":1,"azi_confid":1},{"elevation":0.006867989897727966,"super_res_target":0,"scan_index":1,"timestamp":1667974882.117436,"range_rate":-3.515625,"veh_clutter":0,"header":{"sequence_num":76920},"range":211.65625,"near_target":0.0,"amplitude":21.0,"azimuth":0.03985333442687988,"ele_confid":1,"azi_confid":3},{"elevation":0.03984399139881134,"super_res_target":1,"scan_index":1,"timestamp":1667974882.117436,"range_rate":-3.515625,"veh_clutter":0,"header":{"sequence_num":76920},"range":214.5625,"near_target":0.0,"amplitude":15.0,"azimuth":0.04790472984313965,"ele_confid":1,"azi_confid":0},{"elevation":0.03984399139881134,"super_res_target":1,"scan_index":1,"timestamp":1667974882.117436,"range_rate":-3.515625,"veh_clutter":0,"header":{"sequence_num":76920},"range":214.5625,"near_target":0.0,"amplitude":9.0,"azimuth":0.14873909950256348,"ele_confid":1,"azi_confid":0},{"elevation":0.0893080085515976,"super_res_target":1,"scan_index":1,"timestamp":1667974882.117436,"range_rate":-3.515625,"veh_clutter":0,"header":{"sequence_num":76920},"range":216.1875,"near_target":0.0,"amplitude":16.0,"azimuth":0.12918567657470703,"ele_confid":1,"azi_confid":1},{"elevation":0.0893080085515976,"super_res_target":1,"scan_index":1,"timestamp":1667974882.117822,"range_rate":-3.515625,"veh_clutter":0,"header":{"sequence_num":76920},"range":216.1875,"near_target":0.0,"amplitude":16.0,"azimuth":0.07205891609191895,"ele_confid":1,"azi_confid":1}],"type":7}
