{"measurement_time":1667974882.302451,"header":{"timestamp_sec":1667974882.3062227,"sequence_num":76916},"range_coverage":100.578125,"aptiv_point":[{"elevation":0.0013721105642616749,"super_res_target":0,"scan_index":2,"timestamp":1667974882.302451,"range_rate":2.1875,"veh_clutter":0,"header":{"sequence_num":76916},"range":2.3125,"near_target":0.0,"amplitude":-8.0,"azimuth":1.2145580053329468,"ele_confid":0,"azi_confid":1},{"elevation":0.0013721105642616749,"super_res_target":0,"scan_index":2,"timestamp":1667974882.302451,"range_rate":1.71875,"veh_clutter":0,"header":{"sequence_num":76916},"range":2.46875,"near_target":0.0,"amplitude":-8.0,"azimuth":1.0780689716339111,"ele_confid":0,"azi_confid":0},{"elevation":0.0013721105642616749,"super_res_target":0,"scan_index":2,"timestamp":1667974882.302451,"range_rate":-2.71875,"veh_clutter":0,"header":{"sequence_num":76916},"range":3.59375,"near_target":0.0,"amplitude":-13.0,"azimuth":-0.3286127746105194,"ele_confid":0,"azi_confid":1},{"elevation":0.0013721105642616749,"super_res_target":0,"scan_index":2,"timestamp":1667974882.302451,"range_rate":-2.96875,"veh_clutter":0,"header":{"sequence_num":76916},"range":3.5,"near_target":0.0,"amplitude":-5.0,"azimuth":-0.4474656581878662,"ele_confid":0,"azi_confid":0},{"elevation":0.0013721105642616749,"super_res_target":0,"scan_index":2,"timestamp":1667974882.302451,"range_rate":-3.171875,"veh_clutter":0,"header":{"sequence_num":76916},"range":3.203125,"near_target":0.0,"amplitude":-6.0,"azimuth":-0.5659353137016296,"ele_confid":0,"azi_confid":0},{"elevation":0.0013721105642616749,"super_res_target":0,"scan_index":2,"timestamp":1667974882.302451,"range_rate":-2.515625,"veh_clutter":0,"header":{"sequence_num":76916},"range":3.875,"near_target":0.0,"amplitude":-12.0,"azimuth":-0.2239454835653305,"ele_confid":0,"azi_confid":1},{"elevation":0.0013721105642616749,"super_res_target":0,"scan_index":2,"timestamp":1667974882.302825,"range_rate":-0.515625,"veh_clutter":0,"header":{"sequence_num":76916},"range":4.78125,"near_target":0.0,"amplitude":-18.0,"azimuth":1.1240763664245605,"ele_confid":0,"azi_confid":3},{"elevation":0.0013721105642616749,"super_res_target":0,"scan_index":2,"timestamp":1667974882.302825,"range_rate":-1.546875,"veh_clutter":0,"header":{"sequence_num":76916},"range":5.078125,"near_target":0.0,"amplitude":-10.0,"azimuth":0.09005612134933472,"ele_confid":0,"azi_confid":1},{"elevation":0.0013721105642616749,"super_res_target":0,"scan_index":2,"timestamp":1667974882.302825,"range_rate":-2.03125,"veh_clutter":0,"header":{"sequence_num":76916},"range":5.296875,"near_target":0.0,"amplitude":-10.0,"azimuth":-0.06330253928899765,"ele_confid":0,"azi_confid":1},{"elevation":0.0013721105642616749,"super_res_target":0,"scan_index":2,"timestamp":1667974882.302825,"range_rate":1.375,"veh_clutter":0,"header":{"sequence_num":76916},"range":7.609375,"near_target":0.0,"amplitude":10.0,"azimuth":0.9174256920814514,"ele_confid":0,"azi_confid":1},{"elevation":0.0013721105642616749,"super_res_target":0,"scan_index":2,"timestamp":1667974882.302825,"range_rate":0.90625,"veh_clutter":0,"header":{"sequence_num":76916},"range":7.421875,"near_target":0.0,"amplitude":-3.0,"azimuth":0.8767855763435364,"ele_confid":0,"azi_confid":3},{"elevation":0.0013721105642616749,"super_res_target":0,"scan_index":2,"timestamp":1667974882.302825,"range_rate":0.578125,"veh_clutter":0,"header":{"sequence_num":76916},"range":7.296875,"near_target":0.0,"amplitude":-2.0,"azimuth":0.6912218928337097,"ele_confid":0,"azi_confid":1},{"elevation":0.0013721105642616749,"super_res_target":0,"scan_index":2,"timestamp":1667974882.303199,"range_rate":-0.734375,"veh_clutter":0,"header":{"sequence_num":76916},"range":9.015625,"near_target":0.0,"amplitude":-9.0,"azimuth":-0.2695696949958801,"ele_confid":0,"azi_confid":3},{"elevation":0.0013721105642616749,"super_res_target":0,"scan_index":2,"timestamp":1667974882.303199,"range_rate":-3.125,"veh_clutter":0,"header":{"sequence_num":76916},"range":10.3125,"near_target":0.0,"amplitude":-20.0,"azimuth":-0.5103425979614258,"ele_confid":0,"azi_confid":2},{"elevation":0.0013721105642616749,"super_res_target":0,"scan_index":2,"timestamp":1667974882.303199,"range_rate":-2.71875,"veh_clutter":0,"header":{"sequence_num":76916},"range":10.953125,"near_target":0.0,"amplitude":-13.0,"azimuth":-0.3393479883670807,"ele_confid":0,"azi_confid":3},{"elevation":0.0013721105642616749,"super_res_target":0,"scan_index":2,"timestamp":1667974882.303199,"range_rate":0.65625,"veh_clutter":0,"header":{"sequence_num":76916},"range":11.203125,"near_target":0.0,"amplitude":-11.0,"azimuth":0.7077078819274902,"ele_confid":0,"azi_confid":1},{"elevation":0.0013721105642616749,"super_res_target":0,"scan_index":2,"timestamp":1667974882.303199,"range_rate":1.125,"veh_clutter":0,"header":{"sequence_num":76916},"range":11.625,"near_target":0.0,"amplitude":-10.0,"azimuth":0.8932716250419617,"ele_confid":0,"azi_confid":3},{"elevation":0.0013721105642616749,"super_res_target":0,"scan_index":2,"timestamp":1667974882.303199,"range_rate":0.421875,"veh_clutter":0,"header":{"sequence_num":76916},"range":12.125,"near_target":0.0,"amplitude":-11.0,"azimuth":0.6659175753593445,"ele_confid":0,"azi_confid":1},{"elevation":0.0013721105642616749,"super_res_target":0,"scan_index":2,"timestamp":1667974882.303573,"range_rate":-2.84375,"veh_clutter":0,"header":{"sequence_num":76916},"range":13.03125,"near_target":0.0,"amplitude":-4.0,"azimuth":-0.38918930292129517,"ele_confid":0,"azi_confid":1},{"elevation":0.0013721105642616749,"super_res_target":0,"scan_index":2,"timestamp":1667974882.303573,"range_rate":1.28125,"veh_clutter":0,"header":{"sequence_num":76916},"range":13.28125,"near_target":0.0,"amplitude":-16.0,"azimuth":0.8997894525527954,"ele_confid":0,"azi_confid":3},{"elevation":0.0013721105642616749,"super_res_target":0,"scan_index":2,"timestamp":1667974882.303573,"range_rate":0.53125,"veh_clutter":0,"header":{"sequence_num":76916},"range":14.328125,"near_target":0.0,"amplitude":-9.0,"azimuth":0.641380250453949,"ele_confid":0,"azi_confid":2},{"elevation":0.0013721105642616749,"super_res_target":0,"scan_index":2,"timestamp":1667974882.303573,"range_rate":-2.921875,"veh_clutter":0,"header":{"sequence_num":76916},"range":15.84375,"near_target":0.0,"amplitude":-7.0,"azimuth":-0.4263787567615509,"ele_confid":0,"azi_confid":3},{"elevation":0.0013721105642616749,"super_res_target":0,"scan_index":2,"timestamp":1667974882.303573,"range_rate":-2.453125,"veh_clutter":0,"header":{"sequence_num":76916},"range":17.328125,"near_target":0.0,"amplitude":-2.0,"azimuth":0.3254617154598236,"ele_confid":0,"azi_confid":3},{"elevation":0.0013721105642616749,"super_res_target":0,"scan_index":2,"timestamp":1667974882.303573,"range_rate":-2.6875,"veh_clutter":0,"header":{"sequence_num":76916},"range":17.21875,"near_target":0.0,"amplitude":-2.0,"azimuth":0.2993907034397125,"ele_confid":0,"azi_confid":1},{"elevation":0.0013721105642616749,"super_res_target":0,"scan_index":2,"timestamp":1667974882.303946,"range_rate":-3.0625,"veh_clutter":0,"header":{"sequence_num":76916},"range":17.078125,"near_target":0.0,"amplitude":-2.0,"azimuth":0.24379801750183105,"ele_confid":0,"azi_confid":1},{"elevation":0.0013721105642616749,"super_res_target":0,"scan_index":2,"timestamp":1667974882.303946,"range_rate":-3.625,"veh_clutter":0,"header":{"sequence_num":76916},"range":17.375,"near_target":0.0,"amplitude":-8.0,"azimuth":0.21926072239875793,"ele_confid":0,"azi_confid":1},{"elevation":0.0013721105642616749,"super_res_target":0,"scan_index":2,"timestamp":1667974882.303946,"range_rate":-0.609375,"veh_clutter":0,"header":{"sequence_num":76916},"range":21.75,"near_target":0.0,"amplitude":0.0,"azimuth":-0.46126803755760193,"ele_confid":0,"azi_confid":3},{"elevation":0.0013721105642616749,"super_res_target":0,"scan_index":2,"timestamp":1667974882.303946,"range_rate":0.828125,"veh_clutter":0,"header":{"sequence_num":76916},"range":21.375,"near_target":0.0,"amplitude":6.0,"azimuth":-0.1710367202758789,"ele_confid":0,"azi_confid":3},{"elevation":0.0013721105642616749,"super_res_target":0,"scan_index":2,"timestamp":1667974882.303946,"range_rate":0.25,"veh_clutter":0,"header":{"sequence_num":76916},"range":21.3125,"near_target":0.0,"amplitude":23.0,"azimuth":0.6141590476036072,"ele_confid":0,"azi_confid":1},{"elevation":0.0013721105642616749,"super_res_target":0,"scan_index":2,"timestamp":1667974882.303946,"range_rate":-0.65625,"veh_clutter":0,"header":{"sequence_num":76916},"range":22.3125,"near_target":0.0,"amplitude":0.0,"azimuth":0.4136427044868469,"ele_confid":0,"azi_confid":3},{"elevation":0.0013721105642616749,"super_res_target":0,"scan_index":2,"timestamp":1667974882.30432,"range_rate":-5.703125,"veh_clutter":0,"header":{"sequence_num":76916},"range":23.359375,"near_target":0.0,"amplitude":15.0,"azimuth":-1.2491477727890015,"ele_confid":0,"azi_confid":3},{"elevation":0.0013721105642616749,"super_res_target":0,"scan_index":2,"timestamp":1667974882.30432,"range_rate":0.671875,"veh_clutter":0,"header":{"sequence_num":76916},"range":22.921875,"near_target":0.0,"amplitude":-3.0,"azimuth":0.7736520171165466,"ele_confid":0,"azi_confid":3},{"elevation":0.0013721105642616749,"super_res_target":0,"scan_index":2,"timestamp":1667974882.30432,"range_rate":-4.9375,"veh_clutter":0,"header":{"sequence_num":76916},"range":23.984375,"near_target":0.0,"amplitude":-3.0,"azimuth":-0.6288122534751892,"ele_confid":0,"azi_confid":3},{"elevation":0.0013721105642616749,"super_res_target":0,"scan_index":2,"timestamp":1667974882.30432,"range_rate":-6.921875,"veh_clutter":0,"header":{"sequence_num":76916},"range":24.296875,"near_target":0.0,"amplitude":-3.0,"azimuth":-1.1176426410675049,"ele_confid":0,"azi_confid":3},{"elevation":0.0013721105642616749,"super_res_target":0,"scan_index":2,"timestamp":1667974882.30432,"range_rate":0.9375,"veh_clutter":0,"header":{"sequence_num":76916},"range":24.1875,"near_target":0.0,"amplitude":1.0,"azimuth":0.8303946852684021,"ele_confid":0,"azi_confid":3},{"elevation":0.0013721105642616749,"super_res_target":0,"scan_index":2,"timestamp":1667974882.30432,"range_rate":-6.46875,"veh_clutter":0,"header":{"sequence_num":76916},"range":25.078125,"near_target":0.0,"amplitude":15.0,"azimuth":-1.1559823751449585,"ele_confid":0,"azi_confid":1},{"elevation":0.0013721105642616749,"super_res_target":0,"scan_index":2,"timestamp":1667974882.304692,"range_rate":0.5,"veh_clutter":0,"header":{"sequence_num":76916},"range":25.09375,"near_target":0.0,"amplitude":0.0,"azimuth":-0.4662521183490753,"ele_confid":0,"azi_confid":3},{"elevation":0.0013721105642616749,"super_res_target":0,"scan_index":2,"timestamp":1667974882.304692,"range_rate":-6.53125,"veh_clutter":0,"header":{"sequence_num":76916},"range":25.515625,"near_target":0.0,"amplitude":14.0,"azimuth":-1.1314449310302734,"ele_confid":0,"azi_confid":0},{"elevation":0.0013721105642616749,"super_res_target":0,"scan_index":2,"timestamp":1667974882.304692,"range_rate":0.765625,"veh_clutter":0,"header":{"sequence_num":76916},"range":25.6875,"near_target":0.0,"amplitude":2.0,"azimuth":0.7180595993995667,"ele_confid":0,"azi_confid":3},{"elevation":0.0013721105642616749,"super_res_target":0,"scan_index":2,"timestamp":1667974882.304692,"range_rate":-0.6875,"veh_clutter":0,"header":{"sequence_num":76916},"range":26.484375,"near_target":0.0,"amplitude":-1.0,"azimuth":0.35191595554351807,"ele_confid":0,"azi_confid":1},{"elevation":0.0013721105642616749,"super_res_target":0,"scan_index":2,"timestamp":1667974882.304692,"range_rate":1.015625,"veh_clutter":0,"header":{"sequence_num":76916},"range":26.59375,"near_target":0.0,"amplitude":-6.0,"azimuth":0.8472641706466675,"ele_confid":0,"azi_confid":3},{"elevation":0.0013721105642616749,"super_res_target":0,"scan_index":2,"timestamp":1667974882.304692,"range_rate":-6.765625,"veh_clutter":0,"header":{"sequence_num":76916},"range":27.921875,"near_target":0.0,"amplitude":0.0,"azimuth":-1.239562749862671,"ele_confid":0,"azi_confid":2},{"elevation":0.0013721105642616749,"super_res_target":0,"scan_index":2,"timestamp":1667974882.305067,"range_rate":0.25,"veh_clutter":0,"header":{"sequence_num":76916},"range":28.578125,"near_target":0.0,"amplitude":10.0,"azimuth":0.5961395502090454,"ele_confid":0,"azi_confid":1},{"elevation":0.0013721105642616749,"super_res_target":0,"scan_index":2,"timestamp":1667974882.305067,"range_rate":-7.125,"veh_clutter":0,"header":{"sequence_num":76916},"range":29.40625,"near_target":0.0,"amplitude":6.0,"azimuth":-1.1000064611434937,"ele_confid":0,"azi_confid":1},{"elevation":0.0013721105642616749,"super_res_target":0,"scan_index":2,"timestamp":1667974882.305067,"range_rate":0.734375,"veh_clutter":0,"header":{"sequence_num":76916},"range":29.640625,"near_target":0.0,"amplitude":12.0,"azimuth":0.7410634756088257,"ele_confid":0,"azi_confid":2},{"elevation":0.0013721105642616749,"super_res_target":0,"scan_index":2,"timestamp":1667974882.305067,"range_rate":1.015625,"veh_clutter":0,"header":{"sequence_num":76916},"range":30.484375,"near_target":0.0,"amplitude":7.0,"azimuth":-0.3450987935066223,"ele_confid":0,"azi_confid":3},{"elevation":0.0013721105642616749,"super_res_target":0,"scan_index":2,"timestamp":1667974882.305067,"range_rate":0.75,"veh_clutter":0,"header":{"sequence_num":76916},"range":30.9375,"near_target":0.0,"amplitude":12.0,"azimuth":0.742980420589447,"ele_confid":0,"azi_confid":2},{"elevation":0.0013721105642616749,"super_res_target":0,"scan_index":2,"timestamp":1667974882.305067,"range_rate":-0.28125,"veh_clutter":0,"header":{"sequence_num":76916},"range":31.90625,"near_target":0.0,"amplitude":1.0,"azimuth":0.47000211477279663,"ele_confid":0,"azi_confid":3},{"elevation":0.0013721105642616749,"super_res_target":0,"scan_index":2,"timestamp":1667974882.305441,"range_rate":-0.515625,"veh_clutter":0,"header":{"sequence_num":76916},"range":33.328125,"near_target":0.0,"amplitude":6.0,"azimuth":0.397156685590744,"ele_confid":0,"azi_confid":1},{"elevation":0.0013721105642616749,"super_res_target":0,"scan_index":2,"timestamp":1667974882.305441,"range_rate":-0.6875,"veh_clutter":0,"header":{"sequence_num":76916},"range":35.625,"near_target":0.0,"amplitude":11.0,"azimuth":0.34846529364585876,"ele_confid":0,"azi_confid":1},{"elevation":0.0013721105642616749,"super_res_target":0,"scan_index":2,"timestamp":1667974882.305441,"range_rate":0.703125,"veh_clutter":0,"header":{"sequence_num":76916},"range":35.0625,"near_target":0.0,"amplitude":-4.0,"azimuth":0.6973561644554138,"ele_confid":0,"azi_confid":3},{"elevation":0.0013721105642616749,"super_res_target":0,"scan_index":2,"timestamp":1667974882.305441,"range_rate":1.03125,"veh_clutter":0,"header":{"sequence_num":76916},"range":38.09375,"near_target":0.0,"amplitude":3.0,"azimuth":0.8649004697799683,"ele_confid":0,"azi_confid":1},{"elevation":0.0013721105642616749,"super_res_target":0,"scan_index":2,"timestamp":1667974882.305441,"range_rate":0.296875,"veh_clutter":0,"header":{"sequence_num":76916},"range":38.109375,"near_target":0.0,"amplitude":-2.0,"azimuth":0.641380250453949,"ele_confid":0,"azi_confid":3},{"elevation":0.0013721105642616749,"super_res_target":0,"scan_index":2,"timestamp":1667974882.305441,"range_rate":-3.5,"veh_clutter":0,"header":{"sequence_num":76916},"range":38.4375,"near_target":0.0,"amplitude":19.0,"azimuth":-0.8101586103439331,"ele_confid":0,"azi_confid":0},{"elevation":0.0013721105642616749,"super_res_target":0,"scan_index":2,"timestamp":1667974882.305813,"range_rate":1.25,"veh_clutter":0,"header":{"sequence_num":76916},"range":38.859375,"near_target":0.0,"amplitude":-2.0,"azimuth":0.8997894525527954,"ele_confid":0,"azi_confid":3},{"elevation":0.0013721105642616749,"super_res_target":0,"scan_index":2,"timestamp":1667974882.305813,"range_rate":0.234375,"veh_clutter":0,"header":{"sequence_num":76916},"range":38.90625,"near_target":0.0,"amplitude":0.0,"azimuth":0.6030405759811401,"ele_confid":0,"azi_confid":3},{"elevation":0.0013721105642616749,"super_res_target":0,"scan_index":2,"timestamp":1667974882.305813,"range_rate":-2.265625,"veh_clutter":0,"header":{"sequence_num":76916},"range":40.515625,"near_target":0.0,"amplitude":1.0,"azimuth":-0.7614672780036926,"ele_confid":0,"azi_confid":3},{"elevation":0.0013721105642616749,"super_res_target":0,"scan_index":2,"timestamp":1667974882.305813,"range_rate":-2.53125,"veh_clutter":0,"header":{"sequence_num":76916},"range":40.265625,"near_target":0.0,"amplitude":2.0,"azimuth":-0.8626841902732849,"ele_confid":0,"azi_confid":3},{"elevation":0.0013721105642616749,"super_res_target":0,"scan_index":2,"timestamp":1667974882.305813,"range_rate":1.03125,"veh_clutter":0,"header":{"sequence_num":76916},"range":40.671875,"near_target":0.0,"amplitude":1.0,"azimuth":0.8054738640785217,"ele_confid":0,"azi_confid":1},{"elevation":0.0013721105642616749,"super_res_target":0,"scan_index":2,"timestamp":1667974882.305813,"range_rate":-3.5,"veh_clutter":0,"header":{"sequence_num":76916},"range":41.046875,"near_target":0.0,"amplitude":12.0,"azimuth":-0.8346962332725525,"ele_confid":0,"azi_confid":0},{"elevation":0.0013721105642616749,"super_res_target":0,"scan_index":2,"timestamp":1667974882.306117,"range_rate":-2.734375,"veh_clutter":0,"header":{"sequence_num":76916},"range":42.203125,"near_target":0.0,"amplitude":-2.0,"azimuth":-0.9152094125747681,"ele_confid":0,"azi_confid":3},{"elevation":0.0013721105642616749,"super_res_target":0,"scan_index":2,"timestamp":1667974882.306117,"range_rate":1.3125,"veh_clutter":0,"header":{"sequence_num":76916},"range":42.109375,"near_target":0.0,"amplitude":2.0,"azimuth":0.9208763837814331,"ele_confid":0,"azi_confid":1},{"elevation":0.0013721105642616749,"super_res_target":0,"scan_index":2,"timestamp":1667974882.306117,"range_rate":-3.515625,"veh_clutter":0,"header":{"sequence_num":76916},"range":43.390625,"near_target":0.0,"amplitude":7.0,"azimuth":-0.8381465673446655,"ele_confid":0,"azi_confid":0},{"elevation":0.0013721105642616749,"super_res_target":0,"scan_index":2,"timestamp":1667974882.306117,"range_rate":-3.5,"veh_clutter":0,"header":{"sequence_num":76916},"range":45.828125,"near_target":0.0,"amplitude":8.0,"azimuth":-0.8557828664779663,"ele_confid":0,"azi_confid":1}],"type":8}
