{"measurement_time":1667974882.297105,"header":{"timestamp_sec":1667974882.3181653,"sequence_num":76924},"aptiv_point":[{"elevation":0.07556800544261932,"super_res_target":0,"scan_index":1,"timestamp":1667974882.297105,"range_rate":-2.8125,"veh_clutter":0,"header":{"sequence_num":76924},"range":3.59375,"near_target":0.0,"amplitude":-12.0,"azimuth":0.6218545436859131,"ele_confid":1,"azi_confid":2},{"elevation":0.042591989040374756,"super_res_target":0,"scan_index":1,"timestamp":1667974882.297105,"range_rate":-3.25,"veh_clutter":0,"header":{"sequence_num":76924},"range":5.484375,"near_target":0.0,"amplitude":-10.0,"azimuth":0.40216636657714844,"ele_confid":1,"azi_confid":2},{"elevation":0.020607993006706238,"super_res_target":0,"scan_index":1,"timestamp":1667974882.297105,"range_rate":-2.875,"veh_clutter":0,"header":{"sequence_num":76924},"range":7.03125,"near_target":0.0,"amplitude":3.0,"azimuth":-0.6494998931884766,"ele_confid":1,"azi_confid":2},{"elevation":0.020607993006706238,"super_res_target":1,"scan_index":1,"timestamp":1667974882.297105,"range_rate":-2.96875,"veh_clutter":0,"header":{"sequence_num":76924},"range":8.65625,"near_target":0.0,"amplitude":-11.0,"azimuth":-0.5942902565002441,"ele_confid":1,"azi_confid":1},{"elevation":0.004119992256164551,"super_res_target":0,"scan_index":1,"timestamp":1667974882.297105,"range_rate":-5.828125,"veh_clutter":0,"header":{"sequence_num":76924},"range":22.6875,"near_target":0.0,"amplitude":12.0,"azimuth":-0.1414947509765625,"ele_confid":0,"azi_confid":1},{"elevation":0.015111997723579407,"super_res_target":0,"scan_index":1,"timestamp":1667974882.297105,"range_rate":-5.03125,"veh_clutter":0,"header":{"sequence_num":76924},"range":23.21875,"near_target":0.0,"amplitude":3.0,"azimuth":-0.19057011604309082,"ele_confid":0,"azi_confid":1},{"elevation":-0.0425959974527359,"super_res_target":0,"scan_index":1,"timestamp":1667974882.297472,"range_rate":-6.65625,"veh_clutter":0,"header":{"sequence_num":76924},"range":25.21875,"near_target":0.0,"amplitude":9.0,"azimuth":-0.08436822891235352,"ele_confid":0,"azi_confid":3},{"elevation":0.023355990648269653,"super_res_target":0,"scan_index":1,"timestamp":1667974882.297472,"range_rate":-6.78125,"veh_clutter":0,"header":{"sequence_num":76924},"range":27.34375,"near_target":0.0,"amplitude":-11.0,"azimuth":-0.07631683349609375,"ele_confid":1,"azi_confid":2},{"elevation":0.03434799611568451,"super_res_target":0,"scan_index":1,"timestamp":1667974882.297472,"range_rate":-7.0625,"veh_clutter":0,"header":{"sequence_num":76924},"range":27.890625,"near_target":0.0,"amplitude":-3.0,"azimuth":-0.06021404266357422,"ele_confid":1,"azi_confid":2},{"elevation":0.031599998474121094,"super_res_target":0,"scan_index":1,"timestamp":1667974882.297472,"range_rate":-7.015625,"veh_clutter":0,"header":{"sequence_num":76924},"range":29.421875,"near_target":0.0,"amplitude":-2.0,"azimuth":-0.058296918869018555,"ele_confid":1,"azi_confid":2},{"elevation":0.006867989897727966,"super_res_target":0,"scan_index":1,"timestamp":1667974882.297472,"range_rate":-7.25,"veh_clutter":0,"header":{"sequence_num":76924},"range":30.0625,"near_target":0.0,"amplitude":-11.0,"azimuth":-0.04602813720703125,"ele_confid":1,"azi_confid":2},{"elevation":0.02610398828983307,"super_res_target":0,"scan_index":1,"timestamp":1667974882.297472,"range_rate":-3.453125,"veh_clutter":0,"header":{"sequence_num":76924},"range":38.25,"near_target":0.0,"amplitude":13.0,"azimuth":0.2162172794342041,"ele_confid":1,"azi_confid":2},{"elevation":0.031599998474121094,"super_res_target":0,"scan_index":1,"timestamp":1667974882.297839,"range_rate":-3.296875,"veh_clutter":0,"header":{"sequence_num":76924},"range":39.125,"near_target":0.0,"amplitude":11.0,"azimuth":-0.3922383785247803,"ele_confid":1,"azi_confid":2},{"elevation":0.017859995365142822,"super_res_target":0,"scan_index":1,"timestamp":1667974882.297839,"range_rate":-3.46875,"veh_clutter":0,"header":{"sequence_num":76924},"range":40.828125,"near_target":0.0,"amplitude":12.0,"azimuth":0.2012648582458496,"ele_confid":0,"azi_confid":0},{"elevation":-0.006871998310089111,"super_res_target":1,"scan_index":1,"timestamp":1667974882.297839,"range_rate":-3.484375,"veh_clutter":0,"header":{"sequence_num":76924},"range":41.65625,"near_target":0.0,"amplitude":9.0,"azimuth":-0.22469258308410645,"ele_confid":1,"azi_confid":3},{"elevation":-0.0233599990606308,"super_res_target":0,"scan_index":1,"timestamp":1667974882.297839,"range_rate":-3.03125,"veh_clutter":0,"header":{"sequence_num":76924},"range":42.296875,"near_target":0.0,"amplitude":3.0,"azimuth":0.5233206748962402,"ele_confid":1,"azi_confid":3},{"elevation":0.042591989040374756,"super_res_target":0,"scan_index":1,"timestamp":1667974882.297839,"range_rate":-2.671875,"veh_clutter":0,"header":{"sequence_num":76924},"range":44.1875,"near_target":0.0,"amplitude":15.0,"azimuth":-0.7307806015014648,"ele_confid":1,"azi_confid":2},{"elevation":0.023355990648269653,"super_res_target":0,"scan_index":1,"timestamp":1667974882.297839,"range_rate":-3.484375,"veh_clutter":0,"header":{"sequence_num":76924},"range":45.5,"near_target":0.0,"amplitude":0.0,"azimuth":0.18784570693969727,"ele_confid":1,"azi_confid":2},{"elevation":0.009615987539291382,"super_res_target":0,"scan_index":1,"timestamp":1667974882.298206,"range_rate":-3.0625,"veh_clutter":0,"header":{"sequence_num":76924},"range":49.40625,"near_target":0.0,"amplitude":7.0,"azimuth":-0.5486655235290527,"ele_confid":1,"azi_confid":2},{"elevation":0.023355990648269653,"super_res_target":0,"scan_index":1,"timestamp":1667974882.298206,"range_rate":-3.296875,"veh_clutter":0,"header":{"sequence_num":76924},"range":50.203125,"near_target":0.0,"amplitude":13.0,"azimuth":0.46581077575683594,"ele_confid":1,"azi_confid":3},{"elevation":-0.1360280066728592,"super_res_target":0,"scan_index":1,"timestamp":1667974882.298206,"range_rate":-3.515625,"veh_clutter":0,"header":{"sequence_num":76924},"range":53.765625,"near_target":0.0,"amplitude":25.0,"azimuth":-0.04641151428222656,"ele_confid":1,"azi_confid":2},{"elevation":0.023355990648269653,"super_res_target":0,"scan_index":1,"timestamp":1667974882.298206,"range_rate":-3.5,"veh_clutter":0,"header":{"sequence_num":76924},"range":55.765625,"near_target":0.0,"amplitude":25.0,"azimuth":0.14758872985839844,"ele_confid":1,"azi_confid":2},{"elevation":-0.0013760030269622803,"super_res_target":0,"scan_index":1,"timestamp":1667974882.298206,"range_rate":-3.515625,"veh_clutter":0,"header":{"sequence_num":76924},"range":58.734375,"near_target":0.0,"amplitude":13.0,"azimuth":0.14145445823669434,"ele_confid":1,"azi_confid":3},{"elevation":0.023355990648269653,"super_res_target":0,"scan_index":1,"timestamp":1667974882.298206,"range_rate":-3.515625,"veh_clutter":0,"header":{"sequence_num":76924},"range":61.46875,"near_target":0.0,"amplitude":24.0,"azimuth":0.13531994819641113,"ele_confid":0,"azi_confid":0},{"elevation":0.028852000832557678,"super_res_target":0,"scan_index":1,"timestamp":1667974882.305339,"range_rate":-3.546875,"veh_clutter":0,"header":{"sequence_num":76924},"range":62.90625,"near_target":0.0,"amplitude":27.0,"azimuth":-0.04564476013183594,"ele_confid":0,"azi_confid":0},{"elevation":0.031599998474121094,"super_res_target":0,"scan_index":1,"timestamp":1667974882.305339,"range_rate":-3.515625,"veh_clutter":0,"header":{"sequence_num":76924},"range":64.546875,"near_target":0.0,"amplitude":21.0,"azimuth":0.12956905364990234,"ele_confid":1,"azi_confid":2},{"elevation":0.006867989897727966,"super_res_target":0,"scan_index":1,"timestamp":1667974882.305339,"range_rate":-3.546875,"veh_clutter":0,"header":{"sequence_num":76924},"range":65.703125,"near_target":0.0,"amplitude":22.0,"azimuth":-0.04602813720703125,"ele_confid":1,"azi_confid":2},{"elevation":0.02610398828983307,"super_res_target":0,"scan_index":1,"timestamp":1667974882.305339,"range_rate":-3.515625,"veh_clutter":0,"header":{"sequence_num":76924},"range":67.421875,"near_target":0.0,"amplitude":26.0,"azimuth":0.12420129776000977,"ele_confid":0,"azi_confid":0},{"elevation":0.028852000832557678,"super_res_target":1,"scan_index":1,"timestamp":1667974882.305339,"range_rate":-3.546875,"veh_clutter":0,"header":{"sequence_num":76924},"range":68.75,"near_target":0.0,"amplitude":26.0,"azimuth":-0.036443233489990234,"ele_confid":0,"azi_confid":0},{"elevation":-0.08931200206279755,"super_res_target":1,"scan_index":1,"timestamp":1667974882.305339,"range_rate":-3.546875,"veh_clutter":0,"header":{"sequence_num":76924},"range":68.75,"near_target":0.0,"amplitude":18.0,"azimuth":0.12151765823364258,"ele_confid":0,"azi_confid":2},{"elevation":0.020607993006706238,"super_res_target":0,"scan_index":1,"timestamp":1667974882.305704,"range_rate":-3.515625,"veh_clutter":0,"header":{"sequence_num":76924},"range":70.25,"near_target":0.0,"amplitude":18.0,"azimuth":0.11883378028869629,"ele_confid":0,"azi_confid":0},{"elevation":0.020607993006706238,"super_res_target":0,"scan_index":1,"timestamp":1667974882.305704,"range_rate":-3.546875,"veh_clutter":0,"header":{"sequence_num":76924},"range":71.71875,"near_target":0.0,"amplitude":30.0,"azimuth":-0.03912711143493652,"ele_confid":0,"azi_confid":1},{"elevation":0.017859995365142822,"super_res_target":0,"scan_index":1,"timestamp":1667974882.305704,"range_rate":-3.515625,"veh_clutter":0,"header":{"sequence_num":76924},"range":73.28125,"near_target":0.0,"amplitude":15.0,"azimuth":0.11078238487243652,"ele_confid":1,"azi_confid":2},{"elevation":0.04808799922466278,"super_res_target":0,"scan_index":1,"timestamp":1667974882.305704,"range_rate":-3.546875,"veh_clutter":0,"header":{"sequence_num":76924},"range":74.71875,"near_target":0.0,"amplitude":22.0,"azimuth":-0.03414273262023926,"ele_confid":1,"azi_confid":2},{"elevation":0.028852000832557678,"super_res_target":0,"scan_index":1,"timestamp":1667974882.305704,"range_rate":-3.515625,"veh_clutter":0,"header":{"sequence_num":76924},"range":76.53125,"near_target":0.0,"amplitude":21.0,"azimuth":0.11193251609802246,"ele_confid":1,"azi_confid":2},{"elevation":0.020607993006706238,"super_res_target":0,"scan_index":1,"timestamp":1667974882.305704,"range_rate":-3.546875,"veh_clutter":0,"header":{"sequence_num":76924},"range":77.546875,"near_target":0.0,"amplitude":27.0,"azimuth":-0.03414273262023926,"ele_confid":0,"azi_confid":1},{"elevation":0.017859995365142822,"super_res_target":0,"scan_index":1,"timestamp":1667974882.306072,"range_rate":-3.515625,"veh_clutter":0,"header":{"sequence_num":76924},"range":79.078125,"near_target":0.0,"amplitude":27.0,"azimuth":0.10656499862670898,"ele_confid":1,"azi_confid":2},{"elevation":0.020607993006706238,"super_res_target":0,"scan_index":1,"timestamp":1667974882.306072,"range_rate":-3.546875,"veh_clutter":0,"header":{"sequence_num":76924},"range":80.453125,"near_target":0.0,"amplitude":25.0,"azimuth":-0.03299260139465332,"ele_confid":0,"azi_confid":0},{"elevation":0.023355990648269653,"super_res_target":0,"scan_index":1,"timestamp":1667974882.306072,"range_rate":-3.515625,"veh_clutter":0,"header":{"sequence_num":76924},"range":82.015625,"near_target":0.0,"amplitude":29.0,"azimuth":0.10426449775695801,"ele_confid":1,"azi_confid":2},{"elevation":0.02610398828983307,"super_res_target":0,"scan_index":1,"timestamp":1667974882.306072,"range_rate":-3.546875,"veh_clutter":0,"header":{"sequence_num":76924},"range":83.453125,"near_target":0.0,"amplitude":20.0,"azimuth":-0.03184247016906738,"ele_confid":1,"azi_confid":2},{"elevation":0.020607993006706238,"super_res_target":0,"scan_index":1,"timestamp":1667974882.306072,"range_rate":-3.515625,"veh_clutter":0,"header":{"sequence_num":76924},"range":84.71875,"near_target":0.0,"amplitude":16.0,"azimuth":0.10273098945617676,"ele_confid":1,"azi_confid":2},{"elevation":0.017859995365142822,"super_res_target":0,"scan_index":1,"timestamp":1667974882.306072,"range_rate":-3.546875,"veh_clutter":0,"header":{"sequence_num":76924},"range":86.3125,"near_target":0.0,"amplitude":23.0,"azimuth":-0.03184247016906738,"ele_confid":1,"azi_confid":2},{"elevation":0.020607993006706238,"super_res_target":0,"scan_index":1,"timestamp":1667974882.306439,"range_rate":-3.515625,"veh_clutter":0,"header":{"sequence_num":76924},"range":87.765625,"near_target":0.0,"amplitude":27.0,"azimuth":0.09928035736083984,"ele_confid":1,"azi_confid":2},{"elevation":0.031599998474121094,"super_res_target":0,"scan_index":1,"timestamp":1667974882.306439,"range_rate":-3.546875,"veh_clutter":0,"header":{"sequence_num":76924},"range":89.328125,"near_target":0.0,"amplitude":20.0,"azimuth":-0.02724170684814453,"ele_confid":0,"azi_confid":1},{"elevation":0.02610398828983307,"super_res_target":0,"scan_index":1,"timestamp":1667974882.306439,"range_rate":-3.53125,"veh_clutter":0,"header":{"sequence_num":76924},"range":90.78125,"near_target":0.0,"amplitude":19.0,"azimuth":0.09736347198486328,"ele_confid":0,"azi_confid":1},{"elevation":0.023355990648269653,"super_res_target":0,"scan_index":1,"timestamp":1667974882.306439,"range_rate":-3.546875,"veh_clutter":0,"header":{"sequence_num":76924},"range":92.265625,"near_target":0.0,"amplitude":27.0,"azimuth":-0.026091337203979492,"ele_confid":0,"azi_confid":0},{"elevation":0.012364000082015991,"super_res_target":0,"scan_index":1,"timestamp":1667974882.306439,"range_rate":-3.53125,"veh_clutter":0,"header":{"sequence_num":76924},"range":93.640625,"near_target":0.0,"amplitude":28.0,"azimuth":0.09084558486938477,"ele_confid":1,"azi_confid":2},{"elevation":0.023355990648269653,"super_res_target":0,"scan_index":1,"timestamp":1667974882.306439,"range_rate":-3.53125,"veh_clutter":0,"header":{"sequence_num":76924},"range":96.578125,"near_target":0.0,"amplitude":22.0,"azimuth":0.09161233901977539,"ele_confid":1,"azi_confid":2},{"elevation":0.009615987539291382,"super_res_target":0,"scan_index":1,"timestamp":1667974882.306812,"range_rate":-3.53125,"veh_clutter":0,"header":{"sequence_num":76924},"range":98.109375,"near_target":0.0,"amplitude":15.0,"azimuth":-0.023791074752807617,"ele_confid":1,"azi_confid":2},{"elevation":0.05633199214935303,"super_res_target":0,"scan_index":1,"timestamp":1667974882.306812,"range_rate":-3.515625,"veh_clutter":0,"header":{"sequence_num":76924},"range":99.546875,"near_target":0.0,"amplitude":15.0,"azimuth":0.0889286994934082,"ele_confid":1,"azi_confid":3},{"elevation":-0.00962001085281372,"super_res_target":0,"scan_index":1,"timestamp":1667974882.306812,"range_rate":-3.515625,"veh_clutter":0,"header":{"sequence_num":76924},"range":102.15625,"near_target":0.0,"amplitude":8.0,"azimuth":0.09161233901977539,"ele_confid":1,"azi_confid":2},{"elevation":0.020607993006706238,"super_res_target":0,"scan_index":1,"timestamp":1667974882.306812,"range_rate":-3.546875,"veh_clutter":0,"header":{"sequence_num":76924},"range":103.90625,"near_target":0.0,"amplitude":20.0,"azimuth":-0.022257328033447266,"ele_confid":1,"azi_confid":2},{"elevation":-0.0013760030269622803,"super_res_target":0,"scan_index":1,"timestamp":1667974882.306812,"range_rate":-3.515625,"veh_clutter":0,"header":{"sequence_num":76924},"range":105.1875,"near_target":0.0,"amplitude":16.0,"azimuth":0.08624482154846191,"ele_confid":1,"azi_confid":2},{"elevation":0.023355990648269653,"super_res_target":0,"scan_index":1,"timestamp":1667974882.306812,"range_rate":-3.546875,"veh_clutter":0,"header":{"sequence_num":76924},"range":106.90625,"near_target":0.0,"amplitude":27.0,"azimuth":-0.02149057388305664,"ele_confid":0,"azi_confid":0},{"elevation":0.009615987539291382,"super_res_target":0,"scan_index":1,"timestamp":1667974882.307178,"range_rate":-3.53125,"veh_clutter":0,"header":{"sequence_num":76924},"range":108.34375,"near_target":0.0,"amplitude":33.0,"azimuth":0.08164405822753906,"ele_confid":1,"azi_confid":2},{"elevation":0.012364000082015991,"super_res_target":0,"scan_index":1,"timestamp":1667974882.307178,"range_rate":-3.53125,"veh_clutter":0,"header":{"sequence_num":76924},"range":111.203125,"near_target":0.0,"amplitude":31.0,"azimuth":0.08049368858337402,"ele_confid":1,"azi_confid":2},{"elevation":0.020607993006706238,"super_res_target":0,"scan_index":1,"timestamp":1667974882.307178,"range_rate":-3.546875,"veh_clutter":0,"header":{"sequence_num":76924},"range":112.703125,"near_target":0.0,"amplitude":23.0,"azimuth":-0.01995706558227539,"ele_confid":0,"azi_confid":0},{"elevation":0.012364000082015991,"super_res_target":0,"scan_index":1,"timestamp":1667974882.307178,"range_rate":-3.53125,"veh_clutter":0,"header":{"sequence_num":76924},"range":114.15625,"near_target":0.0,"amplitude":22.0,"azimuth":0.08011031150817871,"ele_confid":1,"azi_confid":2},{"elevation":0.023355990648269653,"super_res_target":0,"scan_index":1,"timestamp":1667974882.307178,"range_rate":-3.546875,"veh_clutter":0,"header":{"sequence_num":76924},"range":115.671875,"near_target":0.0,"amplitude":23.0,"azimuth":-0.01995706558227539,"ele_confid":0,"azi_confid":0},{"elevation":0.031599998474121094,"super_res_target":0,"scan_index":1,"timestamp":1667974882.307178,"range_rate":-3.53125,"veh_clutter":0,"header":{"sequence_num":76924},"range":117.046875,"near_target":0.0,"amplitude":15.0,"azimuth":0.0797269344329834,"ele_confid":1,"azi_confid":2},{"elevation":0.023355990648269653,"super_res_target":0,"scan_index":1,"timestamp":1667974882.307548,"range_rate":-3.546875,"veh_clutter":0,"header":{"sequence_num":76924},"range":118.625,"near_target":0.0,"amplitude":21.0,"azimuth":-0.023024320602416992,"ele_confid":0,"azi_confid":0},{"elevation":0.02610398828983307,"super_res_target":0,"scan_index":1,"timestamp":1667974882.307548,"range_rate":-3.546875,"veh_clutter":0,"header":{"sequence_num":76924},"range":121.390625,"near_target":0.0,"amplitude":15.0,"azimuth":-0.016506433486938477,"ele_confid":0,"azi_confid":1},{"elevation":0.017859995365142822,"super_res_target":0,"scan_index":1,"timestamp":1667974882.307548,"range_rate":-3.53125,"veh_clutter":0,"header":{"sequence_num":76924},"range":122.9375,"near_target":0.0,"amplitude":28.0,"azimuth":0.0735926628112793,"ele_confid":1,"azi_confid":2},{"elevation":0.020607993006706238,"super_res_target":0,"scan_index":1,"timestamp":1667974882.307548,"range_rate":-3.53125,"veh_clutter":0,"header":{"sequence_num":76924},"range":125.90625,"near_target":0.0,"amplitude":24.0,"azimuth":0.07205891609191895,"ele_confid":1,"azi_confid":2},{"elevation":0.023355990648269653,"super_res_target":0,"scan_index":1,"timestamp":1667974882.307548,"range_rate":-3.421875,"veh_clutter":0,"header":{"sequence_num":76924},"range":127.34375,"near_target":0.0,"amplitude":12.0,"azimuth":0.255324125289917,"ele_confid":1,"azi_confid":2},{"elevation":0.017859995365142822,"super_res_target":0,"scan_index":1,"timestamp":1667974882.307548,"range_rate":-3.53125,"veh_clutter":0,"header":{"sequence_num":76924},"range":128.75,"near_target":0.0,"amplitude":28.0,"azimuth":0.07014203071594238,"ele_confid":0,"azi_confid":0},{"elevation":0.028852000832557678,"super_res_target":0,"scan_index":1,"timestamp":1667974882.307914,"range_rate":-3.53125,"veh_clutter":0,"header":{"sequence_num":76924},"range":131.71875,"near_target":0.0,"amplitude":22.0,"azimuth":0.06975865364074707,"ele_confid":1,"azi_confid":2},{"elevation":0.015111997723579407,"super_res_target":0,"scan_index":1,"timestamp":1667974882.307914,"range_rate":-3.53125,"veh_clutter":0,"header":{"sequence_num":76924},"range":134.65625,"near_target":0.0,"amplitude":25.0,"azimuth":0.06860828399658203,"ele_confid":0,"azi_confid":0},{"elevation":0.028852000832557678,"super_res_target":0,"scan_index":1,"timestamp":1667974882.307914,"range_rate":-3.53125,"veh_clutter":0,"header":{"sequence_num":76924},"range":137.609375,"near_target":0.0,"amplitude":23.0,"azimuth":0.0678415298461914,"ele_confid":1,"azi_confid":2},{"elevation":0.006867989897727966,"super_res_target":0,"scan_index":1,"timestamp":1667974882.307914,"range_rate":-3.53125,"veh_clutter":0,"header":{"sequence_num":76924},"range":140.515625,"near_target":0.0,"amplitude":26.0,"azimuth":0.0647742748260498,"ele_confid":1,"azi_confid":2},{"elevation":0.012364000082015991,"super_res_target":0,"scan_index":1,"timestamp":1667974882.307914,"range_rate":-3.53125,"veh_clutter":0,"header":{"sequence_num":76924},"range":143.484375,"near_target":0.0,"amplitude":32.0,"azimuth":0.06554126739501953,"ele_confid":1,"azi_confid":2},{"elevation":0.023355990648269653,"super_res_target":0,"scan_index":1,"timestamp":1667974882.307914,"range_rate":-3.53125,"veh_clutter":0,"header":{"sequence_num":76924},"range":146.390625,"near_target":0.0,"amplitude":22.0,"azimuth":0.06400752067565918,"ele_confid":1,"azi_confid":2},{"elevation":0.017859995365142822,"super_res_target":0,"scan_index":1,"timestamp":1667974882.308282,"range_rate":-3.53125,"veh_clutter":0,"header":{"sequence_num":76924},"range":149.296875,"near_target":0.0,"amplitude":28.0,"azimuth":0.06209063529968262,"ele_confid":0,"azi_confid":0},{"elevation":0.020607993006706238,"super_res_target":0,"scan_index":1,"timestamp":1667974882.308282,"range_rate":-3.53125,"veh_clutter":0,"header":{"sequence_num":76924},"range":152.265625,"near_target":0.0,"amplitude":36.0,"azimuth":0.06247401237487793,"ele_confid":0,"azi_confid":1},{"elevation":0.09205599129199982,"super_res_target":1,"scan_index":1,"timestamp":1667974882.308282,"range_rate":-3.53125,"veh_clutter":0,"header":{"sequence_num":76924},"range":154.953125,"near_target":0.0,"amplitude":21.0,"azimuth":0.04905509948730469,"ele_confid":1,"azi_confid":1},{"elevation":0.017859995365142822,"super_res_target":0,"scan_index":1,"timestamp":1667974882.308282,"range_rate":-3.53125,"veh_clutter":0,"header":{"sequence_num":76924},"range":158.078125,"near_target":0.0,"amplitude":25.0,"azimuth":0.060556888580322266,"ele_confid":1,"azi_confid":2},{"elevation":0.017859995365142822,"super_res_target":0,"scan_index":1,"timestamp":1667974882.308282,"range_rate":-3.53125,"veh_clutter":0,"header":{"sequence_num":76924},"range":161.109375,"near_target":0.0,"amplitude":16.0,"azimuth":0.059023380279541016,"ele_confid":1,"azi_confid":2},{"elevation":0.020607993006706238,"super_res_target":0,"scan_index":1,"timestamp":1667974882.308282,"range_rate":-3.53125,"veh_clutter":0,"header":{"sequence_num":76924},"range":163.921875,"near_target":0.0,"amplitude":19.0,"azimuth":0.0586400032043457,"ele_confid":1,"azi_confid":2},{"elevation":0.020607993006706238,"super_res_target":0,"scan_index":1,"timestamp":1667974882.308765,"range_rate":-3.53125,"veh_clutter":0,"header":{"sequence_num":76924},"range":166.84375,"near_target":0.0,"amplitude":26.0,"azimuth":0.0555727481842041,"ele_confid":0,"azi_confid":1},{"elevation":0.015111997723579407,"super_res_target":0,"scan_index":1,"timestamp":1667974882.308765,"range_rate":-3.53125,"veh_clutter":0,"header":{"sequence_num":76924},"range":169.84375,"near_target":0.0,"amplitude":29.0,"azimuth":0.05633950233459473,"ele_confid":1,"azi_confid":2},{"elevation":0.012364000082015991,"super_res_target":0,"scan_index":1,"timestamp":1667974882.308765,"range_rate":-3.546875,"veh_clutter":0,"header":{"sequence_num":76924},"range":172.890625,"near_target":0.0,"amplitude":15.0,"azimuth":0.05097198486328125,"ele_confid":1,"azi_confid":2},{"elevation":-0.012368008494377136,"super_res_target":0,"scan_index":1,"timestamp":1667974882.308765,"range_rate":-3.53125,"veh_clutter":0,"header":{"sequence_num":76924},"range":175.703125,"near_target":0.0,"amplitude":17.0,"azimuth":0.05633950233459473,"ele_confid":1,"azi_confid":2},{"elevation":0.009615987539291382,"super_res_target":1,"scan_index":1,"timestamp":1667974882.308765,"range_rate":-3.4375,"veh_clutter":0,"header":{"sequence_num":76924},"range":177.71875,"near_target":0.0,"amplitude":16.0,"azimuth":0.23615407943725586,"ele_confid":1,"azi_confid":1},{"elevation":0.009615987539291382,"super_res_target":1,"scan_index":1,"timestamp":1667974882.308765,"range_rate":-3.4375,"veh_clutter":0,"header":{"sequence_num":76924},"range":177.71875,"near_target":0.0,"amplitude":8.0,"azimuth":0.13301968574523926,"ele_confid":1,"azi_confid":3},{"elevation":0.028852000832557678,"super_res_target":0,"scan_index":1,"timestamp":1667974882.315338,"range_rate":-3.53125,"veh_clutter":0,"header":{"sequence_num":76924},"range":178.625,"near_target":0.0,"amplitude":21.0,"azimuth":0.05365586280822754,"ele_confid":1,"azi_confid":2},{"elevation":0.009615987539291382,"super_res_target":1,"scan_index":1,"timestamp":1667974882.315338,"range_rate":-3.4375,"veh_clutter":0,"header":{"sequence_num":76924},"range":179.90625,"near_target":0.0,"amplitude":20.0,"azimuth":0.24497246742248535,"ele_confid":1,"azi_confid":0},{"elevation":0.020607993006706238,"super_res_target":0,"scan_index":1,"timestamp":1667974882.315338,"range_rate":-3.53125,"veh_clutter":0,"header":{"sequence_num":76924},"range":181.515625,"near_target":0.0,"amplitude":29.0,"azimuth":0.05288887023925781,"ele_confid":1,"azi_confid":2},{"elevation":0.017859995365142822,"super_res_target":1,"scan_index":1,"timestamp":1667974882.315338,"range_rate":-3.53125,"veh_clutter":0,"header":{"sequence_num":76924},"range":184.421875,"near_target":0.0,"amplitude":29.0,"azimuth":0.05135536193847656,"ele_confid":0,"azi_confid":0},{"elevation":0.05358399450778961,"super_res_target":1,"scan_index":1,"timestamp":1667974882.315338,"range_rate":-3.53125,"veh_clutter":0,"header":{"sequence_num":76924},"range":184.421875,"near_target":0.0,"amplitude":25.0,"azimuth":-0.003470897674560547,"ele_confid":0,"azi_confid":1},{"elevation":0.023355990648269653,"super_res_target":1,"scan_index":1,"timestamp":1667974882.315338,"range_rate":-3.53125,"veh_clutter":0,"header":{"sequence_num":76924},"range":187.40625,"near_target":0.0,"amplitude":19.0,"azimuth":0.04982185363769531,"ele_confid":1,"azi_confid":0},{"elevation":0.023355990648269653,"super_res_target":1,"scan_index":1,"timestamp":1667974882.315707,"range_rate":-3.53125,"veh_clutter":0,"header":{"sequence_num":76924},"range":187.40625,"near_target":0.0,"amplitude":10.0,"azimuth":0.1341698169708252,"ele_confid":1,"azi_confid":0},{"elevation":0.017859995365142822,"super_res_target":0,"scan_index":1,"timestamp":1667974882.315707,"range_rate":-3.53125,"veh_clutter":0,"header":{"sequence_num":76924},"range":190.375,"near_target":0.0,"amplitude":26.0,"azimuth":0.050205230712890625,"ele_confid":0,"azi_confid":2},{"elevation":0.015111997723579407,"super_res_target":0,"scan_index":1,"timestamp":1667974882.315707,"range_rate":-3.515625,"veh_clutter":0,"header":{"sequence_num":76924},"range":193.328125,"near_target":0.0,"amplitude":13.0,"azimuth":0.05327248573303223,"ele_confid":1,"azi_confid":3},{"elevation":0.023355990648269653,"super_res_target":0,"scan_index":1,"timestamp":1667974882.315707,"range_rate":-3.53125,"veh_clutter":0,"header":{"sequence_num":76924},"range":196.328125,"near_target":0.0,"amplitude":21.0,"azimuth":0.05058860778808594,"ele_confid":0,"azi_confid":0},{"elevation":-0.03710000216960907,"super_res_target":0,"scan_index":1,"timestamp":1667974882.315707,"range_rate":-3.46875,"veh_clutter":0,"header":{"sequence_num":76924},"range":199.71875,"near_target":0.0,"amplitude":20.0,"azimuth":-0.05868053436279297,"ele_confid":1,"azi_confid":2},{"elevation":0.020607993006706238,"super_res_target":0,"scan_index":1,"timestamp":1667974882.315707,"range_rate":-3.546875,"veh_clutter":0,"header":{"sequence_num":76924},"range":202.46875,"near_target":0.0,"amplitude":24.0,"azimuth":-0.016123056411743164,"ele_confid":0,"azi_confid":1},{"elevation":0.009615987539291382,"super_res_target":0,"scan_index":1,"timestamp":1667974882.316075,"range_rate":-3.53125,"veh_clutter":0,"header":{"sequence_num":76924},"range":204.984375,"near_target":0.0,"amplitude":19.0,"azimuth":0.050205230712890625,"ele_confid":0,"azi_confid":2},{"elevation":-0.0233599990606308,"super_res_target":1,"scan_index":1,"timestamp":1667974882.316075,"range_rate":-3.53125,"veh_clutter":0,"header":{"sequence_num":76924},"range":207.171875,"near_target":0.0,"amplitude":12.0,"azimuth":-0.0172731876373291,"ele_confid":1,"azi_confid":1},{"elevation":-0.017864003777503967,"super_res_target":0,"scan_index":1,"timestamp":1667974882.316075,"range_rate":-3.296875,"veh_clutter":0,"header":{"sequence_num":76924},"range":208.671875,"near_target":0.0,"amplitude":17.0,"azimuth":0.3527078628540039,"ele_confid":1,"azi_confid":2},{"elevation":0.023355990648269653,"super_res_target":1,"scan_index":1,"timestamp":1667974882.316075,"range_rate":-3.53125,"veh_clutter":0,"header":{"sequence_num":76924},"range":210.921875,"near_target":0.0,"amplitude":22.0,"azimuth":0.04407072067260742,"ele_confid":1,"azi_confid":0},{"elevation":0.023355990648269653,"super_res_target":1,"scan_index":1,"timestamp":1667974882.316075,"range_rate":-3.53125,"veh_clutter":0,"header":{"sequence_num":76924},"range":210.921875,"near_target":0.0,"amplitude":22.0,"azimuth":-0.011522293090820312,"ele_confid":1,"azi_confid":0},{"elevation":0.042591989040374756,"super_res_target":1,"scan_index":1,"timestamp":1667974882.316075,"range_rate":-3.53125,"veh_clutter":0,"header":{"sequence_num":76924},"range":213.828125,"near_target":0.0,"amplitude":12.0,"azimuth":0.05633950233459473,"ele_confid":1,"azi_confid":1},{"elevation":0.042591989040374756,"super_res_target":1,"scan_index":1,"timestamp":1667974882.316575,"range_rate":-3.53125,"veh_clutter":0,"header":{"sequence_num":76924},"range":213.828125,"near_target":0.0,"amplitude":5.0,"azimuth":-0.032225847244262695,"ele_confid":1,"azi_confid":2},{"elevation":0.009615987539291382,"super_res_target":0,"scan_index":1,"timestamp":1667974882.316575,"range_rate":-3.5,"veh_clutter":0,"header":{"sequence_num":76924},"range":215.484375,"near_target":0.0,"amplitude":15.0,"azimuth":0.20931625366210938,"ele_confid":1,"azi_confid":2}],"type":7}
