{"measurement_time":1667974882.216288,"header":{"timestamp_sec":1667974882.2242682,"sequence_num":76920},"range_coverage":93.015625,"aptiv_point":[{"elevation":0.0013721105642616749,"super_res_target":0,"scan_index":0,"timestamp":1667974882.216288,"range_rate":-0.015625,"veh_clutter":0,"header":{"sequence_num":76920},"range":3.8125,"near_target":0.0,"amplitude":-11.0,"azimuth":0.4458480477333069,"ele_confid":0,"azi_confid":1},{"elevation":0.0013721105642616749,"super_res_target":0,"scan_index":0,"timestamp":1667974882.216288,"range_rate":2.046875,"veh_clutter":0,"header":{"sequence_num":76920},"range":4.703125,"near_target":0.0,"amplitude":-17.0,"azimuth":-0.18905647099018097,"ele_confid":0,"azi_confid":0},{"elevation":0.0013721105642616749,"super_res_target":0,"scan_index":0,"timestamp":1667974882.216288,"range_rate":1.78125,"veh_clutter":0,"header":{"sequence_num":76920},"range":4.484375,"near_target":0.0,"amplitude":-18.0,"azimuth":-0.06675293296575546,"ele_confid":0,"azi_confid":1},{"elevation":0.0013721105642616749,"super_res_target":0,"scan_index":0,"timestamp":1667974882.216288,"range_rate":-0.109375,"veh_clutter":0,"header":{"sequence_num":76920},"range":6.078125,"near_target":0.0,"amplitude":4.0,"azimuth":-1.1697845458984375,"ele_confid":0,"azi_confid":0},{"elevation":0.0013721105642616749,"super_res_target":0,"scan_index":0,"timestamp":1667974882.216288,"range_rate":-0.4375,"veh_clutter":0,"header":{"sequence_num":76920},"range":7.171875,"near_target":0.0,"amplitude":-14.0,"azimuth":0.5785033106803894,"ele_confid":0,"azi_confid":1},{"elevation":0.0013721105642616749,"super_res_target":0,"scan_index":0,"timestamp":1667974882.216288,"range_rate":-0.828125,"veh_clutter":0,"header":{"sequence_num":76920},"range":7.203125,"near_target":0.0,"amplitude":-17.0,"azimuth":0.696589469909668,"ele_confid":0,"azi_confid":3},{"elevation":0.0013721105642616749,"super_res_target":0,"scan_index":0,"timestamp":1667974882.218566,"range_rate":0.796875,"veh_clutter":0,"header":{"sequence_num":76920},"range":7.296875,"near_target":0.0,"amplitude":-9.0,"azimuth":0.21887747943401337,"ele_confid":0,"azi_confid":3},{"elevation":0.0013721105642616749,"super_res_target":0,"scan_index":0,"timestamp":1667974882.218566,"range_rate":0.40625,"veh_clutter":0,"header":{"sequence_num":76920},"range":7.140625,"near_target":0.0,"amplitude":-12.0,"azimuth":0.34846529364585876,"ele_confid":0,"azi_confid":1},{"elevation":0.0013721105642616749,"super_res_target":0,"scan_index":0,"timestamp":1667974882.218566,"range_rate":1.125,"veh_clutter":0,"header":{"sequence_num":76920},"range":7.5625,"near_target":0.0,"amplitude":-8.0,"azimuth":0.12839579582214355,"ele_confid":0,"azi_confid":1},{"elevation":0.0013721105642616749,"super_res_target":0,"scan_index":0,"timestamp":1667974882.218566,"range_rate":-3.328125,"veh_clutter":0,"header":{"sequence_num":76920},"range":8.921875,"near_target":0.0,"amplitude":-9.0,"azimuth":-1.141796588897705,"ele_confid":0,"azi_confid":0},{"elevation":0.0013721105642616749,"super_res_target":0,"scan_index":0,"timestamp":1667974882.218566,"range_rate":2.203125,"veh_clutter":0,"header":{"sequence_num":76920},"range":9.21875,"near_target":0.0,"amplitude":-8.0,"azimuth":-0.2239454835653305,"ele_confid":0,"azi_confid":1},{"elevation":0.0013721105642616749,"super_res_target":0,"scan_index":0,"timestamp":1667974882.218566,"range_rate":3.03125,"veh_clutter":0,"header":{"sequence_num":76920},"range":10.328125,"near_target":0.0,"amplitude":-13.0,"azimuth":-1.0102916955947876,"ele_confid":0,"azi_confid":3},{"elevation":0.0013721105642616749,"super_res_target":0,"scan_index":0,"timestamp":1667974882.218943,"range_rate":0.828125,"veh_clutter":0,"header":{"sequence_num":76920},"range":11.140625,"near_target":0.0,"amplitude":0.0,"azimuth":-0.14304876327514648,"ele_confid":0,"azi_confid":3},{"elevation":0.0013721105642616749,"super_res_target":0,"scan_index":0,"timestamp":1667974882.218943,"range_rate":2.734375,"veh_clutter":0,"header":{"sequence_num":76920},"range":11.984375,"near_target":0.0,"amplitude":-7.0,"azimuth":-0.43864765763282776,"ele_confid":0,"azi_confid":2},{"elevation":0.0013721105642616749,"super_res_target":0,"scan_index":0,"timestamp":1667974882.218943,"range_rate":-0.3125,"veh_clutter":0,"header":{"sequence_num":76920},"range":14.375,"near_target":0.0,"amplitude":-5.0,"azimuth":0.5367130041122437,"ele_confid":0,"azi_confid":1},{"elevation":0.0013721105642616749,"super_res_target":0,"scan_index":0,"timestamp":1667974882.218943,"range_rate":-0.015625,"veh_clutter":0,"header":{"sequence_num":76920},"range":15.296875,"near_target":0.0,"amplitude":1.0,"azimuth":0.4669349491596222,"ele_confid":0,"azi_confid":1},{"elevation":0.0013721105642616749,"super_res_target":0,"scan_index":0,"timestamp":1667974882.218943,"range_rate":-0.390625,"veh_clutter":0,"header":{"sequence_num":76920},"range":15.03125,"near_target":0.0,"amplitude":-5.0,"azimuth":0.5612505674362183,"ele_confid":0,"azi_confid":1},{"elevation":0.0013721105642616749,"super_res_target":0,"scan_index":0,"timestamp":1667974882.218943,"range_rate":-0.6875,"veh_clutter":0,"header":{"sequence_num":76920},"range":14.8125,"near_target":0.0,"amplitude":-9.0,"azimuth":0.6444474458694458,"ele_confid":0,"azi_confid":3},{"elevation":0.0013721105642616749,"super_res_target":0,"scan_index":0,"timestamp":1667974882.219527,"range_rate":0.5,"veh_clutter":0,"header":{"sequence_num":76920},"range":15.890625,"near_target":0.0,"amplitude":-4.0,"azimuth":0.2890389859676361,"ele_confid":0,"azi_confid":1},{"elevation":0.0013721105642616749,"super_res_target":0,"scan_index":0,"timestamp":1667974882.219527,"range_rate":0.09375,"veh_clutter":0,"header":{"sequence_num":76920},"range":16.671875,"near_target":0.0,"amplitude":-4.0,"azimuth":0.44508132338523865,"ele_confid":0,"azi_confid":1},{"elevation":0.0013721105642616749,"super_res_target":0,"scan_index":0,"timestamp":1667974882.219527,"range_rate":-0.84375,"veh_clutter":0,"header":{"sequence_num":76920},"range":17.703125,"near_target":0.0,"amplitude":-6.0,"azimuth":0.6624671816825867,"ele_confid":0,"azi_confid":1},{"elevation":0.0013721105642616749,"super_res_target":0,"scan_index":0,"timestamp":1667974882.219527,"range_rate":3.171875,"veh_clutter":0,"header":{"sequence_num":76920},"range":17.375,"near_target":0.0,"amplitude":-6.0,"azimuth":-0.6813375353813171,"ele_confid":0,"azi_confid":1},{"elevation":0.0013721105642616749,"super_res_target":0,"scan_index":0,"timestamp":1667974882.219527,"range_rate":1.859375,"veh_clutter":0,"header":{"sequence_num":76920},"range":18.28125,"near_target":0.0,"amplitude":-10.0,"azimuth":-0.1438157558441162,"ele_confid":0,"azi_confid":1},{"elevation":0.0013721105642616749,"super_res_target":0,"scan_index":0,"timestamp":1667974882.219527,"range_rate":0.828125,"veh_clutter":0,"header":{"sequence_num":76920},"range":17.9375,"near_target":0.0,"amplitude":-8.0,"azimuth":-0.16375218331813812,"ele_confid":0,"azi_confid":3},{"elevation":0.0013721105642616749,"super_res_target":0,"scan_index":0,"timestamp":1667974882.220243,"range_rate":2.125,"veh_clutter":0,"header":{"sequence_num":76920},"range":19.40625,"near_target":0.0,"amplitude":-12.0,"azimuth":-0.18215543031692505,"ele_confid":0,"azi_confid":3},{"elevation":0.0013721105642616749,"super_res_target":0,"scan_index":0,"timestamp":1667974882.220243,"range_rate":0.84375,"veh_clutter":0,"header":{"sequence_num":76920},"range":20.234375,"near_target":0.0,"amplitude":-9.0,"azimuth":-0.13384728133678436,"ele_confid":0,"azi_confid":3},{"elevation":0.0013721105642616749,"super_res_target":0,"scan_index":0,"timestamp":1667974882.220243,"range_rate":-1.140625,"veh_clutter":0,"header":{"sequence_num":76920},"range":20.625,"near_target":0.0,"amplitude":-2.0,"azimuth":0.7656007409095764,"ele_confid":0,"azi_confid":1},{"elevation":0.0013721105642616749,"super_res_target":0,"scan_index":0,"timestamp":1667974882.220243,"range_rate":2.453125,"veh_clutter":0,"header":{"sequence_num":76920},"range":20.890625,"near_target":0.0,"amplitude":-5.0,"azimuth":-0.3251621127128601,"ele_confid":0,"azi_confid":1},{"elevation":0.0013721105642616749,"super_res_target":0,"scan_index":0,"timestamp":1667974882.220243,"range_rate":-1.34375,"veh_clutter":0,"header":{"sequence_num":76920},"range":22.3125,"near_target":0.0,"amplitude":-8.0,"azimuth":0.8227269053459167,"ele_confid":0,"azi_confid":3},{"elevation":0.0013721105642616749,"super_res_target":0,"scan_index":0,"timestamp":1667974882.220243,"range_rate":2.609375,"veh_clutter":0,"header":{"sequence_num":76920},"range":22.90625,"near_target":0.0,"amplitude":-4.0,"azimuth":-0.38458868861198425,"ele_confid":0,"azi_confid":1},{"elevation":0.0013721105642616749,"super_res_target":0,"scan_index":0,"timestamp":1667974882.220717,"range_rate":0.109375,"veh_clutter":0,"header":{"sequence_num":76920},"range":23.859375,"near_target":0.0,"amplitude":-11.0,"azimuth":-0.03033020906150341,"ele_confid":0,"azi_confid":3},{"elevation":0.0013721105642616749,"super_res_target":0,"scan_index":0,"timestamp":1667974882.220717,"range_rate":0.828125,"veh_clutter":0,"header":{"sequence_num":76920},"range":25.21875,"near_target":0.0,"amplitude":-8.0,"azimuth":-0.14841637015342712,"ele_confid":0,"azi_confid":3},{"elevation":0.0013721105642616749,"super_res_target":0,"scan_index":0,"timestamp":1667974882.220717,"range_rate":0.125,"veh_clutter":0,"header":{"sequence_num":76920},"range":25.28125,"near_target":0.0,"amplitude":-11.0,"azimuth":0.32392799854278564,"ele_confid":0,"azi_confid":3},{"elevation":0.0013721105642616749,"super_res_target":0,"scan_index":0,"timestamp":1667974882.220717,"range_rate":-0.265625,"veh_clutter":0,"header":{"sequence_num":76920},"range":26.53125,"near_target":0.0,"amplitude":-2.0,"azimuth":0.5202269554138184,"ele_confid":0,"azi_confid":1},{"elevation":0.0013721105642616749,"super_res_target":0,"scan_index":0,"timestamp":1667974882.220717,"range_rate":-0.640625,"veh_clutter":0,"header":{"sequence_num":76920},"range":29.03125,"near_target":0.0,"amplitude":-9.0,"azimuth":-0.5425479412078857,"ele_confid":0,"azi_confid":3},{"elevation":0.0013721105642616749,"super_res_target":0,"scan_index":0,"timestamp":1667974882.220717,"range_rate":-0.328125,"veh_clutter":0,"header":{"sequence_num":76920},"range":30.4375,"near_target":0.0,"amplitude":-8.0,"azimuth":0.42859530448913574,"ele_confid":0,"azi_confid":1},{"elevation":0.0013721105642616749,"super_res_target":0,"scan_index":0,"timestamp":1667974882.221226,"range_rate":3.015625,"veh_clutter":0,"header":{"sequence_num":76920},"range":31.109375,"near_target":0.0,"amplitude":-4.0,"azimuth":-0.5770537257194519,"ele_confid":0,"azi_confid":1},{"elevation":0.0013721105642616749,"super_res_target":0,"scan_index":0,"timestamp":1667974882.221226,"range_rate":0.84375,"veh_clutter":0,"header":{"sequence_num":76920},"range":33.265625,"near_target":0.0,"amplitude":-7.0,"azimuth":-0.15071681141853333,"ele_confid":0,"azi_confid":3},{"elevation":0.0013721105642616749,"super_res_target":0,"scan_index":0,"timestamp":1667974882.221226,"range_rate":3.140625,"veh_clutter":0,"header":{"sequence_num":76920},"range":35.828125,"near_target":0.0,"amplitude":-6.0,"azimuth":-0.6775036454200745,"ele_confid":0,"azi_confid":3},{"elevation":0.0013721105642616749,"super_res_target":0,"scan_index":0,"timestamp":1667974882.221226,"range_rate":-2.984375,"veh_clutter":0,"header":{"sequence_num":76920},"range":36.546875,"near_target":0.0,"amplitude":-4.0,"azimuth":-0.05985188111662865,"ele_confid":0,"azi_confid":3},{"elevation":0.0013721105642616749,"super_res_target":0,"scan_index":0,"timestamp":1667974882.221226,"range_rate":-2.875,"veh_clutter":0,"header":{"sequence_num":76920},"range":38.203125,"near_target":0.0,"amplitude":0.0,"azimuth":1.2256765365600586,"ele_confid":0,"azi_confid":3},{"elevation":0.0013721105642616749,"super_res_target":0,"scan_index":0,"timestamp":1667974882.221226,"range_rate":0.40625,"veh_clutter":0,"header":{"sequence_num":76920},"range":41.03125,"near_target":0.0,"amplitude":-4.0,"azimuth":-0.05295083299279213,"ele_confid":0,"azi_confid":3},{"elevation":0.0013721105642616749,"super_res_target":0,"scan_index":0,"timestamp":1667974882.221811,"range_rate":3.515625,"veh_clutter":0,"header":{"sequence_num":76920},"range":11.4375,"near_target":0.0,"amplitude":8.0,"azimuth":-1.0440306663513184,"ele_confid":0,"azi_confid":0},{"elevation":0.0013721105642616749,"super_res_target":0,"scan_index":0,"timestamp":1667974882.221811,"range_rate":3.53125,"veh_clutter":0,"header":{"sequence_num":76920},"range":17.53125,"near_target":0.0,"amplitude":16.0,"azimuth":-1.0547657012939453,"ele_confid":0,"azi_confid":0},{"elevation":0.0013721105642616749,"super_res_target":0,"scan_index":0,"timestamp":1667974882.221811,"range_rate":3.515625,"veh_clutter":0,"header":{"sequence_num":76920},"range":14.765625,"near_target":0.0,"amplitude":10.0,"azimuth":-1.06166672706604,"ele_confid":0,"azi_confid":0},{"elevation":0.0013721105642616749,"super_res_target":0,"scan_index":0,"timestamp":1667974882.221811,"range_rate":3.53125,"veh_clutter":0,"header":{"sequence_num":76920},"range":20.484375,"near_target":0.0,"amplitude":12.0,"azimuth":-1.0651174783706665,"ele_confid":0,"azi_confid":0},{"elevation":0.0013721105642616749,"super_res_target":0,"scan_index":0,"timestamp":1667974882.221811,"range_rate":3.515625,"veh_clutter":0,"header":{"sequence_num":76920},"range":8.625,"near_target":0.0,"amplitude":5.0,"azimuth":-1.0022403001785278,"ele_confid":0,"azi_confid":0},{"elevation":0.0013721105642616749,"super_res_target":0,"scan_index":0,"timestamp":1667974882.221811,"range_rate":3.53125,"veh_clutter":0,"header":{"sequence_num":76920},"range":29.21875,"near_target":0.0,"amplitude":17.0,"azimuth":-1.06166672706604,"ele_confid":0,"azi_confid":0},{"elevation":0.0013721105642616749,"super_res_target":0,"scan_index":0,"timestamp":1667974882.223248,"range_rate":3.53125,"veh_clutter":0,"header":{"sequence_num":76920},"range":23.75,"near_target":0.0,"amplitude":2.0,"azimuth":-1.0720185041427612,"ele_confid":0,"azi_confid":1},{"elevation":0.0013721105642616749,"super_res_target":0,"scan_index":0,"timestamp":1667974882.223248,"range_rate":3.453125,"veh_clutter":0,"header":{"sequence_num":76920},"range":5.90625,"near_target":0.0,"amplitude":11.0,"azimuth":-0.9324621558189392,"ele_confid":0,"azi_confid":0},{"elevation":0.0013721105642616749,"super_res_target":0,"scan_index":0,"timestamp":1667974882.223248,"range_rate":3.3125,"veh_clutter":0,"header":{"sequence_num":76920},"range":2.859375,"near_target":0.0,"amplitude":-13.0,"azimuth":-0.7771865725517273,"ele_confid":0,"azi_confid":2},{"elevation":0.0013721105642616749,"super_res_target":0,"scan_index":0,"timestamp":1667974882.223248,"range_rate":3.53125,"veh_clutter":0,"header":{"sequence_num":76920},"range":35.03125,"near_target":0.0,"amplitude":18.0,"azimuth":-1.0827536582946777,"ele_confid":0,"azi_confid":0},{"elevation":0.0013721105642616749,"super_res_target":0,"scan_index":0,"timestamp":1667974882.223248,"range_rate":3.515625,"veh_clutter":0,"header":{"sequence_num":76920},"range":61.53125,"near_target":0.0,"amplitude":4.0,"azimuth":-1.0984728336334229,"ele_confid":0,"azi_confid":2},{"elevation":0.0013721105642616749,"super_res_target":0,"scan_index":0,"timestamp":1667974882.223248,"range_rate":3.515625,"veh_clutter":0,"header":{"sequence_num":76920},"range":32.125,"near_target":0.0,"amplitude":6.0,"azimuth":-1.0896546840667725,"ele_confid":0,"azi_confid":1},{"elevation":0.0013721105642616749,"super_res_target":0,"scan_index":0,"timestamp":1667974882.223719,"range_rate":3.53125,"veh_clutter":0,"header":{"sequence_num":76920},"range":40.984375,"near_target":0.0,"amplitude":9.0,"azimuth":-1.0827536582946777,"ele_confid":0,"azi_confid":1},{"elevation":0.0013721105642616749,"super_res_target":0,"scan_index":0,"timestamp":1667974882.223719,"range_rate":3.53125,"veh_clutter":0,"header":{"sequence_num":76920},"range":46.953125,"near_target":0.0,"amplitude":9.0,"azimuth":-1.0827536582946777,"ele_confid":0,"azi_confid":0},{"elevation":0.0013721105642616749,"super_res_target":0,"scan_index":0,"timestamp":1667974882.223719,"range_rate":3.46875,"veh_clutter":0,"header":{"sequence_num":76920},"range":25.84375,"near_target":0.0,"amplitude":-4.0,"azimuth":-1.0516985654830933,"ele_confid":0,"azi_confid":3},{"elevation":0.0013721105642616749,"super_res_target":0,"scan_index":0,"timestamp":1667974882.223719,"range_rate":3.5,"veh_clutter":0,"header":{"sequence_num":76920},"range":70.640625,"near_target":0.0,"amplitude":3.0,"azimuth":-1.0720185041427612,"ele_confid":0,"azi_confid":3},{"elevation":0.0013721105642616749,"super_res_target":0,"scan_index":0,"timestamp":1667974882.223719,"range_rate":3.53125,"veh_clutter":0,"header":{"sequence_num":76920},"range":43.921875,"near_target":0.0,"amplitude":19.0,"azimuth":-1.093105435371399,"ele_confid":0,"azi_confid":0},{"elevation":0.0013721105642616749,"super_res_target":0,"scan_index":0,"timestamp":1667974882.223719,"range_rate":3.53125,"veh_clutter":0,"header":{"sequence_num":76920},"range":52.71875,"near_target":0.0,"amplitude":12.0,"azimuth":-1.086204171180725,"ele_confid":0,"azi_confid":0},{"elevation":0.0013721105642616749,"super_res_target":0,"scan_index":0,"timestamp":1667974882.224161,"range_rate":3.53125,"veh_clutter":0,"header":{"sequence_num":76920},"range":49.6875,"near_target":0.0,"amplitude":9.0,"azimuth":-1.093105435371399,"ele_confid":0,"azi_confid":0},{"elevation":0.0013721105642616749,"super_res_target":0,"scan_index":0,"timestamp":1667974882.224161,"range_rate":3.53125,"veh_clutter":0,"header":{"sequence_num":76920},"range":64.4375,"near_target":0.0,"amplitude":11.0,"azimuth":-1.0827536582946777,"ele_confid":0,"azi_confid":0},{"elevation":0.0013721105642616749,"super_res_target":0,"scan_index":0,"timestamp":1667974882.224161,"range_rate":3.53125,"veh_clutter":0,"header":{"sequence_num":76920},"range":55.71875,"near_target":0.0,"amplitude":13.0,"azimuth":-1.0896546840667725,"ele_confid":0,"azi_confid":1},{"elevation":0.0013721105642616749,"super_res_target":0,"scan_index":0,"timestamp":1667974882.224161,"range_rate":-1.8125,"veh_clutter":0,"header":{"sequence_num":76920},"range":4.8125,"near_target":0.0,"amplitude":-11.0,"azimuth":1.0194090604782104,"ele_confid":0,"azi_confid":3}],"type":8}
