{"measurement_time":1667974882.321799,"header":{"timestamp_sec":1667974882.3261685,"sequence_num":76915},"range_coverage":100.578125,"aptiv_point":[{"elevation":0.0013721105642616749,"super_res_target":0,"scan_index":2,"timestamp":1667974882.321799,"range_rate":0.0625,"veh_clutter":0,"header":{"sequence_num":76915},"range":3.625,"near_target":0.0,"amplitude":-12.0,"azimuth":-0.593923032283783,"ele_confid":0,"azi_confid":1},{"elevation":0.0013721105642616749,"super_res_target":0,"scan_index":2,"timestamp":1667974882.321799,"range_rate":-2.3125,"veh_clutter":0,"header":{"sequence_num":76915},"range":5.46875,"near_target":0.0,"amplitude":-10.0,"azimuth":0.13913099467754364,"ele_confid":0,"azi_confid":0},{"elevation":0.0013721105642616749,"super_res_target":0,"scan_index":2,"timestamp":1667974882.321799,"range_rate":1.640625,"veh_clutter":0,"header":{"sequence_num":76915},"range":4.625,"near_target":0.0,"amplitude":3.0,"azimuth":-1.0685679912567139,"ele_confid":0,"azi_confid":0},{"elevation":0.0013721105642616749,"super_res_target":0,"scan_index":2,"timestamp":1667974882.321799,"range_rate":-2.65625,"veh_clutter":0,"header":{"sequence_num":76915},"range":6.9375,"near_target":0.0,"amplitude":-9.0,"azimuth":0.2679520845413208,"ele_confid":0,"azi_confid":0},{"elevation":0.0013721105642616749,"super_res_target":0,"scan_index":2,"timestamp":1667974882.321799,"range_rate":-3.09375,"veh_clutter":0,"header":{"sequence_num":76915},"range":7.046875,"near_target":0.0,"amplitude":-7.0,"azimuth":0.4807370603084564,"ele_confid":0,"azi_confid":1},{"elevation":0.0013721105642616749,"super_res_target":0,"scan_index":2,"timestamp":1667974882.321799,"range_rate":0.453125,"veh_clutter":0,"header":{"sequence_num":76915},"range":7.0625,"near_target":0.0,"amplitude":-13.0,"azimuth":-0.70204097032547,"ele_confid":0,"azi_confid":0},{"elevation":0.0013721105642616749,"super_res_target":0,"scan_index":2,"timestamp":1667974882.322174,"range_rate":-0.71875,"veh_clutter":0,"header":{"sequence_num":76915},"range":9.28125,"near_target":0.0,"amplitude":-9.0,"azimuth":-0.3707863390445709,"ele_confid":0,"azi_confid":1},{"elevation":0.0013721105642616749,"super_res_target":0,"scan_index":2,"timestamp":1667974882.322174,"range_rate":-2.90625,"veh_clutter":0,"header":{"sequence_num":76915},"range":9.796875,"near_target":0.0,"amplitude":-1.0,"azimuth":0.3868049681186676,"ele_confid":0,"azi_confid":0},{"elevation":0.0013721105642616749,"super_res_target":0,"scan_index":2,"timestamp":1667974882.322174,"range_rate":-0.921875,"veh_clutter":0,"header":{"sequence_num":76915},"range":10.03125,"near_target":0.0,"amplitude":-7.0,"azimuth":-0.31136003136634827,"ele_confid":0,"azi_confid":1},{"elevation":0.0013721105642616749,"super_res_target":0,"scan_index":2,"timestamp":1667974882.322174,"range_rate":1.125,"veh_clutter":0,"header":{"sequence_num":76915},"range":15.78125,"near_target":0.0,"amplitude":-3.0,"azimuth":-0.8975731730461121,"ele_confid":0,"azi_confid":0},{"elevation":0.0013721105642616749,"super_res_target":0,"scan_index":2,"timestamp":1667974882.322174,"range_rate":0.484375,"veh_clutter":0,"header":{"sequence_num":76915},"range":15.140625,"near_target":0.0,"amplitude":-11.0,"azimuth":-0.7346295118331909,"ele_confid":0,"azi_confid":1},{"elevation":0.0013721105642616749,"super_res_target":0,"scan_index":2,"timestamp":1667974882.322174,"range_rate":1.40625,"veh_clutter":0,"header":{"sequence_num":76915},"range":16.671875,"near_target":0.0,"amplitude":-3.0,"azimuth":-0.9849875569343567,"ele_confid":0,"azi_confid":1},{"elevation":0.0013721105642616749,"super_res_target":0,"scan_index":2,"timestamp":1667974882.322551,"range_rate":1.09375,"veh_clutter":0,"header":{"sequence_num":76915},"range":15.984375,"near_target":0.0,"amplitude":-4.0,"azimuth":-0.8837708234786987,"ele_confid":0,"azi_confid":0},{"elevation":0.0013721105642616749,"super_res_target":0,"scan_index":2,"timestamp":1667974882.322551,"range_rate":1.609375,"veh_clutter":0,"header":{"sequence_num":76915},"range":17.296875,"near_target":0.0,"amplitude":0.0,"azimuth":-1.0827536582946777,"ele_confid":0,"azi_confid":0},{"elevation":0.0013721105642616749,"super_res_target":0,"scan_index":2,"timestamp":1667974882.322551,"range_rate":0.828125,"veh_clutter":0,"header":{"sequence_num":76915},"range":17.25,"near_target":0.0,"amplitude":-8.0,"azimuth":-0.792905867099762,"ele_confid":0,"azi_confid":1},{"elevation":0.0013721105642616749,"super_res_target":0,"scan_index":2,"timestamp":1667974882.322551,"range_rate":0.109375,"veh_clutter":0,"header":{"sequence_num":76915},"range":16.96875,"near_target":0.0,"amplitude":-12.0,"azimuth":-0.6042746901512146,"ele_confid":0,"azi_confid":1},{"elevation":0.0013721105642616749,"super_res_target":0,"scan_index":2,"timestamp":1667974882.322551,"range_rate":-1.96875,"veh_clutter":0,"header":{"sequence_num":76915},"range":19.796875,"near_target":0.0,"amplitude":-8.0,"azimuth":0.016827449202537537,"ele_confid":0,"azi_confid":0},{"elevation":0.0013721105642616749,"super_res_target":0,"scan_index":2,"timestamp":1667974882.322551,"range_rate":-0.59375,"veh_clutter":0,"header":{"sequence_num":76915},"range":20.921875,"near_target":0.0,"amplitude":-10.0,"azimuth":-0.4229283630847931,"ele_confid":0,"azi_confid":3},{"elevation":0.0013721105642616749,"super_res_target":0,"scan_index":2,"timestamp":1667974882.322924,"range_rate":-0.6875,"veh_clutter":0,"header":{"sequence_num":76915},"range":22.0,"near_target":0.0,"amplitude":-10.0,"azimuth":-0.3358973264694214,"ele_confid":0,"azi_confid":3},{"elevation":0.0013721105642616749,"super_res_target":0,"scan_index":2,"timestamp":1667974882.322924,"range_rate":-5.96875,"veh_clutter":0,"header":{"sequence_num":76915},"range":22.8125,"near_target":0.0,"amplitude":7.0,"azimuth":0.9174256920814514,"ele_confid":0,"azi_confid":0},{"elevation":0.0013721105642616749,"super_res_target":0,"scan_index":2,"timestamp":1667974882.322924,"range_rate":-2.71875,"veh_clutter":0,"header":{"sequence_num":76915},"range":23.015625,"near_target":0.0,"amplitude":-1.0,"azimuth":0.30284109711647034,"ele_confid":0,"azi_confid":1},{"elevation":0.0013721105642616749,"super_res_target":0,"scan_index":2,"timestamp":1667974882.322924,"range_rate":-4.9375,"veh_clutter":0,"header":{"sequence_num":76915},"range":23.6875,"near_target":0.0,"amplitude":-10.0,"azimuth":0.8403631448745728,"ele_confid":0,"azi_confid":1},{"elevation":0.0013721105642616749,"super_res_target":0,"scan_index":2,"timestamp":1667974882.322924,"range_rate":-5.234375,"veh_clutter":0,"header":{"sequence_num":76915},"range":23.203125,"near_target":0.0,"amplitude":-3.0,"azimuth":0.8683511018753052,"ele_confid":0,"azi_confid":0},{"elevation":0.0013721105642616749,"super_res_target":0,"scan_index":2,"timestamp":1667974882.322924,"range_rate":-0.984375,"veh_clutter":0,"header":{"sequence_num":76915},"range":24.015625,"near_target":0.0,"amplitude":-9.0,"azimuth":-0.2971741557121277,"ele_confid":0,"azi_confid":1},{"elevation":0.0013721105642616749,"super_res_target":0,"scan_index":2,"timestamp":1667974882.323292,"range_rate":-5.671875,"veh_clutter":0,"header":{"sequence_num":76915},"range":23.984375,"near_target":0.0,"amplitude":-7.0,"azimuth":0.9243267774581909,"ele_confid":0,"azi_confid":1},{"elevation":0.0013721105642616749,"super_res_target":0,"scan_index":2,"timestamp":1667974882.323292,"range_rate":-7.21875,"veh_clutter":0,"header":{"sequence_num":76915},"range":23.984375,"near_target":0.0,"amplitude":-7.0,"azimuth":0.945030152797699,"ele_confid":0,"azi_confid":1},{"elevation":0.0013721105642616749,"super_res_target":0,"scan_index":2,"timestamp":1667974882.323292,"range_rate":-6.75,"veh_clutter":0,"header":{"sequence_num":76915},"range":25.1875,"near_target":0.0,"amplitude":3.0,"azimuth":0.9661170840263367,"ele_confid":0,"azi_confid":0},{"elevation":0.0013721105642616749,"super_res_target":0,"scan_index":2,"timestamp":1667974882.323292,"range_rate":-6.90625,"veh_clutter":0,"header":{"sequence_num":76915},"range":26.640625,"near_target":0.0,"amplitude":-2.0,"azimuth":0.962666392326355,"ele_confid":0,"azi_confid":1},{"elevation":0.0013721105642616749,"super_res_target":0,"scan_index":2,"timestamp":1667974882.323292,"range_rate":-2.5625,"veh_clutter":0,"header":{"sequence_num":76915},"range":27.15625,"near_target":0.0,"amplitude":1.0,"azimuth":0.22616203129291534,"ele_confid":0,"azi_confid":1},{"elevation":0.0013721105642616749,"super_res_target":0,"scan_index":2,"timestamp":1667974882.323292,"range_rate":-1.296875,"veh_clutter":0,"header":{"sequence_num":76915},"range":29.59375,"near_target":0.0,"amplitude":-3.0,"azimuth":-0.17180371284484863,"ele_confid":0,"azi_confid":1},{"elevation":0.0013721105642616749,"super_res_target":0,"scan_index":2,"timestamp":1667974882.323662,"range_rate":-7.09375,"veh_clutter":0,"header":{"sequence_num":76915},"range":29.8125,"near_target":0.0,"amplitude":-5.0,"azimuth":0.997555673122406,"ele_confid":0,"azi_confid":1},{"elevation":0.0013721105642616749,"super_res_target":0,"scan_index":2,"timestamp":1667974882.323662,"range_rate":-2.1875,"veh_clutter":0,"header":{"sequence_num":76915},"range":31.140625,"near_target":0.0,"amplitude":-8.0,"azimuth":0.09350678324699402,"ele_confid":0,"azi_confid":3},{"elevation":0.0013721105642616749,"super_res_target":0,"scan_index":2,"timestamp":1667974882.323662,"range_rate":-1.40625,"veh_clutter":0,"header":{"sequence_num":76915},"range":31.9375,"near_target":0.0,"amplitude":4.0,"azimuth":-0.15761785209178925,"ele_confid":0,"azi_confid":1},{"elevation":0.0013721105642616749,"super_res_target":0,"scan_index":2,"timestamp":1667974882.323662,"range_rate":-2.890625,"veh_clutter":0,"header":{"sequence_num":76915},"range":32.90625,"near_target":0.0,"amplitude":-5.0,"azimuth":0.36610156297683716,"ele_confid":0,"azi_confid":1},{"elevation":0.0013721105642616749,"super_res_target":0,"scan_index":2,"timestamp":1667974882.323662,"range_rate":-2.75,"veh_clutter":0,"header":{"sequence_num":76915},"range":34.3125,"near_target":0.0,"amplitude":7.0,"azimuth":0.32047733664512634,"ele_confid":0,"azi_confid":0},{"elevation":0.0013721105642616749,"super_res_target":0,"scan_index":2,"timestamp":1667974882.323662,"range_rate":-2.234375,"veh_clutter":0,"header":{"sequence_num":76915},"range":35.5625,"near_target":0.0,"amplitude":13.0,"azimuth":0.11075954139232635,"ele_confid":0,"azi_confid":0},{"elevation":0.0013721105642616749,"super_res_target":0,"scan_index":2,"timestamp":1667974882.324036,"range_rate":-2.59375,"veh_clutter":0,"header":{"sequence_num":76915},"range":36.625,"near_target":0.0,"amplitude":12.0,"azimuth":0.25414973497390747,"ele_confid":0,"azi_confid":1},{"elevation":0.0013721105642616749,"super_res_target":0,"scan_index":2,"timestamp":1667974882.324036,"range_rate":-2.484375,"veh_clutter":0,"header":{"sequence_num":76915},"range":38.078125,"near_target":0.0,"amplitude":15.0,"azimuth":0.20507511496543884,"ele_confid":0,"azi_confid":1},{"elevation":0.0013721105642616749,"super_res_target":0,"scan_index":2,"timestamp":1667974882.324036,"range_rate":-2.234375,"veh_clutter":0,"header":{"sequence_num":76915},"range":42.5,"near_target":0.0,"amplitude":6.0,"azimuth":0.11075954139232635,"ele_confid":0,"azi_confid":0},{"elevation":0.0013721105642616749,"super_res_target":0,"scan_index":2,"timestamp":1667974882.324036,"range_rate":-2.703125,"veh_clutter":0,"header":{"sequence_num":76915},"range":43.875,"near_target":0.0,"amplitude":14.0,"azimuth":0.30284109711647034,"ele_confid":0,"azi_confid":0},{"elevation":0.0013721105642616749,"super_res_target":0,"scan_index":2,"timestamp":1667974882.324036,"range_rate":-2.453125,"veh_clutter":0,"header":{"sequence_num":76915},"range":45.5,"near_target":0.0,"amplitude":8.0,"azimuth":0.19472341239452362,"ele_confid":0,"azi_confid":1},{"elevation":0.0013721105642616749,"super_res_target":0,"scan_index":2,"timestamp":1667974882.324036,"range_rate":-3.484375,"veh_clutter":0,"header":{"sequence_num":76915},"range":45.96875,"near_target":0.0,"amplitude":1.0,"azimuth":1.1547482013702393,"ele_confid":0,"azi_confid":1},{"elevation":0.0013721105642616749,"super_res_target":0,"scan_index":2,"timestamp":1667974882.324411,"range_rate":-2.390625,"veh_clutter":0,"header":{"sequence_num":76915},"range":50.171875,"near_target":0.0,"amplitude":9.0,"azimuth":0.1632847934961319,"ele_confid":0,"azi_confid":1},{"elevation":0.0013721105642616749,"super_res_target":0,"scan_index":2,"timestamp":1667974882.324411,"range_rate":-2.703125,"veh_clutter":0,"header":{"sequence_num":76915},"range":51.109375,"near_target":0.0,"amplitude":2.0,"azimuth":0.3346632122993469,"ele_confid":0,"azi_confid":3},{"elevation":0.0013721105642616749,"super_res_target":0,"scan_index":2,"timestamp":1667974882.324411,"range_rate":-2.46875,"veh_clutter":0,"header":{"sequence_num":76915},"range":55.921875,"near_target":0.0,"amplitude":1.0,"azimuth":0.14718225598335266,"ele_confid":0,"azi_confid":3},{"elevation":0.0013721105642616749,"super_res_target":0,"scan_index":2,"timestamp":1667974882.324411,"range_rate":-3.5,"veh_clutter":0,"header":{"sequence_num":76915},"range":56.171875,"near_target":0.0,"amplitude":14.0,"azimuth":1.1999889612197876,"ele_confid":0,"azi_confid":1},{"elevation":0.0013721105642616749,"super_res_target":0,"scan_index":2,"timestamp":1667974882.324411,"range_rate":-2.46875,"veh_clutter":0,"header":{"sequence_num":76915},"range":59.140625,"near_target":0.0,"amplitude":3.0,"azimuth":0.2031581848859787,"ele_confid":0,"azi_confid":3},{"elevation":0.0013721105642616749,"super_res_target":0,"scan_index":2,"timestamp":1667974882.324411,"range_rate":-0.953125,"veh_clutter":0,"header":{"sequence_num":76915},"range":59.8125,"near_target":0.0,"amplitude":-4.0,"azimuth":0.05516711622476578,"ele_confid":0,"azi_confid":3},{"elevation":0.0013721105642616749,"super_res_target":0,"scan_index":2,"timestamp":1667974882.325143,"range_rate":-3.5,"veh_clutter":0,"header":{"sequence_num":76915},"range":59.71875,"near_target":0.0,"amplitude":14.0,"azimuth":1.1650999784469604,"ele_confid":0,"azi_confid":1},{"elevation":0.0013721105642616749,"super_res_target":0,"scan_index":2,"timestamp":1667974882.325143,"range_rate":-2.703125,"veh_clutter":0,"header":{"sequence_num":76915},"range":61.640625,"near_target":0.0,"amplitude":1.0,"azimuth":0.30974242091178894,"ele_confid":0,"azi_confid":1},{"elevation":0.0013721105642616749,"super_res_target":0,"scan_index":2,"timestamp":1667974882.325143,"range_rate":-2.671875,"veh_clutter":0,"header":{"sequence_num":76915},"range":62.78125,"near_target":0.0,"amplitude":1.0,"azimuth":0.30284109711647034,"ele_confid":0,"azi_confid":1},{"elevation":0.0013721105642616749,"super_res_target":0,"scan_index":2,"timestamp":1667974882.325143,"range_rate":-3.515625,"veh_clutter":0,"header":{"sequence_num":76915},"range":63.0625,"near_target":0.0,"amplitude":14.0,"azimuth":1.2210756540298462,"ele_confid":0,"azi_confid":1},{"elevation":0.0013721105642616749,"super_res_target":0,"scan_index":2,"timestamp":1667974882.325143,"range_rate":-2.609375,"veh_clutter":0,"header":{"sequence_num":76915},"range":63.921875,"near_target":0.0,"amplitude":3.0,"azimuth":0.24379801750183105,"ele_confid":0,"azi_confid":3},{"elevation":0.0013721105642616749,"super_res_target":0,"scan_index":2,"timestamp":1667974882.325143,"range_rate":-2.234375,"veh_clutter":0,"header":{"sequence_num":76915},"range":66.703125,"near_target":0.0,"amplitude":1.0,"azimuth":0.09695716947317123,"ele_confid":0,"azi_confid":1},{"elevation":0.0013721105642616749,"super_res_target":0,"scan_index":2,"timestamp":1667974882.325635,"range_rate":-3.515625,"veh_clutter":0,"header":{"sequence_num":76915},"range":67.578125,"near_target":0.0,"amplitude":22.0,"azimuth":1.1440130472183228,"ele_confid":0,"azi_confid":0},{"elevation":0.0013721105642616749,"super_res_target":0,"scan_index":2,"timestamp":1667974882.325635,"range_rate":-2.453125,"veh_clutter":0,"header":{"sequence_num":76915},"range":68.375,"near_target":0.0,"amplitude":7.0,"azimuth":0.20009101927280426,"ele_confid":0,"azi_confid":1},{"elevation":0.0013721105642616749,"super_res_target":0,"scan_index":2,"timestamp":1667974882.325635,"range_rate":-3.515625,"veh_clutter":0,"header":{"sequence_num":76915},"range":70.625,"near_target":0.0,"amplitude":15.0,"azimuth":1.1512975692749023,"ele_confid":0,"azi_confid":0},{"elevation":0.0013721105642616749,"super_res_target":0,"scan_index":2,"timestamp":1667974882.325635,"range_rate":-3.515625,"veh_clutter":0,"header":{"sequence_num":76915},"range":73.53125,"near_target":0.0,"amplitude":16.0,"azimuth":1.1440130472183228,"ele_confid":0,"azi_confid":0},{"elevation":0.0013721105642616749,"super_res_target":0,"scan_index":2,"timestamp":1667974882.325635,"range_rate":-3.515625,"veh_clutter":0,"header":{"sequence_num":76915},"range":76.703125,"near_target":0.0,"amplitude":19.0,"azimuth":1.1129579544067383,"ele_confid":0,"azi_confid":0},{"elevation":0.0013721105642616749,"super_res_target":0,"scan_index":2,"timestamp":1667974882.325635,"range_rate":-3.515625,"veh_clutter":0,"header":{"sequence_num":76915},"range":79.421875,"near_target":0.0,"amplitude":13.0,"azimuth":1.1685503721237183,"ele_confid":0,"azi_confid":1},{"elevation":0.0013721105642616749,"super_res_target":0,"scan_index":2,"timestamp":1667974882.326057,"range_rate":-3.515625,"veh_clutter":0,"header":{"sequence_num":76915},"range":84.953125,"near_target":0.0,"amplitude":14.0,"azimuth":1.1512975692749023,"ele_confid":0,"azi_confid":1},{"elevation":0.0013721105642616749,"super_res_target":0,"scan_index":2,"timestamp":1667974882.326057,"range_rate":-1.984375,"veh_clutter":0,"header":{"sequence_num":76915},"range":93.265625,"near_target":0.0,"amplitude":6.0,"azimuth":0.009926400147378445,"ele_confid":0,"azi_confid":3},{"elevation":0.0013721105642616749,"super_res_target":0,"scan_index":2,"timestamp":1667974882.326057,"range_rate":-3.515625,"veh_clutter":0,"header":{"sequence_num":76915},"range":94.15625,"near_target":0.0,"amplitude":17.0,"azimuth":1.1056734323501587,"ele_confid":0,"azi_confid":1},{"elevation":0.0013721105642616749,"super_res_target":0,"scan_index":2,"timestamp":1667974882.326057,"range_rate":-2.09375,"veh_clutter":0,"header":{"sequence_num":76915},"range":95.890625,"near_target":0.0,"amplitude":20.0,"azimuth":0.0655188262462616,"ele_confid":0,"azi_confid":1}],"type":8}
