{"measurement_time":1667974882.225716,"header":{"timestamp_sec":1667974882.2309875,"sequence_num":76920},"range_coverage":93.015625,"aptiv_point":[{"elevation":0.0013721105642616749,"super_res_target":0,"scan_index":0,"timestamp":1667974882.225716,"range_rate":-0.78125,"veh_clutter":0,"header":{"sequence_num":76920},"range":1.796875,"near_target":0.0,"amplitude":-21.0,"azimuth":-0.8036410808563232,"ele_confid":0,"azi_confid":3},{"elevation":0.0013721105642616749,"super_res_target":0,"scan_index":0,"timestamp":1667974882.225716,"range_rate":0.40625,"veh_clutter":0,"header":{"sequence_num":76920},"range":1.65625,"near_target":0.0,"amplitude":-13.0,"azimuth":-0.44363176822662354,"ele_confid":0,"azi_confid":0},{"elevation":0.0013721105642616749,"super_res_target":0,"scan_index":0,"timestamp":1667974882.225716,"range_rate":-0.140625,"veh_clutter":0,"header":{"sequence_num":76920},"range":1.890625,"near_target":0.0,"amplitude":-11.0,"azimuth":-0.658717155456543,"ele_confid":0,"azi_confid":1},{"elevation":0.0013721105642616749,"super_res_target":0,"scan_index":0,"timestamp":1667974882.225716,"range_rate":-1.0625,"veh_clutter":0,"header":{"sequence_num":76920},"range":2.03125,"near_target":0.0,"amplitude":-30.0,"azimuth":0.460033655166626,"ele_confid":0,"azi_confid":3},{"elevation":0.0013721105642616749,"super_res_target":0,"scan_index":0,"timestamp":1667974882.225716,"range_rate":3.25,"veh_clutter":0,"header":{"sequence_num":76920},"range":4.15625,"near_target":0.0,"amplitude":0.0,"azimuth":0.5823372006416321,"ele_confid":0,"azi_confid":1},{"elevation":0.0013721105642616749,"super_res_target":0,"scan_index":0,"timestamp":1667974882.225716,"range_rate":-1.921875,"veh_clutter":0,"header":{"sequence_num":76920},"range":4.90625,"near_target":0.0,"amplitude":-18.0,"azimuth":-1.1437137126922607,"ele_confid":0,"azi_confid":3},{"elevation":0.0013721105642616749,"super_res_target":0,"scan_index":0,"timestamp":1667974882.226091,"range_rate":1.8125,"veh_clutter":0,"header":{"sequence_num":76920},"range":5.015625,"near_target":0.0,"amplitude":-24.0,"azimuth":-0.46816906332969666,"ele_confid":0,"azi_confid":3},{"elevation":0.0013721105642616749,"super_res_target":0,"scan_index":0,"timestamp":1667974882.226091,"range_rate":3.234375,"veh_clutter":0,"header":{"sequence_num":76920},"range":6.21875,"near_target":0.0,"amplitude":2.0,"azimuth":1.2095739841461182,"ele_confid":0,"azi_confid":3},{"elevation":0.0013721105642616749,"super_res_target":0,"scan_index":0,"timestamp":1667974882.226091,"range_rate":-1.625,"veh_clutter":0,"header":{"sequence_num":76920},"range":7.0,"near_target":0.0,"amplitude":-19.0,"azimuth":1.0742347240447998,"ele_confid":0,"azi_confid":3},{"elevation":0.0013721105642616749,"super_res_target":0,"scan_index":0,"timestamp":1667974882.226091,"range_rate":3.40625,"veh_clutter":0,"header":{"sequence_num":76920},"range":7.734375,"near_target":0.0,"amplitude":-2.0,"azimuth":0.7448973655700684,"ele_confid":0,"azi_confid":3},{"elevation":0.0013721105642616749,"super_res_target":0,"scan_index":0,"timestamp":1667974882.226091,"range_rate":1.703125,"veh_clutter":0,"header":{"sequence_num":76920},"range":8.09375,"near_target":0.0,"amplitude":10.0,"azimuth":-0.07058708369731903,"ele_confid":0,"azi_confid":1},{"elevation":0.0013721105642616749,"super_res_target":0,"scan_index":0,"timestamp":1667974882.226091,"range_rate":1.078125,"veh_clutter":0,"header":{"sequence_num":76920},"range":7.578125,"near_target":0.0,"amplitude":-2.0,"azimuth":-0.26228514313697815,"ele_confid":0,"azi_confid":1},{"elevation":0.0013721105642616749,"super_res_target":0,"scan_index":0,"timestamp":1667974882.226465,"range_rate":3.53125,"veh_clutter":0,"header":{"sequence_num":76920},"range":9.84375,"near_target":0.0,"amplitude":7.0,"azimuth":0.9020898938179016,"ele_confid":0,"azi_confid":1},{"elevation":0.0013721105642616749,"super_res_target":0,"scan_index":0,"timestamp":1667974882.226465,"range_rate":2.453125,"veh_clutter":0,"header":{"sequence_num":76920},"range":9.9375,"near_target":0.0,"amplitude":14.0,"azimuth":0.20890900492668152,"ele_confid":0,"azi_confid":0},{"elevation":0.0013721105642616749,"super_res_target":0,"scan_index":0,"timestamp":1667974882.226465,"range_rate":-2.34375,"veh_clutter":0,"header":{"sequence_num":76920},"range":11.28125,"near_target":0.0,"amplitude":-8.0,"azimuth":-1.2920881509780884,"ele_confid":0,"azi_confid":3},{"elevation":0.0013721105642616749,"super_res_target":0,"scan_index":0,"timestamp":1667974882.226465,"range_rate":2.71875,"veh_clutter":0,"header":{"sequence_num":76920},"range":10.96875,"near_target":0.0,"amplitude":3.0,"azimuth":0.30360808968544006,"ele_confid":0,"azi_confid":2},{"elevation":0.0013721105642616749,"super_res_target":0,"scan_index":0,"timestamp":1667974882.226465,"range_rate":1.953125,"veh_clutter":0,"header":{"sequence_num":76920},"range":10.75,"near_target":0.0,"amplitude":-8.0,"azimuth":-0.269953191280365,"ele_confid":0,"azi_confid":3},{"elevation":0.0013721105642616749,"super_res_target":0,"scan_index":0,"timestamp":1667974882.226465,"range_rate":6.703125,"veh_clutter":0,"header":{"sequence_num":76920},"range":11.484375,"near_target":0.0,"amplitude":-18.0,"azimuth":0.5474481582641602,"ele_confid":0,"azi_confid":3},{"elevation":0.0013721105642616749,"super_res_target":0,"scan_index":0,"timestamp":1667974882.226841,"range_rate":1.28125,"veh_clutter":0,"header":{"sequence_num":76920},"range":12.046875,"near_target":0.0,"amplitude":-13.0,"azimuth":-0.23659762740135193,"ele_confid":0,"azi_confid":2},{"elevation":0.0013721105642616749,"super_res_target":0,"scan_index":0,"timestamp":1667974882.226841,"range_rate":1.34375,"veh_clutter":0,"header":{"sequence_num":76920},"range":12.4375,"near_target":0.0,"amplitude":-10.0,"azimuth":-0.15071681141853333,"ele_confid":0,"azi_confid":1},{"elevation":0.0013721105642616749,"super_res_target":0,"scan_index":0,"timestamp":1667974882.226841,"range_rate":2.9375,"veh_clutter":0,"header":{"sequence_num":76920},"range":13.5,"near_target":0.0,"amplitude":-8.0,"azimuth":0.4446978271007538,"ele_confid":0,"azi_confid":3},{"elevation":0.0013721105642616749,"super_res_target":0,"scan_index":0,"timestamp":1667974882.226841,"range_rate":2.46875,"veh_clutter":0,"header":{"sequence_num":76920},"range":13.625,"near_target":0.0,"amplitude":-12.0,"azimuth":0.08238834887742996,"ele_confid":0,"azi_confid":3},{"elevation":0.0013721105642616749,"super_res_target":0,"scan_index":0,"timestamp":1667974882.226841,"range_rate":1.921875,"veh_clutter":0,"header":{"sequence_num":76920},"range":13.3125,"near_target":0.0,"amplitude":-9.0,"azimuth":-0.9543158411979675,"ele_confid":0,"azi_confid":3},{"elevation":0.0013721105642616749,"super_res_target":0,"scan_index":0,"timestamp":1667974882.226841,"range_rate":2.234375,"veh_clutter":0,"header":{"sequence_num":76920},"range":14.265625,"near_target":0.0,"amplitude":-13.0,"azimuth":-0.7722024917602539,"ele_confid":0,"azi_confid":3},{"elevation":0.0013721105642616749,"super_res_target":0,"scan_index":0,"timestamp":1667974882.227218,"range_rate":0.828125,"veh_clutter":0,"header":{"sequence_num":76920},"range":14.453125,"near_target":0.0,"amplitude":-20.0,"azimuth":0.585787832736969,"ele_confid":0,"azi_confid":3},{"elevation":0.0013721105642616749,"super_res_target":0,"scan_index":0,"timestamp":1667974882.227218,"range_rate":3.515625,"veh_clutter":0,"header":{"sequence_num":76920},"range":15.234375,"near_target":0.0,"amplitude":0.0,"azimuth":0.8614497780799866,"ele_confid":0,"azi_confid":0},{"elevation":0.0013721105642616749,"super_res_target":0,"scan_index":0,"timestamp":1667974882.227218,"range_rate":2.390625,"veh_clutter":0,"header":{"sequence_num":76920},"range":14.703125,"near_target":0.0,"amplitude":-5.0,"azimuth":-1.3373287916183472,"ele_confid":0,"azi_confid":3},{"elevation":0.0013721105642616749,"super_res_target":0,"scan_index":0,"timestamp":1667974882.227218,"range_rate":3.515625,"veh_clutter":0,"header":{"sequence_num":76920},"range":16.609375,"near_target":0.0,"amplitude":3.0,"azimuth":0.8027902245521545,"ele_confid":0,"azi_confid":1},{"elevation":0.0013721105642616749,"super_res_target":0,"scan_index":0,"timestamp":1667974882.227218,"range_rate":2.296875,"veh_clutter":0,"header":{"sequence_num":76920},"range":17.40625,"near_target":0.0,"amplitude":-15.0,"azimuth":-0.021512215957045555,"ele_confid":0,"azi_confid":3},{"elevation":0.0013721105642616749,"super_res_target":0,"scan_index":0,"timestamp":1667974882.227218,"range_rate":1.78125,"veh_clutter":0,"header":{"sequence_num":76920},"range":17.65625,"near_target":0.0,"amplitude":-13.0,"azimuth":-0.03876497223973274,"ele_confid":0,"azi_confid":3},{"elevation":0.0013721105642616749,"super_res_target":0,"scan_index":0,"timestamp":1667974882.227601,"range_rate":0.984375,"veh_clutter":0,"header":{"sequence_num":76920},"range":17.453125,"near_target":0.0,"amplitude":-10.0,"azimuth":-0.31059303879737854,"ele_confid":0,"azi_confid":3},{"elevation":0.0013721105642616749,"super_res_target":0,"scan_index":0,"timestamp":1667974882.227601,"range_rate":2.734375,"veh_clutter":0,"header":{"sequence_num":76920},"range":18.265625,"near_target":0.0,"amplitude":-10.0,"azimuth":0.30360808968544006,"ele_confid":0,"azi_confid":3},{"elevation":0.0013721105642616749,"super_res_target":0,"scan_index":0,"timestamp":1667974882.227601,"range_rate":0.5625,"veh_clutter":0,"header":{"sequence_num":76920},"range":18.578125,"near_target":0.0,"amplitude":-15.0,"azimuth":-0.318261057138443,"ele_confid":0,"azi_confid":3},{"elevation":0.0013721105642616749,"super_res_target":0,"scan_index":0,"timestamp":1667974882.227601,"range_rate":3.546875,"veh_clutter":0,"header":{"sequence_num":76920},"range":18.859375,"near_target":0.0,"amplitude":3.0,"azimuth":0.9780024886131287,"ele_confid":0,"azi_confid":3},{"elevation":0.0013721105642616749,"super_res_target":0,"scan_index":0,"timestamp":1667974882.227601,"range_rate":2.140625,"veh_clutter":0,"header":{"sequence_num":76920},"range":20.328125,"near_target":0.0,"amplitude":-8.0,"azimuth":0.0797044187784195,"ele_confid":0,"azi_confid":1},{"elevation":0.0013721105642616749,"super_res_target":0,"scan_index":0,"timestamp":1667974882.227601,"range_rate":3.4375,"veh_clutter":0,"header":{"sequence_num":76920},"range":21.171875,"near_target":0.0,"amplitude":4.0,"azimuth":0.7843872308731079,"ele_confid":0,"azi_confid":1},{"elevation":0.0013721105642616749,"super_res_target":0,"scan_index":0,"timestamp":1667974882.229221,"range_rate":2.484375,"veh_clutter":0,"header":{"sequence_num":76920},"range":21.203125,"near_target":0.0,"amplitude":-10.0,"azimuth":0.22961242496967316,"ele_confid":0,"azi_confid":2},{"elevation":0.0013721105642616749,"super_res_target":0,"scan_index":0,"timestamp":1667974882.229221,"range_rate":4.953125,"veh_clutter":0,"header":{"sequence_num":76920},"range":22.609375,"near_target":0.0,"amplitude":-10.0,"azimuth":-0.2028588354587555,"ele_confid":0,"azi_confid":3},{"elevation":0.0013721105642616749,"super_res_target":0,"scan_index":0,"timestamp":1667974882.229221,"range_rate":4.09375,"veh_clutter":0,"header":{"sequence_num":76920},"range":22.078125,"near_target":0.0,"amplitude":-3.0,"azimuth":-0.2438821792602539,"ele_confid":0,"azi_confid":2},{"elevation":0.0013721105642616749,"super_res_target":0,"scan_index":0,"timestamp":1667974882.229221,"range_rate":3.734375,"veh_clutter":0,"header":{"sequence_num":76920},"range":22.1875,"near_target":0.0,"amplitude":0.0,"azimuth":-0.30100831389427185,"ele_confid":0,"azi_confid":1},{"elevation":0.0013721105642616749,"super_res_target":0,"scan_index":0,"timestamp":1667974882.229221,"range_rate":3.1875,"veh_clutter":0,"header":{"sequence_num":76920},"range":22.296875,"near_target":0.0,"amplitude":1.0,"azimuth":1.322292447090149,"ele_confid":0,"azi_confid":3},{"elevation":0.0013721105642616749,"super_res_target":0,"scan_index":0,"timestamp":1667974882.229221,"range_rate":3.4375,"veh_clutter":0,"header":{"sequence_num":76920},"range":23.96875,"near_target":0.0,"amplitude":1.0,"azimuth":0.7391462326049805,"ele_confid":0,"azi_confid":3},{"elevation":0.0013721105642616749,"super_res_target":0,"scan_index":0,"timestamp":1667974882.229602,"range_rate":4.859375,"veh_clutter":0,"header":{"sequence_num":76920},"range":25.640625,"near_target":0.0,"amplitude":-8.0,"azimuth":-0.17180371284484863,"ele_confid":0,"azi_confid":3},{"elevation":0.0013721105642616749,"super_res_target":0,"scan_index":0,"timestamp":1667974882.229602,"range_rate":4.8125,"veh_clutter":0,"header":{"sequence_num":76920},"range":25.96875,"near_target":0.0,"amplitude":-7.0,"azimuth":-0.16451917588710785,"ele_confid":0,"azi_confid":3},{"elevation":0.0013721105642616749,"super_res_target":0,"scan_index":0,"timestamp":1667974882.229602,"range_rate":2.03125,"veh_clutter":0,"header":{"sequence_num":76920},"range":27.5,"near_target":0.0,"amplitude":-9.0,"azimuth":0.05516711622476578,"ele_confid":0,"azi_confid":3},{"elevation":0.0013721105642616749,"super_res_target":0,"scan_index":0,"timestamp":1667974882.229602,"range_rate":2.234375,"veh_clutter":0,"header":{"sequence_num":76920},"range":28.546875,"near_target":0.0,"amplitude":-8.0,"azimuth":-0.8906721472740173,"ele_confid":0,"azi_confid":3},{"elevation":0.0013721105642616749,"super_res_target":0,"scan_index":0,"timestamp":1667974882.229602,"range_rate":3.421875,"veh_clutter":0,"header":{"sequence_num":76920},"range":29.703125,"near_target":0.0,"amplitude":-10.0,"azimuth":0.7567824721336365,"ele_confid":0,"azi_confid":3},{"elevation":0.0013721105642616749,"super_res_target":0,"scan_index":0,"timestamp":1667974882.229602,"range_rate":2.5625,"veh_clutter":0,"header":{"sequence_num":76920},"range":30.453125,"near_target":0.0,"amplitude":0.0,"azimuth":0.3043748140335083,"ele_confid":0,"azi_confid":2},{"elevation":0.0013721105642616749,"super_res_target":0,"scan_index":0,"timestamp":1667974882.229975,"range_rate":3.546875,"veh_clutter":0,"header":{"sequence_num":76920},"range":32.578125,"near_target":0.0,"amplitude":-8.0,"azimuth":1.0849699974060059,"ele_confid":0,"azi_confid":3},{"elevation":0.0013721105642616749,"super_res_target":0,"scan_index":0,"timestamp":1667974882.229975,"range_rate":3.53125,"veh_clutter":0,"header":{"sequence_num":76920},"range":35.328125,"near_target":0.0,"amplitude":-5.0,"azimuth":0.9941050410270691,"ele_confid":0,"azi_confid":1},{"elevation":0.0013721105642616749,"super_res_target":0,"scan_index":0,"timestamp":1667974882.229975,"range_rate":3.53125,"veh_clutter":0,"header":{"sequence_num":76920},"range":38.3125,"near_target":0.0,"amplitude":-3.0,"azimuth":0.9028565883636475,"ele_confid":0,"azi_confid":3},{"elevation":0.0013721105642616749,"super_res_target":0,"scan_index":0,"timestamp":1667974882.229975,"range_rate":3.546875,"veh_clutter":0,"header":{"sequence_num":76920},"range":41.296875,"near_target":0.0,"amplitude":1.0,"azimuth":0.945030152797699,"ele_confid":0,"azi_confid":3},{"elevation":0.0013721105642616749,"super_res_target":0,"scan_index":0,"timestamp":1667974882.229975,"range_rate":3.53125,"veh_clutter":0,"header":{"sequence_num":76920},"range":44.25,"near_target":0.0,"amplitude":3.0,"azimuth":0.9373623728752136,"ele_confid":0,"azi_confid":3},{"elevation":0.0013721105642616749,"super_res_target":0,"scan_index":0,"timestamp":1667974882.229975,"range_rate":1.765625,"veh_clutter":0,"header":{"sequence_num":76920},"range":45.09375,"near_target":0.0,"amplitude":-2.0,"azimuth":-0.02496287412941456,"ele_confid":0,"azi_confid":2},{"elevation":0.0013721105642616749,"super_res_target":0,"scan_index":0,"timestamp":1667974882.230466,"range_rate":3.546875,"veh_clutter":0,"header":{"sequence_num":76920},"range":47.421875,"near_target":0.0,"amplitude":1.0,"azimuth":0.8967223167419434,"ele_confid":0,"azi_confid":3},{"elevation":0.0013721105642616749,"super_res_target":0,"scan_index":0,"timestamp":1667974882.230466,"range_rate":1.953125,"veh_clutter":0,"header":{"sequence_num":76920},"range":47.296875,"near_target":0.0,"amplitude":2.0,"azimuth":0.007242466788738966,"ele_confid":0,"azi_confid":2},{"elevation":0.0013721105642616749,"super_res_target":0,"scan_index":0,"timestamp":1667974882.230466,"range_rate":2.046875,"veh_clutter":0,"header":{"sequence_num":76920},"range":47.9375,"near_target":0.0,"amplitude":5.0,"azimuth":0.04098151996731758,"ele_confid":0,"azi_confid":1},{"elevation":0.0013721105642616749,"super_res_target":0,"scan_index":0,"timestamp":1667974882.230466,"range_rate":3.546875,"veh_clutter":0,"header":{"sequence_num":76920},"range":50.03125,"near_target":0.0,"amplitude":9.0,"azimuth":0.968034029006958,"ele_confid":0,"azi_confid":3},{"elevation":0.0013721105642616749,"super_res_target":0,"scan_index":0,"timestamp":1667974882.230466,"range_rate":2.25,"veh_clutter":0,"header":{"sequence_num":76920},"range":50.75,"near_target":0.0,"amplitude":12.0,"azimuth":0.13184644281864166,"ele_confid":0,"azi_confid":1},{"elevation":0.0013721105642616749,"super_res_target":0,"scan_index":0,"timestamp":1667974882.230466,"range_rate":2.265625,"veh_clutter":0,"header":{"sequence_num":76920},"range":50.890625,"near_target":0.0,"amplitude":13.0,"azimuth":0.14258138835430145,"ele_confid":0,"azi_confid":1},{"elevation":0.0013721105642616749,"super_res_target":0,"scan_index":0,"timestamp":1667974882.230885,"range_rate":3.546875,"veh_clutter":0,"header":{"sequence_num":76920},"range":52.875,"near_target":0.0,"amplitude":11.0,"azimuth":0.9668837785720825,"ele_confid":0,"azi_confid":3},{"elevation":0.0013721105642616749,"super_res_target":0,"scan_index":0,"timestamp":1667974882.230885,"range_rate":2.453125,"veh_clutter":0,"header":{"sequence_num":76920},"range":54.375,"near_target":0.0,"amplitude":8.0,"azimuth":0.19472341239452362,"ele_confid":0,"azi_confid":1},{"elevation":0.0013721105642616749,"super_res_target":0,"scan_index":0,"timestamp":1667974882.230885,"range_rate":2.1875,"veh_clutter":0,"header":{"sequence_num":76920},"range":54.40625,"near_target":0.0,"amplitude":4.0,"azimuth":-0.9083082675933838,"ele_confid":0,"azi_confid":3},{"elevation":0.0013721105642616749,"super_res_target":0,"scan_index":0,"timestamp":1667974882.230885,"range_rate":1.625,"veh_clutter":0,"header":{"sequence_num":76920},"range":54.359375,"near_target":0.0,"amplitude":4.0,"azimuth":0.7218934893608093,"ele_confid":0,"azi_confid":3}],"type":8}
