{"measurement_time":1667974882.102452,"header":{"timestamp_sec":1667974882.1094017,"sequence_num":76912},"range_coverage":100.578125,"aptiv_point":[{"elevation":0.0013721105642616749,"super_res_target":0,"scan_index":2,"timestamp":1667974882.102452,"range_rate":1.6875,"veh_clutter":0,"header":{"sequence_num":76912},"range":1.71875,"near_target":0.0,"amplitude":-14.0,"azimuth":1.0742347240447998,"ele_confid":0,"azi_confid":1},{"elevation":0.0013721105642616749,"super_res_target":0,"scan_index":2,"timestamp":1667974882.102452,"range_rate":1.328125,"veh_clutter":0,"header":{"sequence_num":76912},"range":1.828125,"near_target":0.0,"amplitude":-13.0,"azimuth":0.8963388204574585,"ele_confid":0,"azi_confid":1},{"elevation":0.0013721105642616749,"super_res_target":0,"scan_index":2,"timestamp":1667974882.102452,"range_rate":1.0625,"veh_clutter":0,"header":{"sequence_num":76912},"range":1.921875,"near_target":0.0,"amplitude":-20.0,"azimuth":0.8928884267807007,"ele_confid":0,"azi_confid":1},{"elevation":0.0013721105642616749,"super_res_target":0,"scan_index":2,"timestamp":1667974882.102452,"range_rate":0.828125,"veh_clutter":0,"header":{"sequence_num":76912},"range":2.609375,"near_target":0.0,"amplitude":-19.0,"azimuth":0.8020234704017639,"ele_confid":0,"azi_confid":1},{"elevation":0.0013721105642616749,"super_res_target":0,"scan_index":2,"timestamp":1667974882.102452,"range_rate":0.59375,"veh_clutter":0,"header":{"sequence_num":76912},"range":2.4375,"near_target":0.0,"amplitude":-24.0,"azimuth":0.725727379322052,"ele_confid":0,"azi_confid":3},{"elevation":0.0013721105642616749,"super_res_target":0,"scan_index":2,"timestamp":1667974882.102452,"range_rate":-3.3125,"veh_clutter":0,"header":{"sequence_num":76912},"range":3.734375,"near_target":0.0,"amplitude":-3.0,"azimuth":-0.6633177995681763,"ele_confid":0,"azi_confid":2},{"elevation":0.0013721105642616749,"super_res_target":0,"scan_index":2,"timestamp":1667974882.102826,"range_rate":-3.0,"veh_clutter":0,"header":{"sequence_num":76912},"range":4.171875,"near_target":0.0,"amplitude":-11.0,"azimuth":-0.4831216633319855,"ele_confid":0,"azi_confid":2},{"elevation":0.0013721105642616749,"super_res_target":0,"scan_index":2,"timestamp":1667974882.102826,"range_rate":-1.15625,"veh_clutter":0,"header":{"sequence_num":76912},"range":5.171875,"near_target":0.0,"amplitude":-18.0,"azimuth":0.7073243856430054,"ele_confid":0,"azi_confid":3},{"elevation":0.0013721105642616749,"super_res_target":0,"scan_index":2,"timestamp":1667974882.102826,"range_rate":-2.09375,"veh_clutter":0,"header":{"sequence_num":76912},"range":5.4375,"near_target":0.0,"amplitude":-9.0,"azimuth":-0.1039423793554306,"ele_confid":0,"azi_confid":1},{"elevation":0.0013721105642616749,"super_res_target":0,"scan_index":2,"timestamp":1667974882.102826,"range_rate":-3.1875,"veh_clutter":0,"header":{"sequence_num":76912},"range":4.9375,"near_target":0.0,"amplitude":-11.0,"azimuth":-0.5494490265846252,"ele_confid":0,"azi_confid":2},{"elevation":0.0013721105642616749,"super_res_target":0,"scan_index":2,"timestamp":1667974882.102826,"range_rate":-1.8125,"veh_clutter":0,"header":{"sequence_num":76912},"range":6.15625,"near_target":0.0,"amplitude":-13.0,"azimuth":-0.003875964554026723,"ele_confid":0,"azi_confid":1},{"elevation":0.0013721105642616749,"super_res_target":0,"scan_index":2,"timestamp":1667974882.102826,"range_rate":-2.34375,"veh_clutter":0,"header":{"sequence_num":76912},"range":5.875,"near_target":0.0,"amplitude":-8.0,"azimuth":-0.16451917588710785,"ele_confid":0,"azi_confid":1},{"elevation":0.0013721105642616749,"super_res_target":0,"scan_index":2,"timestamp":1667974882.103203,"range_rate":-0.359375,"veh_clutter":0,"header":{"sequence_num":76912},"range":7.171875,"near_target":0.0,"amplitude":-3.0,"azimuth":0.4423973858356476,"ele_confid":0,"azi_confid":2},{"elevation":0.0013721105642616749,"super_res_target":0,"scan_index":2,"timestamp":1667974882.103203,"range_rate":-0.640625,"veh_clutter":0,"header":{"sequence_num":76912},"range":8.109375,"near_target":0.0,"amplitude":-12.0,"azimuth":0.7276445627212524,"ele_confid":0,"azi_confid":3},{"elevation":0.0013721105642616749,"super_res_target":0,"scan_index":2,"timestamp":1667974882.103203,"range_rate":-1.65625,"veh_clutter":0,"header":{"sequence_num":76912},"range":8.390625,"near_target":0.0,"amplitude":-17.0,"azimuth":-0.4961570203304291,"ele_confid":0,"azi_confid":3},{"elevation":0.0013721105642616749,"super_res_target":0,"scan_index":2,"timestamp":1667974882.103203,"range_rate":-2.5625,"veh_clutter":0,"header":{"sequence_num":76912},"range":8.28125,"near_target":0.0,"amplitude":-9.0,"azimuth":-0.27378708124160767,"ele_confid":0,"azi_confid":3},{"elevation":0.0013721105642616749,"super_res_target":0,"scan_index":2,"timestamp":1667974882.103203,"range_rate":0.90625,"veh_clutter":0,"header":{"sequence_num":76912},"range":8.484375,"near_target":0.0,"amplitude":-11.0,"azimuth":-0.1403650939464569,"ele_confid":0,"azi_confid":3},{"elevation":0.0013721105642616749,"super_res_target":0,"scan_index":2,"timestamp":1667974882.103203,"range_rate":-1.5,"veh_clutter":0,"header":{"sequence_num":76912},"range":9.9375,"near_target":0.0,"amplitude":-20.0,"azimuth":0.5229108929634094,"ele_confid":0,"azi_confid":3},{"elevation":0.0013721105642616749,"super_res_target":0,"scan_index":2,"timestamp":1667974882.103585,"range_rate":-1.875,"veh_clutter":0,"header":{"sequence_num":76912},"range":11.03125,"near_target":0.0,"amplitude":-16.0,"azimuth":-0.021512215957045555,"ele_confid":0,"azi_confid":1},{"elevation":0.0013721105642616749,"super_res_target":0,"scan_index":2,"timestamp":1667974882.103585,"range_rate":-3.046875,"veh_clutter":0,"header":{"sequence_num":76912},"range":11.28125,"near_target":0.0,"amplitude":-19.0,"azimuth":-0.4907894432544708,"ele_confid":0,"azi_confid":3},{"elevation":0.0013721105642616749,"super_res_target":0,"scan_index":2,"timestamp":1667974882.103585,"range_rate":0.46875,"veh_clutter":0,"header":{"sequence_num":76912},"range":11.140625,"near_target":0.0,"amplitude":-10.0,"azimuth":0.6728188991546631,"ele_confid":0,"azi_confid":1},{"elevation":0.0013721105642616749,"super_res_target":0,"scan_index":2,"timestamp":1667974882.103585,"range_rate":-2.953125,"veh_clutter":0,"header":{"sequence_num":76912},"range":11.796875,"near_target":0.0,"amplitude":-17.0,"azimuth":-0.4298294186592102,"ele_confid":0,"azi_confid":3},{"elevation":0.0013721105642616749,"super_res_target":0,"scan_index":2,"timestamp":1667974882.103585,"range_rate":-1.921875,"veh_clutter":0,"header":{"sequence_num":76912},"range":12.671875,"near_target":0.0,"amplitude":-19.0,"azimuth":-0.014611166901886463,"ele_confid":0,"azi_confid":3},{"elevation":0.0013721105642616749,"super_res_target":0,"scan_index":2,"timestamp":1667974882.103585,"range_rate":-2.75,"veh_clutter":0,"header":{"sequence_num":76912},"range":13.90625,"near_target":0.0,"amplitude":-16.0,"azimuth":1.067333698272705,"ele_confid":0,"azi_confid":3},{"elevation":0.0013721105642616749,"super_res_target":0,"scan_index":2,"timestamp":1667974882.103959,"range_rate":-3.078125,"veh_clutter":0,"header":{"sequence_num":76912},"range":14.5625,"near_target":0.0,"amplitude":-13.0,"azimuth":-0.5091924071311951,"ele_confid":0,"azi_confid":1},{"elevation":0.0013721105642616749,"super_res_target":0,"scan_index":2,"timestamp":1667974882.103959,"range_rate":0.234375,"veh_clutter":0,"header":{"sequence_num":76912},"range":14.3125,"near_target":0.0,"amplitude":0.0,"azimuth":0.6064912676811218,"ele_confid":0,"azi_confid":0},{"elevation":0.0013721105642616749,"super_res_target":0,"scan_index":2,"timestamp":1667974882.103959,"range_rate":-3.0625,"veh_clutter":0,"header":{"sequence_num":76912},"range":16.421875,"near_target":0.0,"amplitude":-6.0,"azimuth":-0.4927063584327698,"ele_confid":0,"azi_confid":1},{"elevation":0.0013721105642616749,"super_res_target":0,"scan_index":2,"timestamp":1667974882.103959,"range_rate":-1.09375,"veh_clutter":0,"header":{"sequence_num":76912},"range":17.390625,"near_target":0.0,"amplitude":-13.0,"azimuth":-0.04604951664805412,"ele_confid":0,"azi_confid":3},{"elevation":0.0013721105642616749,"super_res_target":0,"scan_index":2,"timestamp":1667974882.103959,"range_rate":-3.625,"veh_clutter":0,"header":{"sequence_num":76912},"range":17.796875,"near_target":0.0,"amplitude":5.0,"azimuth":0.19472341239452362,"ele_confid":0,"azi_confid":1},{"elevation":0.0013721105642616749,"super_res_target":0,"scan_index":2,"timestamp":1667974882.103959,"range_rate":-4.203125,"veh_clutter":0,"header":{"sequence_num":76912},"range":18.140625,"near_target":0.0,"amplitude":0.0,"azimuth":0.14258138835430145,"ele_confid":0,"azi_confid":1},{"elevation":0.0013721105642616749,"super_res_target":0,"scan_index":2,"timestamp":1667974882.104334,"range_rate":-3.171875,"veh_clutter":0,"header":{"sequence_num":76912},"range":18.5,"near_target":0.0,"amplitude":-2.0,"azimuth":0.26833558082580566,"ele_confid":0,"azi_confid":3},{"elevation":0.0013721105642616749,"super_res_target":0,"scan_index":2,"timestamp":1667974882.104334,"range_rate":-0.828125,"veh_clutter":0,"header":{"sequence_num":76912},"range":21.796875,"near_target":0.0,"amplitude":2.0,"azimuth":-0.5103425979614258,"ele_confid":0,"azi_confid":3},{"elevation":0.0013721105642616749,"super_res_target":0,"scan_index":2,"timestamp":1667974882.104334,"range_rate":-2.125,"veh_clutter":0,"header":{"sequence_num":76912},"range":24.09375,"near_target":0.0,"amplitude":-5.0,"azimuth":0.12494513392448425,"ele_confid":0,"azi_confid":3},{"elevation":0.0013721105642616749,"super_res_target":0,"scan_index":2,"timestamp":1667974882.104334,"range_rate":-6.15625,"veh_clutter":0,"header":{"sequence_num":76912},"range":24.375,"near_target":0.0,"amplitude":19.0,"azimuth":-1.2813531160354614,"ele_confid":0,"azi_confid":1},{"elevation":0.0013721105642616749,"super_res_target":0,"scan_index":2,"timestamp":1667974882.104334,"range_rate":-5.296875,"veh_clutter":0,"header":{"sequence_num":76912},"range":25.046875,"near_target":0.0,"amplitude":-4.0,"azimuth":-1.1452473402023315,"ele_confid":0,"azi_confid":3},{"elevation":0.0013721105642616749,"super_res_target":0,"scan_index":2,"timestamp":1667974882.104334,"range_rate":-5.703125,"veh_clutter":0,"header":{"sequence_num":76912},"range":24.890625,"near_target":0.0,"amplitude":15.0,"azimuth":-0.7369299530982971,"ele_confid":0,"azi_confid":1},{"elevation":0.0013721105642616749,"super_res_target":0,"scan_index":2,"timestamp":1667974882.104705,"range_rate":-6.65625,"veh_clutter":0,"header":{"sequence_num":76912},"range":26.578125,"near_target":0.0,"amplitude":20.0,"azimuth":-1.0827536582946777,"ele_confid":0,"azi_confid":0},{"elevation":0.0013721105642616749,"super_res_target":0,"scan_index":2,"timestamp":1667974882.104705,"range_rate":-0.96875,"veh_clutter":0,"header":{"sequence_num":76912},"range":28.3125,"near_target":0.0,"amplitude":-4.0,"azimuth":0.25069934129714966,"ele_confid":0,"azi_confid":2},{"elevation":0.0013721105642616749,"super_res_target":0,"scan_index":2,"timestamp":1667974882.104705,"range_rate":-6.8125,"veh_clutter":0,"header":{"sequence_num":76912},"range":29.0625,"near_target":0.0,"amplitude":1.0,"azimuth":-1.1038404703140259,"ele_confid":0,"azi_confid":3},{"elevation":0.0013721105642616749,"super_res_target":0,"scan_index":2,"timestamp":1667974882.104705,"range_rate":-1.53125,"veh_clutter":0,"header":{"sequence_num":76912},"range":30.21875,"near_target":0.0,"amplitude":-1.0,"azimuth":0.0678192600607872,"ele_confid":0,"azi_confid":3},{"elevation":0.0013721105642616749,"super_res_target":0,"scan_index":2,"timestamp":1667974882.104705,"range_rate":0.34375,"veh_clutter":0,"header":{"sequence_num":76912},"range":30.109375,"near_target":0.0,"amplitude":9.0,"azimuth":0.6379296183586121,"ele_confid":0,"azi_confid":1},{"elevation":0.0013721105642616749,"super_res_target":0,"scan_index":2,"timestamp":1667974882.104705,"range_rate":-7.09375,"veh_clutter":0,"header":{"sequence_num":76912},"range":30.796875,"near_target":0.0,"amplitude":-2.0,"azimuth":-1.147164225578308,"ele_confid":0,"azi_confid":2},{"elevation":0.0013721105642616749,"super_res_target":0,"scan_index":2,"timestamp":1667974882.105088,"range_rate":-1.5625,"veh_clutter":0,"header":{"sequence_num":76912},"range":32.0,"near_target":0.0,"amplitude":-4.0,"azimuth":0.08660546690225601,"ele_confid":0,"azi_confid":3},{"elevation":0.0013721105642616749,"super_res_target":0,"scan_index":2,"timestamp":1667974882.105088,"range_rate":-0.703125,"veh_clutter":0,"header":{"sequence_num":76912},"range":33.078125,"near_target":0.0,"amplitude":-4.0,"azimuth":0.35536661744117737,"ele_confid":0,"azi_confid":3},{"elevation":0.0013721105642616749,"super_res_target":0,"scan_index":2,"timestamp":1667974882.105088,"range_rate":-1.609375,"veh_clutter":0,"header":{"sequence_num":76912},"range":32.90625,"near_target":0.0,"amplitude":-1.0,"azimuth":0.0797044187784195,"ele_confid":0,"azi_confid":1},{"elevation":0.0013721105642616749,"super_res_target":0,"scan_index":2,"timestamp":1667974882.105088,"range_rate":-0.59375,"veh_clutter":0,"header":{"sequence_num":76912},"range":33.734375,"near_target":0.0,"amplitude":1.0,"azimuth":0.3799039125442505,"ele_confid":0,"azi_confid":1},{"elevation":0.0013721105642616749,"super_res_target":0,"scan_index":2,"timestamp":1667974882.105088,"range_rate":-0.765625,"veh_clutter":0,"header":{"sequence_num":76912},"range":35.75,"near_target":0.0,"amplitude":4.0,"azimuth":0.3135763108730316,"ele_confid":0,"azi_confid":3},{"elevation":0.0013721105642616749,"super_res_target":0,"scan_index":2,"timestamp":1667974882.105088,"range_rate":0.328125,"veh_clutter":0,"header":{"sequence_num":76912},"range":37.796875,"near_target":0.0,"amplitude":-1.0,"azimuth":0.6206768751144409,"ele_confid":0,"azi_confid":2},{"elevation":0.0013721105642616749,"super_res_target":0,"scan_index":2,"timestamp":1667974882.105464,"range_rate":-3.484375,"veh_clutter":0,"header":{"sequence_num":76912},"range":39.078125,"near_target":0.0,"amplitude":5.0,"azimuth":-0.7998069524765015,"ele_confid":0,"azi_confid":1},{"elevation":0.0013721105642616749,"super_res_target":0,"scan_index":2,"timestamp":1667974882.105464,"range_rate":-1.578125,"veh_clutter":0,"header":{"sequence_num":76912},"range":40.5,"near_target":0.0,"amplitude":3.0,"azimuth":0.07280337065458298,"ele_confid":0,"azi_confid":1},{"elevation":0.0013721105642616749,"super_res_target":0,"scan_index":2,"timestamp":1667974882.105464,"range_rate":-3.484375,"veh_clutter":0,"header":{"sequence_num":76912},"range":41.703125,"near_target":0.0,"amplitude":15.0,"azimuth":-0.8277949094772339,"ele_confid":0,"azi_confid":0},{"elevation":0.0013721105642616749,"super_res_target":0,"scan_index":2,"timestamp":1667974882.105464,"range_rate":-3.5,"veh_clutter":0,"header":{"sequence_num":76912},"range":44.03125,"near_target":0.0,"amplitude":9.0,"azimuth":-0.8028740882873535,"ele_confid":0,"azi_confid":2},{"elevation":0.0013721105642616749,"super_res_target":0,"scan_index":2,"timestamp":1667974882.105464,"range_rate":-3.515625,"veh_clutter":0,"header":{"sequence_num":76912},"range":54.828125,"near_target":0.0,"amplitude":23.0,"azimuth":-0.9953392744064331,"ele_confid":0,"azi_confid":1},{"elevation":0.0013721105642616749,"super_res_target":0,"scan_index":2,"timestamp":1667974882.105464,"range_rate":-3.546875,"veh_clutter":0,"header":{"sequence_num":76912},"range":57.984375,"near_target":0.0,"amplitude":29.0,"azimuth":-1.1452473402023315,"ele_confid":0,"azi_confid":1},{"elevation":0.0013721105642616749,"super_res_target":0,"scan_index":2,"timestamp":1667974882.105832,"range_rate":-3.546875,"veh_clutter":0,"header":{"sequence_num":76912},"range":61.28125,"near_target":0.0,"amplitude":29.0,"azimuth":-1.047864556312561,"ele_confid":0,"azi_confid":1},{"elevation":0.0013721105642616749,"super_res_target":0,"scan_index":2,"timestamp":1667974882.105832,"range_rate":-3.546875,"veh_clutter":0,"header":{"sequence_num":76912},"range":63.9375,"near_target":0.0,"amplitude":21.0,"azimuth":-1.0547657012939453,"ele_confid":0,"azi_confid":3},{"elevation":0.0013721105642616749,"super_res_target":0,"scan_index":2,"timestamp":1667974882.105832,"range_rate":-3.53125,"veh_clutter":0,"header":{"sequence_num":76912},"range":67.453125,"near_target":0.0,"amplitude":24.0,"azimuth":-1.0022403001785278,"ele_confid":0,"azi_confid":1},{"elevation":0.0013721105642616749,"super_res_target":0,"scan_index":2,"timestamp":1667974882.105832,"range_rate":-3.546875,"veh_clutter":0,"header":{"sequence_num":76912},"range":70.15625,"near_target":0.0,"amplitude":25.0,"azimuth":-1.148697853088379,"ele_confid":0,"azi_confid":1},{"elevation":0.0013721105642616749,"super_res_target":0,"scan_index":2,"timestamp":1667974882.105832,"range_rate":-3.515625,"veh_clutter":0,"header":{"sequence_num":76912},"range":71.53125,"near_target":0.0,"amplitude":25.0,"azimuth":-0.8764862418174744,"ele_confid":0,"azi_confid":1},{"elevation":0.0013721105642616749,"super_res_target":0,"scan_index":2,"timestamp":1667974882.105832,"range_rate":-3.546875,"veh_clutter":0,"header":{"sequence_num":76912},"range":73.109375,"near_target":0.0,"amplitude":17.0,"azimuth":-1.086204171180725,"ele_confid":0,"azi_confid":1},{"elevation":0.0013721105642616749,"super_res_target":0,"scan_index":2,"timestamp":1667974882.109296,"range_rate":0.515625,"veh_clutter":0,"header":{"sequence_num":76912},"range":75.21875,"near_target":0.0,"amplitude":17.0,"azimuth":0.6870045065879822,"ele_confid":0,"azi_confid":1},{"elevation":0.0013721105642616749,"super_res_target":0,"scan_index":2,"timestamp":1667974882.109296,"range_rate":-3.546875,"veh_clutter":0,"header":{"sequence_num":76912},"range":75.8125,"near_target":0.0,"amplitude":24.0,"azimuth":-1.2292109727859497,"ele_confid":0,"azi_confid":1},{"elevation":0.0013721105642616749,"super_res_target":0,"scan_index":2,"timestamp":1667974882.109296,"range_rate":-3.53125,"veh_clutter":0,"header":{"sequence_num":76912},"range":78.53125,"near_target":0.0,"amplitude":27.0,"azimuth":-1.0440306663513184,"ele_confid":0,"azi_confid":1},{"elevation":0.0013721105642616749,"super_res_target":0,"scan_index":2,"timestamp":1667974882.109296,"range_rate":-3.046875,"veh_clutter":0,"header":{"sequence_num":76912},"range":78.65625,"near_target":0.0,"amplitude":13.0,"azimuth":-0.48580533266067505,"ele_confid":0,"azi_confid":1}],"type":8}
