{"measurement_time":1667974882.222274,"header":{"timestamp_sec":1667974882.226415,"sequence_num":76913},"range_coverage":93.015625,"aptiv_point":[{"elevation":0.0013721105642616749,"super_res_target":0,"scan_index":0,"timestamp":1667974882.222274,"range_rate":0.046875,"veh_clutter":0,"header":{"sequence_num":76913},"range":3.671875,"near_target":0.0,"amplitude":-9.0,"azimuth":-0.5835713148117065,"ele_confid":0,"azi_confid":1},{"elevation":0.0013721105642616749,"super_res_target":0,"scan_index":0,"timestamp":1667974882.222274,"range_rate":1.421875,"veh_clutter":0,"header":{"sequence_num":76913},"range":4.5,"near_target":0.0,"amplitude":-4.0,"azimuth":-0.9953392744064331,"ele_confid":0,"azi_confid":0},{"elevation":0.0013721105642616749,"super_res_target":0,"scan_index":0,"timestamp":1667974882.222274,"range_rate":-2.4375,"veh_clutter":0,"header":{"sequence_num":76913},"range":5.6875,"near_target":0.0,"amplitude":-7.0,"azimuth":0.1843717098236084,"ele_confid":0,"azi_confid":1},{"elevation":0.0013721105642616749,"super_res_target":0,"scan_index":0,"timestamp":1667974882.222274,"range_rate":-2.734375,"veh_clutter":0,"header":{"sequence_num":76913},"range":7.09375,"near_target":0.0,"amplitude":-9.0,"azimuth":0.30629175901412964,"ele_confid":0,"azi_confid":0},{"elevation":0.0013721105642616749,"super_res_target":0,"scan_index":0,"timestamp":1667974882.222274,"range_rate":-3.125,"veh_clutter":0,"header":{"sequence_num":76913},"range":7.15625,"near_target":0.0,"amplitude":-16.0,"azimuth":0.5018239617347717,"ele_confid":0,"azi_confid":1},{"elevation":0.0013721105642616749,"super_res_target":0,"scan_index":0,"timestamp":1667974882.222274,"range_rate":0.421875,"veh_clutter":0,"header":{"sequence_num":76913},"range":7.421875,"near_target":0.0,"amplitude":-15.0,"azimuth":-0.6916892528533936,"ele_confid":0,"azi_confid":0},{"elevation":0.0013721105642616749,"super_res_target":0,"scan_index":0,"timestamp":1667974882.222649,"range_rate":-0.359375,"veh_clutter":0,"header":{"sequence_num":76913},"range":8.6875,"near_target":0.0,"amplitude":-14.0,"azimuth":-0.4578173756599426,"ele_confid":0,"azi_confid":1},{"elevation":0.0013721105642616749,"super_res_target":0,"scan_index":0,"timestamp":1667974882.222649,"range_rate":-0.859375,"veh_clutter":0,"header":{"sequence_num":76913},"range":9.4375,"near_target":0.0,"amplitude":-4.0,"azimuth":-0.3217117190361023,"ele_confid":0,"azi_confid":1},{"elevation":0.0013721105642616749,"super_res_target":0,"scan_index":0,"timestamp":1667974882.222649,"range_rate":-1.1875,"veh_clutter":0,"header":{"sequence_num":76913},"range":11.0625,"near_target":0.0,"amplitude":-11.0,"azimuth":-0.2239454835653305,"ele_confid":0,"azi_confid":0},{"elevation":0.0013721105642616749,"super_res_target":0,"scan_index":0,"timestamp":1667974882.222649,"range_rate":-2.96875,"veh_clutter":0,"header":{"sequence_num":76913},"range":11.15625,"near_target":0.0,"amplitude":-3.0,"azimuth":0.42514464259147644,"ele_confid":0,"azi_confid":0},{"elevation":0.0013721105642616749,"super_res_target":0,"scan_index":0,"timestamp":1667974882.222649,"range_rate":-1.578125,"veh_clutter":0,"header":{"sequence_num":76913},"range":13.59375,"near_target":0.0,"amplitude":-5.0,"azimuth":-0.10892648249864578,"ele_confid":0,"azi_confid":0},{"elevation":0.0013721105642616749,"super_res_target":0,"scan_index":0,"timestamp":1667974882.222649,"range_rate":0.671875,"veh_clutter":0,"header":{"sequence_num":76913},"range":15.28125,"near_target":0.0,"amplitude":-4.0,"azimuth":-0.7614672780036926,"ele_confid":0,"azi_confid":1},{"elevation":0.0013721105642616749,"super_res_target":0,"scan_index":0,"timestamp":1667974882.223023,"range_rate":-2.90625,"veh_clutter":0,"header":{"sequence_num":76913},"range":16.09375,"near_target":0.0,"amplitude":-9.0,"azimuth":0.4006073474884033,"ele_confid":0,"azi_confid":1},{"elevation":0.0013721105642616749,"super_res_target":0,"scan_index":0,"timestamp":1667974882.223023,"range_rate":0.390625,"veh_clutter":0,"header":{"sequence_num":76913},"range":16.109375,"near_target":0.0,"amplitude":-7.0,"azimuth":-0.7054916024208069,"ele_confid":0,"azi_confid":1},{"elevation":0.0013721105642616749,"super_res_target":0,"scan_index":0,"timestamp":1667974882.223023,"range_rate":1.328125,"veh_clutter":0,"header":{"sequence_num":76913},"range":16.953125,"near_target":0.0,"amplitude":-5.0,"azimuth":-0.9604501128196716,"ele_confid":0,"azi_confid":1},{"elevation":0.0013721105642616749,"super_res_target":0,"scan_index":0,"timestamp":1667974882.223023,"range_rate":-0.15625,"veh_clutter":0,"header":{"sequence_num":76913},"range":17.4375,"near_target":0.0,"amplitude":-11.0,"azimuth":-0.5456151366233826,"ele_confid":0,"azi_confid":3},{"elevation":0.0013721105642616749,"super_res_target":0,"scan_index":0,"timestamp":1667974882.223023,"range_rate":-0.265625,"veh_clutter":0,"header":{"sequence_num":76913},"range":17.96875,"near_target":0.0,"amplitude":-13.0,"azimuth":-0.4961570203304291,"ele_confid":0,"azi_confid":1},{"elevation":0.0013721105642616749,"super_res_target":0,"scan_index":0,"timestamp":1667974882.223023,"range_rate":-1.953125,"veh_clutter":0,"header":{"sequence_num":76913},"range":19.453125,"near_target":0.0,"amplitude":-7.0,"azimuth":0.009926400147378445,"ele_confid":0,"azi_confid":1},{"elevation":0.0013721105642616749,"super_res_target":0,"scan_index":0,"timestamp":1667974882.223395,"range_rate":-0.75,"veh_clutter":0,"header":{"sequence_num":76913},"range":21.484375,"near_target":0.0,"amplitude":-8.0,"azimuth":-0.3332136571407318,"ele_confid":0,"azi_confid":3},{"elevation":0.0013721105642616749,"super_res_target":0,"scan_index":0,"timestamp":1667974882.223395,"range_rate":2.453125,"veh_clutter":0,"header":{"sequence_num":76913},"range":21.578125,"near_target":0.0,"amplitude":-5.0,"azimuth":-1.2675507068634033,"ele_confid":0,"azi_confid":1},{"elevation":0.0013721105642616749,"super_res_target":0,"scan_index":0,"timestamp":1667974882.223395,"range_rate":-2.09375,"veh_clutter":0,"header":{"sequence_num":76913},"range":22.453125,"near_target":0.0,"amplitude":-7.0,"azimuth":0.0831550732254982,"ele_confid":0,"azi_confid":0},{"elevation":0.0013721105642616749,"super_res_target":0,"scan_index":0,"timestamp":1667974882.223395,"range_rate":-2.75,"veh_clutter":0,"header":{"sequence_num":76913},"range":22.171875,"near_target":0.0,"amplitude":-10.0,"azimuth":0.32277777791023254,"ele_confid":0,"azi_confid":1},{"elevation":0.0013721105642616749,"super_res_target":0,"scan_index":0,"timestamp":1667974882.223395,"range_rate":-6.046875,"veh_clutter":0,"header":{"sequence_num":76913},"range":23.375,"near_target":0.0,"amplitude":-1.0,"azimuth":0.9277774095535278,"ele_confid":0,"azi_confid":1},{"elevation":0.0013721105642616749,"super_res_target":0,"scan_index":0,"timestamp":1667974882.223395,"range_rate":-5.59375,"veh_clutter":0,"header":{"sequence_num":76913},"range":23.703125,"near_target":0.0,"amplitude":-5.0,"azimuth":0.8790860176086426,"ele_confid":0,"azi_confid":2},{"elevation":0.0013721105642616749,"super_res_target":0,"scan_index":0,"timestamp":1667974882.223768,"range_rate":-6.296875,"veh_clutter":0,"header":{"sequence_num":76913},"range":23.65625,"near_target":0.0,"amplitude":3.0,"azimuth":0.9381291270256042,"ele_confid":0,"azi_confid":1},{"elevation":0.0013721105642616749,"super_res_target":0,"scan_index":0,"timestamp":1667974882.223768,"range_rate":-1.109375,"veh_clutter":0,"header":{"sequence_num":76913},"range":25.40625,"near_target":0.0,"amplitude":-4.0,"azimuth":-0.2450323849916458,"ele_confid":0,"azi_confid":1},{"elevation":0.0013721105642616749,"super_res_target":0,"scan_index":0,"timestamp":1667974882.223768,"range_rate":-6.71875,"veh_clutter":0,"header":{"sequence_num":76913},"range":25.5,"near_target":0.0,"amplitude":12.0,"azimuth":0.9661170840263367,"ele_confid":0,"azi_confid":1},{"elevation":0.0013721105642616749,"super_res_target":0,"scan_index":0,"timestamp":1667974882.223768,"range_rate":-2.609375,"veh_clutter":0,"header":{"sequence_num":76913},"range":26.375,"near_target":0.0,"amplitude":6.0,"azimuth":0.2576003670692444,"ele_confid":0,"azi_confid":0},{"elevation":0.0013721105642616749,"super_res_target":0,"scan_index":0,"timestamp":1667974882.223768,"range_rate":-5.984375,"veh_clutter":0,"header":{"sequence_num":76913},"range":26.6875,"near_target":0.0,"amplitude":-9.0,"azimuth":-0.20669272541999817,"ele_confid":0,"azi_confid":3},{"elevation":0.0013721105642616749,"super_res_target":0,"scan_index":0,"timestamp":1667974882.223768,"range_rate":-2.34375,"veh_clutter":0,"header":{"sequence_num":76913},"range":29.78125,"near_target":0.0,"amplitude":-1.0,"azimuth":0.14948269724845886,"ele_confid":0,"azi_confid":1},{"elevation":0.0013721105642616749,"super_res_target":0,"scan_index":0,"timestamp":1667974882.224144,"range_rate":-1.375,"veh_clutter":0,"header":{"sequence_num":76913},"range":30.390625,"near_target":0.0,"amplitude":-7.0,"azimuth":-0.17525410652160645,"ele_confid":0,"azi_confid":1},{"elevation":0.0013721105642616749,"super_res_target":0,"scan_index":0,"timestamp":1667974882.224144,"range_rate":-2.03125,"veh_clutter":0,"header":{"sequence_num":76913},"range":30.6875,"near_target":0.0,"amplitude":-9.0,"azimuth":0.07587052881717682,"ele_confid":0,"azi_confid":1},{"elevation":0.0013721105642616749,"super_res_target":0,"scan_index":0,"timestamp":1667974882.224144,"range_rate":-7.0,"veh_clutter":0,"header":{"sequence_num":76913},"range":30.078125,"near_target":0.0,"amplitude":-10.0,"azimuth":0.9592160582542419,"ele_confid":0,"azi_confid":3},{"elevation":0.0013721105642616749,"super_res_target":0,"scan_index":0,"timestamp":1667974882.224144,"range_rate":-2.0,"veh_clutter":0,"header":{"sequence_num":76913},"range":30.96875,"near_target":0.0,"amplitude":-10.0,"azimuth":0.03446369990706444,"ele_confid":0,"azi_confid":3},{"elevation":0.0013721105642616749,"super_res_target":0,"scan_index":0,"timestamp":1667974882.224144,"range_rate":-1.46875,"veh_clutter":0,"header":{"sequence_num":76913},"range":32.015625,"near_target":0.0,"amplitude":3.0,"azimuth":-0.1403650939464569,"ele_confid":0,"azi_confid":1},{"elevation":0.0013721105642616749,"super_res_target":0,"scan_index":0,"timestamp":1667974882.224144,"range_rate":-2.8125,"veh_clutter":0,"header":{"sequence_num":76913},"range":33.890625,"near_target":0.0,"amplitude":6.0,"azimuth":0.3446314334869385,"ele_confid":0,"azi_confid":0},{"elevation":0.0013721105642616749,"super_res_target":0,"scan_index":0,"timestamp":1667974882.224869,"range_rate":-2.21875,"veh_clutter":0,"header":{"sequence_num":76913},"range":35.859375,"near_target":0.0,"amplitude":14.0,"azimuth":0.11459342390298843,"ele_confid":0,"azi_confid":0},{"elevation":0.0013721105642616749,"super_res_target":0,"scan_index":0,"timestamp":1667974882.224869,"range_rate":-2.625,"veh_clutter":0,"header":{"sequence_num":76913},"range":36.5625,"near_target":0.0,"amplitude":17.0,"azimuth":0.2714027464389801,"ele_confid":0,"azi_confid":1},{"elevation":0.0013721105642616749,"super_res_target":0,"scan_index":0,"timestamp":1667974882.224869,"range_rate":-2.484375,"veh_clutter":0,"header":{"sequence_num":76913},"range":38.359375,"near_target":0.0,"amplitude":13.0,"azimuth":0.23651373386383057,"ele_confid":0,"azi_confid":1},{"elevation":0.0013721105642616749,"super_res_target":0,"scan_index":0,"timestamp":1667974882.224869,"range_rate":-2.34375,"veh_clutter":0,"header":{"sequence_num":76913},"range":40.796875,"near_target":0.0,"amplitude":13.0,"azimuth":0.15293309092521667,"ele_confid":0,"azi_confid":0},{"elevation":0.0013721105642616749,"super_res_target":0,"scan_index":0,"timestamp":1667974882.224869,"range_rate":-3.4375,"veh_clutter":0,"header":{"sequence_num":76913},"range":41.625,"near_target":0.0,"amplitude":13.0,"azimuth":1.2532809972763062,"ele_confid":0,"azi_confid":3},{"elevation":0.0013721105642616749,"super_res_target":0,"scan_index":0,"timestamp":1667974882.224869,"range_rate":-2.21875,"veh_clutter":0,"header":{"sequence_num":76913},"range":43.140625,"near_target":0.0,"amplitude":1.0,"azimuth":0.11075954139232635,"ele_confid":0,"azi_confid":1},{"elevation":0.0013721105642616749,"super_res_target":0,"scan_index":0,"timestamp":1667974882.225242,"range_rate":-2.578125,"veh_clutter":0,"header":{"sequence_num":76913},"range":43.453125,"near_target":0.0,"amplitude":5.0,"azimuth":0.23651373386383057,"ele_confid":0,"azi_confid":1},{"elevation":0.0013721105642616749,"super_res_target":0,"scan_index":0,"timestamp":1667974882.225242,"range_rate":-2.546875,"veh_clutter":0,"header":{"sequence_num":76913},"range":46.453125,"near_target":0.0,"amplitude":-2.0,"azimuth":0.2652684152126312,"ele_confid":0,"azi_confid":3},{"elevation":0.0013721105642616749,"super_res_target":0,"scan_index":0,"timestamp":1667974882.225242,"range_rate":-3.453125,"veh_clutter":0,"header":{"sequence_num":76913},"range":46.328125,"near_target":0.0,"amplitude":6.0,"azimuth":1.2103406190872192,"ele_confid":0,"azi_confid":1},{"elevation":0.0013721105642616749,"super_res_target":0,"scan_index":0,"timestamp":1667974882.225242,"range_rate":-2.5,"veh_clutter":0,"header":{"sequence_num":76913},"range":48.09375,"near_target":0.0,"amplitude":8.0,"azimuth":0.21581032872200012,"ele_confid":0,"azi_confid":1},{"elevation":0.0013721105642616749,"super_res_target":0,"scan_index":0,"timestamp":1667974882.225242,"range_rate":-2.890625,"veh_clutter":0,"header":{"sequence_num":76913},"range":49.6875,"near_target":0.0,"amplitude":-6.0,"azimuth":0.30284109711647034,"ele_confid":0,"azi_confid":3},{"elevation":0.0013721105642616749,"super_res_target":0,"scan_index":0,"timestamp":1667974882.225242,"range_rate":-2.84375,"veh_clutter":0,"header":{"sequence_num":76913},"range":52.71875,"near_target":0.0,"amplitude":-3.0,"azimuth":0.2993907034397125,"ele_confid":0,"azi_confid":3},{"elevation":0.0013721105642616749,"super_res_target":0,"scan_index":0,"timestamp":1667974882.225621,"range_rate":-2.609375,"veh_clutter":0,"header":{"sequence_num":76913},"range":57.59375,"near_target":0.0,"amplitude":3.0,"azimuth":0.23306308686733246,"ele_confid":0,"azi_confid":1},{"elevation":0.0013721105642616749,"super_res_target":0,"scan_index":0,"timestamp":1667974882.225621,"range_rate":-2.765625,"veh_clutter":0,"header":{"sequence_num":76913},"range":60.71875,"near_target":0.0,"amplitude":4.0,"azimuth":0.34386470913887024,"ele_confid":0,"azi_confid":1},{"elevation":0.0013721105642616749,"super_res_target":0,"scan_index":0,"timestamp":1667974882.225621,"range_rate":0.53125,"veh_clutter":0,"header":{"sequence_num":76913},"range":61.578125,"near_target":0.0,"amplitude":-1.0,"azimuth":-0.7369299530982971,"ele_confid":0,"azi_confid":3},{"elevation":0.0013721105642616749,"super_res_target":0,"scan_index":0,"timestamp":1667974882.225621,"range_rate":-2.484375,"veh_clutter":0,"header":{"sequence_num":76913},"range":62.578125,"near_target":0.0,"amplitude":2.0,"azimuth":0.22616203129291534,"ele_confid":0,"azi_confid":3},{"elevation":0.0013721105642616749,"super_res_target":0,"scan_index":0,"timestamp":1667974882.225621,"range_rate":-2.21875,"veh_clutter":0,"header":{"sequence_num":76913},"range":63.421875,"near_target":0.0,"amplitude":3.0,"azimuth":0.09695716947317123,"ele_confid":0,"azi_confid":1},{"elevation":0.0013721105642616749,"super_res_target":0,"scan_index":0,"timestamp":1667974882.225621,"range_rate":-3.484375,"veh_clutter":0,"header":{"sequence_num":76913},"range":63.1875,"near_target":0.0,"amplitude":11.0,"azimuth":1.2137913703918457,"ele_confid":0,"azi_confid":1},{"elevation":0.0013721105642616749,"super_res_target":0,"scan_index":0,"timestamp":1667974882.225998,"range_rate":-3.484375,"veh_clutter":0,"header":{"sequence_num":76913},"range":65.71875,"near_target":0.0,"amplitude":15.0,"azimuth":1.1547482013702393,"ele_confid":0,"azi_confid":0},{"elevation":0.0013721105642616749,"super_res_target":0,"scan_index":0,"timestamp":1667974882.225998,"range_rate":-2.1875,"veh_clutter":0,"header":{"sequence_num":76913},"range":66.6875,"near_target":0.0,"amplitude":1.0,"azimuth":0.11075954139232635,"ele_confid":0,"azi_confid":3},{"elevation":0.0013721105642616749,"super_res_target":0,"scan_index":0,"timestamp":1667974882.225998,"range_rate":-3.5,"veh_clutter":0,"header":{"sequence_num":76913},"range":68.015625,"near_target":0.0,"amplitude":21.0,"azimuth":1.1547482013702393,"ele_confid":0,"azi_confid":0},{"elevation":0.0013721105642616749,"super_res_target":0,"scan_index":0,"timestamp":1667974882.225998,"range_rate":-3.515625,"veh_clutter":0,"header":{"sequence_num":76913},"range":71.09375,"near_target":0.0,"amplitude":15.0,"azimuth":1.1405624151229858,"ele_confid":0,"azi_confid":1},{"elevation":0.0013721105642616749,"super_res_target":0,"scan_index":0,"timestamp":1667974882.225998,"range_rate":-3.5,"veh_clutter":0,"header":{"sequence_num":76913},"range":73.8125,"near_target":0.0,"amplitude":13.0,"azimuth":1.1405624151229858,"ele_confid":0,"azi_confid":1},{"elevation":0.0013721105642616749,"super_res_target":0,"scan_index":0,"timestamp":1667974882.225998,"range_rate":-3.515625,"veh_clutter":0,"header":{"sequence_num":76913},"range":76.90625,"near_target":0.0,"amplitude":16.0,"azimuth":1.1164085865020752,"ele_confid":0,"azi_confid":1},{"elevation":0.0013721105642616749,"super_res_target":0,"scan_index":0,"timestamp":1667974882.226311,"range_rate":-3.515625,"veh_clutter":0,"header":{"sequence_num":76913},"range":80.0625,"near_target":0.0,"amplitude":11.0,"azimuth":1.0953216552734375,"ele_confid":0,"azi_confid":1},{"elevation":0.0013721105642616749,"super_res_target":0,"scan_index":0,"timestamp":1667974882.226311,"range_rate":-3.53125,"veh_clutter":0,"header":{"sequence_num":76913},"range":82.578125,"near_target":0.0,"amplitude":9.0,"azimuth":1.1336613893508911,"ele_confid":0,"azi_confid":1},{"elevation":0.0013721105642616749,"super_res_target":0,"scan_index":0,"timestamp":1667974882.226311,"range_rate":-3.515625,"veh_clutter":0,"header":{"sequence_num":76913},"range":85.640625,"near_target":0.0,"amplitude":13.0,"azimuth":1.1267602443695068,"ele_confid":0,"azi_confid":1},{"elevation":0.0013721105642616749,"super_res_target":0,"scan_index":0,"timestamp":1667974882.226311,"range_rate":-3.53125,"veh_clutter":0,"header":{"sequence_num":76913},"range":87.375,"near_target":0.0,"amplitude":20.0,"azimuth":1.1056734323501587,"ele_confid":0,"azi_confid":0}],"type":8}
