{"measurement_time":1667974882.316179,"header":{"timestamp_sec":1667974882.3241127,"sequence_num":76922},"range_coverage":100.578125,"aptiv_point":[{"elevation":0.0013721105642616749,"super_res_target":0,"scan_index":2,"timestamp":1667974882.316179,"range_rate":-0.078125,"veh_clutter":0,"header":{"sequence_num":76922},"range":3.71875,"near_target":0.0,"amplitude":-13.0,"azimuth":0.4738360047340393,"ele_confid":0,"azi_confid":1},{"elevation":0.0013721105642616749,"super_res_target":0,"scan_index":2,"timestamp":1667974882.316179,"range_rate":1.84375,"veh_clutter":0,"header":{"sequence_num":76922},"range":4.46875,"near_target":0.0,"amplitude":-22.0,"azimuth":-0.11736124753952026,"ele_confid":0,"azi_confid":3},{"elevation":0.0013721105642616749,"super_res_target":0,"scan_index":2,"timestamp":1667974882.316179,"range_rate":2.203125,"veh_clutter":0,"header":{"sequence_num":76922},"range":4.875,"near_target":0.0,"amplitude":-16.0,"azimuth":-0.2415817379951477,"ele_confid":0,"azi_confid":3},{"elevation":0.0013721105642616749,"super_res_target":0,"scan_index":2,"timestamp":1667974882.316179,"range_rate":-0.09375,"veh_clutter":0,"header":{"sequence_num":76922},"range":5.84375,"near_target":0.0,"amplitude":3.0,"azimuth":-1.1916382312774658,"ele_confid":0,"azi_confid":1},{"elevation":0.0013721105642616749,"super_res_target":0,"scan_index":2,"timestamp":1667974882.316179,"range_rate":1.21875,"veh_clutter":0,"header":{"sequence_num":76922},"range":7.625,"near_target":0.0,"amplitude":-10.0,"azimuth":0.09350678324699402,"ele_confid":0,"azi_confid":2},{"elevation":0.0013721105642616749,"super_res_target":0,"scan_index":2,"timestamp":1667974882.316179,"range_rate":0.921875,"veh_clutter":0,"header":{"sequence_num":76922},"range":7.5,"near_target":0.0,"amplitude":-6.0,"azimuth":0.20775878429412842,"ele_confid":0,"azi_confid":3},{"elevation":0.0013721105642616749,"super_res_target":0,"scan_index":2,"timestamp":1667974882.318988,"range_rate":-3.28125,"veh_clutter":0,"header":{"sequence_num":76922},"range":8.609375,"near_target":0.0,"amplitude":-2.0,"azimuth":-1.1628835201263428,"ele_confid":0,"azi_confid":0},{"elevation":0.0013721105642616749,"super_res_target":0,"scan_index":2,"timestamp":1667974882.318988,"range_rate":1.890625,"veh_clutter":0,"header":{"sequence_num":76922},"range":8.5,"near_target":0.0,"amplitude":-9.0,"azimuth":-0.09474088996648788,"ele_confid":0,"azi_confid":1},{"elevation":0.0013721105642616749,"super_res_target":0,"scan_index":2,"timestamp":1667974882.318988,"range_rate":2.1875,"veh_clutter":0,"header":{"sequence_num":76922},"range":9.234375,"near_target":0.0,"amplitude":-9.0,"azimuth":-0.23161351680755615,"ele_confid":0,"azi_confid":1},{"elevation":0.0013721105642616749,"super_res_target":0,"scan_index":2,"timestamp":1667974882.318988,"range_rate":2.421875,"veh_clutter":0,"header":{"sequence_num":76922},"range":10.0625,"near_target":0.0,"amplitude":-12.0,"azimuth":-0.318261057138443,"ele_confid":0,"azi_confid":1},{"elevation":0.0013721105642616749,"super_res_target":0,"scan_index":2,"timestamp":1667974882.318988,"range_rate":2.6875,"veh_clutter":0,"header":{"sequence_num":76922},"range":11.234375,"near_target":0.0,"amplitude":-13.0,"azimuth":-0.42177814245224,"ele_confid":0,"azi_confid":1},{"elevation":0.0013721105642616749,"super_res_target":0,"scan_index":2,"timestamp":1667974882.318988,"range_rate":0.9375,"veh_clutter":0,"header":{"sequence_num":76922},"range":10.921875,"near_target":0.0,"amplitude":-3.0,"azimuth":-0.1863728016614914,"ele_confid":0,"azi_confid":3},{"elevation":0.0013721105642616749,"super_res_target":0,"scan_index":2,"timestamp":1667974882.320061,"range_rate":2.890625,"veh_clutter":0,"header":{"sequence_num":76922},"range":12.78125,"near_target":0.0,"amplitude":-9.0,"azimuth":-0.5065087676048279,"ele_confid":0,"azi_confid":1},{"elevation":0.0013721105642616749,"super_res_target":0,"scan_index":2,"timestamp":1667974882.320061,"range_rate":0.9375,"veh_clutter":0,"header":{"sequence_num":76922},"range":13.953125,"near_target":0.0,"amplitude":-10.0,"azimuth":-0.18023821711540222,"ele_confid":0,"azi_confid":3},{"elevation":0.0013721105642616749,"super_res_target":0,"scan_index":2,"timestamp":1667974882.320061,"range_rate":-0.484375,"veh_clutter":0,"header":{"sequence_num":76922},"range":14.75,"near_target":0.0,"amplitude":-8.0,"azimuth":0.6103251576423645,"ele_confid":0,"azi_confid":1},{"elevation":0.0013721105642616749,"super_res_target":0,"scan_index":2,"timestamp":1667974882.320061,"range_rate":-0.015625,"veh_clutter":0,"header":{"sequence_num":76922},"range":15.171875,"near_target":0.0,"amplitude":10.0,"azimuth":0.4458480477333069,"ele_confid":0,"azi_confid":0},{"elevation":0.0013721105642616749,"super_res_target":0,"scan_index":2,"timestamp":1667974882.320061,"range_rate":0.296875,"veh_clutter":0,"header":{"sequence_num":76922},"range":15.140625,"near_target":0.0,"amplitude":2.0,"azimuth":0.35191595554351807,"ele_confid":0,"azi_confid":1},{"elevation":0.0013721105642616749,"super_res_target":0,"scan_index":2,"timestamp":1667974882.320061,"range_rate":-0.484375,"veh_clutter":0,"header":{"sequence_num":76922},"range":16.171875,"near_target":0.0,"amplitude":-9.0,"azimuth":0.591538667678833,"ele_confid":0,"azi_confid":2},{"elevation":0.0013721105642616749,"super_res_target":0,"scan_index":2,"timestamp":1667974882.320531,"range_rate":-0.828125,"veh_clutter":0,"header":{"sequence_num":76922},"range":17.8125,"near_target":0.0,"amplitude":0.0,"azimuth":0.6728188991546631,"ele_confid":0,"azi_confid":1},{"elevation":0.0013721105642616749,"super_res_target":0,"scan_index":2,"timestamp":1667974882.320531,"range_rate":0.9375,"veh_clutter":0,"header":{"sequence_num":76922},"range":17.640625,"near_target":0.0,"amplitude":-9.0,"azimuth":-0.2415817379951477,"ele_confid":0,"azi_confid":3},{"elevation":0.0013721105642616749,"super_res_target":0,"scan_index":2,"timestamp":1667974882.320531,"range_rate":2.03125,"veh_clutter":0,"header":{"sequence_num":76922},"range":18.515625,"near_target":0.0,"amplitude":-4.0,"azimuth":-0.1403650939464569,"ele_confid":0,"azi_confid":1},{"elevation":0.0013721105642616749,"super_res_target":0,"scan_index":2,"timestamp":1667974882.320531,"range_rate":-0.953125,"veh_clutter":0,"header":{"sequence_num":76922},"range":19.65625,"near_target":0.0,"amplitude":-13.0,"azimuth":0.6854707598686218,"ele_confid":0,"azi_confid":3},{"elevation":0.0013721105642616749,"super_res_target":0,"scan_index":2,"timestamp":1667974882.320531,"range_rate":0.9375,"veh_clutter":0,"header":{"sequence_num":76922},"range":20.578125,"near_target":0.0,"amplitude":-9.0,"azimuth":-0.20554250478744507,"ele_confid":0,"azi_confid":3},{"elevation":0.0013721105642616749,"super_res_target":0,"scan_index":2,"timestamp":1667974882.320531,"range_rate":2.453125,"veh_clutter":0,"header":{"sequence_num":76922},"range":21.46875,"near_target":0.0,"amplitude":-1.0,"azimuth":-0.3148103952407837,"ele_confid":0,"azi_confid":1},{"elevation":0.0013721105642616749,"super_res_target":0,"scan_index":2,"timestamp":1667974882.321036,"range_rate":-1.265625,"veh_clutter":0,"header":{"sequence_num":76922},"range":22.28125,"near_target":0.0,"amplitude":-5.0,"azimuth":0.8223434090614319,"ele_confid":0,"azi_confid":3},{"elevation":0.0013721105642616749,"super_res_target":0,"scan_index":2,"timestamp":1667974882.321036,"range_rate":-1.375,"veh_clutter":0,"header":{"sequence_num":76922},"range":23.265625,"near_target":0.0,"amplitude":-10.0,"azimuth":0.9484808444976807,"ele_confid":0,"azi_confid":3},{"elevation":0.0013721105642616749,"super_res_target":0,"scan_index":2,"timestamp":1667974882.321036,"range_rate":0.96875,"veh_clutter":0,"header":{"sequence_num":76922},"range":24.0,"near_target":0.0,"amplitude":-11.0,"azimuth":-0.2273961454629898,"ele_confid":0,"azi_confid":3},{"elevation":0.0013721105642616749,"super_res_target":0,"scan_index":2,"timestamp":1667974882.321036,"range_rate":-1.375,"veh_clutter":0,"header":{"sequence_num":76922},"range":25.03125,"near_target":0.0,"amplitude":-8.0,"azimuth":0.8564656972885132,"ele_confid":0,"azi_confid":3},{"elevation":0.0013721105642616749,"super_res_target":0,"scan_index":2,"timestamp":1667974882.321036,"range_rate":-0.3125,"veh_clutter":0,"header":{"sequence_num":76922},"range":26.640625,"near_target":0.0,"amplitude":-4.0,"azimuth":0.5160095691680908,"ele_confid":0,"azi_confid":1},{"elevation":0.0013721105642616749,"super_res_target":0,"scan_index":2,"timestamp":1667974882.321036,"range_rate":-2.9375,"veh_clutter":0,"header":{"sequence_num":76922},"range":26.640625,"near_target":0.0,"amplitude":-11.0,"azimuth":1.1616493463516235,"ele_confid":0,"azi_confid":3},{"elevation":0.0013721105642616749,"super_res_target":0,"scan_index":2,"timestamp":1667974882.321616,"range_rate":0.921875,"veh_clutter":0,"header":{"sequence_num":76922},"range":26.875,"near_target":0.0,"amplitude":-11.0,"azimuth":-0.16106851398944855,"ele_confid":0,"azi_confid":3},{"elevation":0.0013721105642616749,"super_res_target":0,"scan_index":2,"timestamp":1667974882.321616,"range_rate":-0.5625,"veh_clutter":0,"header":{"sequence_num":76922},"range":28.640625,"near_target":0.0,"amplitude":-9.0,"azimuth":-0.5076589584350586,"ele_confid":0,"azi_confid":3},{"elevation":0.0013721105642616749,"super_res_target":0,"scan_index":2,"timestamp":1667974882.321616,"range_rate":-3.03125,"veh_clutter":0,"header":{"sequence_num":76922},"range":36.015625,"near_target":0.0,"amplitude":-5.0,"azimuth":-0.0356978103518486,"ele_confid":0,"azi_confid":3},{"elevation":0.0013721105642616749,"super_res_target":0,"scan_index":2,"timestamp":1667974882.321616,"range_rate":3.15625,"veh_clutter":0,"header":{"sequence_num":76922},"range":36.703125,"near_target":0.0,"amplitude":-6.0,"azimuth":-0.6744365096092224,"ele_confid":0,"azi_confid":3},{"elevation":0.0013721105642616749,"super_res_target":0,"scan_index":2,"timestamp":1667974882.321616,"range_rate":-2.828125,"veh_clutter":0,"header":{"sequence_num":76922},"range":47.40625,"near_target":0.0,"amplitude":11.0,"azimuth":1.2068899869918823,"ele_confid":0,"azi_confid":1},{"elevation":0.0013721105642616749,"super_res_target":0,"scan_index":2,"timestamp":1667974882.321616,"range_rate":-2.6875,"veh_clutter":0,"header":{"sequence_num":76922},"range":49.28125,"near_target":0.0,"amplitude":1.0,"azimuth":1.1539812088012695,"ele_confid":0,"azi_confid":3},{"elevation":0.0013721105642616749,"super_res_target":0,"scan_index":2,"timestamp":1667974882.322089,"range_rate":-2.9375,"veh_clutter":0,"header":{"sequence_num":76922},"range":52.28125,"near_target":0.0,"amplitude":-2.0,"azimuth":1.1861865520477295,"ele_confid":0,"azi_confid":3},{"elevation":0.0013721105642616749,"super_res_target":0,"scan_index":2,"timestamp":1667974882.322089,"range_rate":0.03125,"veh_clutter":0,"header":{"sequence_num":76922},"range":5.84375,"near_target":1.0,"amplitude":0.0,"azimuth":-1.1950887441635132,"ele_confid":0,"azi_confid":3},{"elevation":0.0013721105642616749,"super_res_target":0,"scan_index":2,"timestamp":1667974882.322089,"range_rate":-0.09375,"veh_clutter":0,"header":{"sequence_num":76922},"range":5.84375,"near_target":1.0,"amplitude":-10.0,"azimuth":-1.1314449310302734,"ele_confid":0,"azi_confid":3},{"elevation":0.0013721105642616749,"super_res_target":0,"scan_index":2,"timestamp":1667974882.322089,"range_rate":3.515625,"veh_clutter":0,"header":{"sequence_num":76922},"range":14.890625,"near_target":0.0,"amplitude":13.0,"azimuth":-1.047864556312561,"ele_confid":0,"azi_confid":0},{"elevation":0.0013721105642616749,"super_res_target":0,"scan_index":2,"timestamp":1667974882.322089,"range_rate":3.515625,"veh_clutter":0,"header":{"sequence_num":76922},"range":17.9375,"near_target":0.0,"amplitude":17.0,"azimuth":-1.0547657012939453,"ele_confid":0,"azi_confid":0},{"elevation":0.0013721105642616749,"super_res_target":0,"scan_index":2,"timestamp":1667974882.322089,"range_rate":3.53125,"veh_clutter":0,"header":{"sequence_num":76922},"range":20.875,"near_target":0.0,"amplitude":12.0,"azimuth":-1.0720185041427612,"ele_confid":0,"azi_confid":1},{"elevation":0.0013721105642616749,"super_res_target":0,"scan_index":2,"timestamp":1667974882.322599,"range_rate":3.515625,"veh_clutter":0,"header":{"sequence_num":76922},"range":32.375,"near_target":0.0,"amplitude":5.0,"azimuth":-1.0547657012939453,"ele_confid":0,"azi_confid":1},{"elevation":0.0013721105642616749,"super_res_target":0,"scan_index":2,"timestamp":1667974882.322599,"range_rate":3.515625,"veh_clutter":0,"header":{"sequence_num":76922},"range":11.890625,"near_target":0.0,"amplitude":8.0,"azimuth":-1.0056909322738647,"ele_confid":0,"azi_confid":1},{"elevation":0.0013721105642616749,"super_res_target":0,"scan_index":2,"timestamp":1667974882.322599,"range_rate":3.515625,"veh_clutter":0,"header":{"sequence_num":76922},"range":23.171875,"near_target":0.0,"amplitude":0.0,"azimuth":-1.0904215574264526,"ele_confid":0,"azi_confid":3},{"elevation":0.0013721105642616749,"super_res_target":0,"scan_index":2,"timestamp":1667974882.322599,"range_rate":3.53125,"veh_clutter":0,"header":{"sequence_num":76922},"range":29.484375,"near_target":0.0,"amplitude":17.0,"azimuth":-1.0685679912567139,"ele_confid":0,"azi_confid":0},{"elevation":0.0013721105642616749,"super_res_target":0,"scan_index":2,"timestamp":1667974882.322599,"range_rate":3.484375,"veh_clutter":0,"header":{"sequence_num":76922},"range":6.359375,"near_target":0.0,"amplitude":11.0,"azimuth":-0.95009845495224,"ele_confid":0,"azi_confid":0},{"elevation":0.0013721105642616749,"super_res_target":0,"scan_index":2,"timestamp":1667974882.322599,"range_rate":3.53125,"veh_clutter":0,"header":{"sequence_num":76922},"range":26.65625,"near_target":0.0,"amplitude":1.0,"azimuth":-1.1318284273147583,"ele_confid":0,"azi_confid":3},{"elevation":0.0013721105642616749,"super_res_target":0,"scan_index":2,"timestamp":1667974882.323132,"range_rate":3.375,"veh_clutter":0,"header":{"sequence_num":76922},"range":3.328125,"near_target":0.0,"amplitude":-13.0,"azimuth":-0.8208938241004944,"ele_confid":0,"azi_confid":0}],"type":8}
