{"measurement_time":1667974882.325707,"header":{"timestamp_sec":1667974882.3307557,"sequence_num":76922},"range_coverage":100.578125,"aptiv_point":[{"elevation":0.0013721105642616749,"super_res_target":0,"scan_index":2,"timestamp":1667974882.325707,"range_rate":-0.3125,"veh_clutter":0,"header":{"sequence_num":76922},"range":1.453125,"near_target":0.0,"amplitude":-11.0,"azimuth":-0.7123926877975464,"ele_confid":0,"azi_confid":1},{"elevation":0.0013721105642616749,"super_res_target":0,"scan_index":2,"timestamp":1667974882.325707,"range_rate":1.25,"veh_clutter":0,"header":{"sequence_num":76922},"range":1.734375,"near_target":0.0,"amplitude":-19.0,"azimuth":-0.2273961454629898,"ele_confid":0,"azi_confid":1},{"elevation":0.0013721105642616749,"super_res_target":0,"scan_index":2,"timestamp":1667974882.325707,"range_rate":0.65625,"veh_clutter":0,"header":{"sequence_num":76922},"range":1.859375,"near_target":0.0,"amplitude":-14.0,"azimuth":-0.36350178718566895,"ele_confid":0,"azi_confid":1},{"elevation":0.0013721105642616749,"super_res_target":0,"scan_index":2,"timestamp":1667974882.325707,"range_rate":0.5,"veh_clutter":0,"header":{"sequence_num":76922},"range":1.796875,"near_target":0.0,"amplitude":-16.0,"azimuth":-0.4225448668003082,"ele_confid":0,"azi_confid":3},{"elevation":0.0013721105642616749,"super_res_target":0,"scan_index":2,"timestamp":1667974882.325707,"range_rate":0.21875,"veh_clutter":0,"header":{"sequence_num":76922},"range":1.640625,"near_target":0.0,"amplitude":-10.0,"azimuth":-0.5172439217567444,"ele_confid":0,"azi_confid":1},{"elevation":0.0013721105642616749,"super_res_target":0,"scan_index":2,"timestamp":1667974882.325707,"range_rate":0.296875,"veh_clutter":0,"header":{"sequence_num":76922},"range":2.75,"near_target":0.0,"amplitude":-11.0,"azimuth":-0.7265782356262207,"ele_confid":0,"azi_confid":1},{"elevation":0.0013721105642616749,"super_res_target":0,"scan_index":2,"timestamp":1667974882.326081,"range_rate":-0.75,"veh_clutter":0,"header":{"sequence_num":76922},"range":3.125,"near_target":0.0,"amplitude":-30.0,"azimuth":-0.6637012958526611,"ele_confid":0,"azi_confid":3},{"elevation":0.0013721105642616749,"super_res_target":0,"scan_index":2,"timestamp":1667974882.326081,"range_rate":3.296875,"veh_clutter":0,"header":{"sequence_num":76922},"range":4.328125,"near_target":0.0,"amplitude":-3.0,"azimuth":0.6310285925865173,"ele_confid":0,"azi_confid":1},{"elevation":0.0013721105642616749,"super_res_target":0,"scan_index":2,"timestamp":1667974882.326081,"range_rate":0.90625,"veh_clutter":0,"header":{"sequence_num":76922},"range":4.203125,"near_target":0.0,"amplitude":-21.0,"azimuth":-0.7794870138168335,"ele_confid":0,"azi_confid":3},{"elevation":0.0013721105642616749,"super_res_target":0,"scan_index":2,"timestamp":1667974882.326081,"range_rate":-1.859375,"veh_clutter":0,"header":{"sequence_num":76922},"range":4.953125,"near_target":0.0,"amplitude":-17.0,"azimuth":-1.0896546840667725,"ele_confid":0,"azi_confid":1},{"elevation":0.0013721105642616749,"super_res_target":0,"scan_index":2,"timestamp":1667974882.326081,"range_rate":3.0625,"veh_clutter":0,"header":{"sequence_num":76922},"range":4.890625,"near_target":0.0,"amplitude":-7.0,"azimuth":0.4538993239402771,"ele_confid":0,"azi_confid":3},{"elevation":0.0013721105642616749,"super_res_target":0,"scan_index":2,"timestamp":1667974882.326081,"range_rate":3.40625,"veh_clutter":0,"header":{"sequence_num":76922},"range":5.78125,"near_target":0.0,"amplitude":-4.0,"azimuth":0.7176761031150818,"ele_confid":0,"azi_confid":3},{"elevation":0.0013721105642616749,"super_res_target":0,"scan_index":2,"timestamp":1667974882.326458,"range_rate":3.28125,"veh_clutter":0,"header":{"sequence_num":76922},"range":6.734375,"near_target":0.0,"amplitude":-2.0,"azimuth":1.2233760356903076,"ele_confid":0,"azi_confid":3},{"elevation":0.0013721105642616749,"super_res_target":0,"scan_index":2,"timestamp":1667974882.326458,"range_rate":0.453125,"veh_clutter":0,"header":{"sequence_num":76922},"range":6.4375,"near_target":0.0,"amplitude":-17.0,"azimuth":-0.08285573869943619,"ele_confid":0,"azi_confid":3},{"elevation":0.0013721105642616749,"super_res_target":0,"scan_index":2,"timestamp":1667974882.326458,"range_rate":3.484375,"veh_clutter":0,"header":{"sequence_num":76922},"range":7.734375,"near_target":0.0,"amplitude":-5.0,"azimuth":0.798572838306427,"ele_confid":0,"azi_confid":1},{"elevation":0.0013721105642616749,"super_res_target":0,"scan_index":2,"timestamp":1667974882.326458,"range_rate":1.828125,"veh_clutter":0,"header":{"sequence_num":76922},"range":8.359375,"near_target":0.0,"amplitude":9.0,"azimuth":-0.02841326594352722,"ele_confid":0,"azi_confid":0},{"elevation":0.0013721105642616749,"super_res_target":0,"scan_index":2,"timestamp":1667974882.326458,"range_rate":1.546875,"veh_clutter":0,"header":{"sequence_num":76922},"range":8.09375,"near_target":0.0,"amplitude":-6.0,"azimuth":-0.07058708369731903,"ele_confid":0,"azi_confid":3},{"elevation":0.0013721105642616749,"super_res_target":0,"scan_index":2,"timestamp":1667974882.326458,"range_rate":2.203125,"veh_clutter":0,"header":{"sequence_num":76922},"range":9.109375,"near_target":0.0,"amplitude":-4.0,"azimuth":0.08162136375904083,"ele_confid":0,"azi_confid":3},{"elevation":0.0013721105642616749,"super_res_target":0,"scan_index":2,"timestamp":1667974882.326832,"range_rate":3.515625,"veh_clutter":0,"header":{"sequence_num":76922},"range":10.25,"near_target":0.0,"amplitude":-1.0,"azimuth":0.9657335877418518,"ele_confid":0,"azi_confid":3},{"elevation":0.0013721105642616749,"super_res_target":0,"scan_index":2,"timestamp":1667974882.326832,"range_rate":2.546875,"veh_clutter":0,"header":{"sequence_num":76922},"range":10.15625,"near_target":0.0,"amplitude":13.0,"azimuth":0.22271136939525604,"ele_confid":0,"azi_confid":0},{"elevation":0.0013721105642616749,"super_res_target":0,"scan_index":2,"timestamp":1667974882.326832,"range_rate":1.96875,"veh_clutter":0,"header":{"sequence_num":76922},"range":10.0,"near_target":0.0,"amplitude":-8.0,"azimuth":1.0316779613494873,"ele_confid":0,"azi_confid":3},{"elevation":0.0013721105642616749,"super_res_target":0,"scan_index":2,"timestamp":1667974882.326832,"range_rate":3.5,"veh_clutter":0,"header":{"sequence_num":76922},"range":11.984375,"near_target":0.0,"amplitude":3.0,"azimuth":0.8208099603652954,"ele_confid":0,"azi_confid":1},{"elevation":0.0013721105642616749,"super_res_target":0,"scan_index":2,"timestamp":1667974882.326832,"range_rate":3.15625,"veh_clutter":0,"header":{"sequence_num":76922},"range":12.140625,"near_target":0.0,"amplitude":-8.0,"azimuth":1.2479135990142822,"ele_confid":0,"azi_confid":3},{"elevation":0.0013721105642616749,"super_res_target":0,"scan_index":2,"timestamp":1667974882.326832,"range_rate":2.828125,"veh_clutter":0,"header":{"sequence_num":76922},"range":11.8125,"near_target":0.0,"amplitude":1.0,"azimuth":0.34846529364585876,"ele_confid":0,"azi_confid":1},{"elevation":0.0013721105642616749,"super_res_target":0,"scan_index":2,"timestamp":1667974882.327325,"range_rate":2.125,"veh_clutter":0,"header":{"sequence_num":76922},"range":12.21875,"near_target":0.0,"amplitude":-16.0,"azimuth":-0.13653121888637543,"ele_confid":0,"azi_confid":3},{"elevation":0.0013721105642616749,"super_res_target":0,"scan_index":2,"timestamp":1667974882.327325,"range_rate":1.609375,"veh_clutter":0,"header":{"sequence_num":76922},"range":12.75,"near_target":0.0,"amplitude":-12.0,"azimuth":-0.09742482751607895,"ele_confid":0,"azi_confid":3},{"elevation":0.0013721105642616749,"super_res_target":0,"scan_index":2,"timestamp":1667974882.327325,"range_rate":2.140625,"veh_clutter":0,"header":{"sequence_num":76922},"range":13.75,"near_target":0.0,"amplitude":-16.0,"azimuth":-0.7725859880447388,"ele_confid":0,"azi_confid":3},{"elevation":0.0013721105642616749,"super_res_target":0,"scan_index":2,"timestamp":1667974882.327325,"range_rate":1.890625,"veh_clutter":0,"header":{"sequence_num":76922},"range":13.796875,"near_target":0.0,"amplitude":-16.0,"azimuth":-0.007709851488471031,"ele_confid":0,"azi_confid":3},{"elevation":0.0013721105642616749,"super_res_target":0,"scan_index":2,"timestamp":1667974882.327325,"range_rate":3.046875,"veh_clutter":0,"header":{"sequence_num":76922},"range":14.25,"near_target":0.0,"amplitude":-5.0,"azimuth":0.4489152133464813,"ele_confid":0,"azi_confid":3},{"elevation":0.0013721105642616749,"super_res_target":0,"scan_index":2,"timestamp":1667974882.327325,"range_rate":2.34375,"veh_clutter":0,"header":{"sequence_num":76922},"range":14.609375,"near_target":0.0,"amplitude":-8.0,"azimuth":-0.7024244666099548,"ele_confid":0,"azi_confid":3},{"elevation":0.0013721105642616749,"super_res_target":0,"scan_index":2,"timestamp":1667974882.327813,"range_rate":3.515625,"veh_clutter":0,"header":{"sequence_num":76922},"range":15.515625,"near_target":0.0,"amplitude":-1.0,"azimuth":0.8319283723831177,"ele_confid":0,"azi_confid":2},{"elevation":0.0013721105642616749,"super_res_target":0,"scan_index":2,"timestamp":1667974882.327813,"range_rate":2.703125,"veh_clutter":0,"header":{"sequence_num":76922},"range":16.609375,"near_target":0.0,"amplitude":-14.0,"azimuth":0.2645014226436615,"ele_confid":0,"azi_confid":3},{"elevation":0.0013721105642616749,"super_res_target":0,"scan_index":2,"timestamp":1667974882.327813,"range_rate":3.515625,"veh_clutter":0,"header":{"sequence_num":76922},"range":17.328125,"near_target":0.0,"amplitude":8.0,"azimuth":0.8300114274024963,"ele_confid":0,"azi_confid":1},{"elevation":0.0013721105642616749,"super_res_target":0,"scan_index":2,"timestamp":1667974882.327813,"range_rate":2.21875,"veh_clutter":0,"header":{"sequence_num":76922},"range":17.15625,"near_target":0.0,"amplitude":-14.0,"azimuth":0.20507511496543884,"ele_confid":0,"azi_confid":3},{"elevation":0.0013721105642616749,"super_res_target":0,"scan_index":2,"timestamp":1667974882.327813,"range_rate":2.8125,"veh_clutter":0,"header":{"sequence_num":76922},"range":19.859375,"near_target":0.0,"amplitude":-10.0,"azimuth":0.31319281458854675,"ele_confid":0,"azi_confid":3},{"elevation":0.0013721105642616749,"super_res_target":0,"scan_index":2,"timestamp":1667974882.327813,"range_rate":0.515625,"veh_clutter":0,"header":{"sequence_num":76922},"range":20.03125,"near_target":0.0,"amplitude":-10.0,"azimuth":-0.4405646026134491,"ele_confid":0,"azi_confid":1},{"elevation":0.0013721105642616749,"super_res_target":0,"scan_index":2,"timestamp":1667974882.329223,"range_rate":3.5,"veh_clutter":0,"header":{"sequence_num":76922},"range":20.3125,"near_target":0.0,"amplitude":-2.0,"azimuth":0.8867540955543518,"ele_confid":0,"azi_confid":3},{"elevation":0.0013721105642616749,"super_res_target":0,"scan_index":2,"timestamp":1667974882.329223,"range_rate":2.5625,"veh_clutter":0,"header":{"sequence_num":76922},"range":20.890625,"near_target":0.0,"amplitude":-8.0,"azimuth":0.2645014226436615,"ele_confid":0,"azi_confid":3},{"elevation":0.0013721105642616749,"super_res_target":0,"scan_index":2,"timestamp":1667974882.329223,"range_rate":2.125,"veh_clutter":0,"header":{"sequence_num":76922},"range":20.734375,"near_target":0.0,"amplitude":-11.0,"azimuth":0.09005612134933472,"ele_confid":0,"azi_confid":3},{"elevation":0.0013721105642616749,"super_res_target":0,"scan_index":2,"timestamp":1667974882.329223,"range_rate":0.546875,"veh_clutter":0,"header":{"sequence_num":76922},"range":20.234375,"near_target":0.0,"amplitude":-10.0,"azimuth":-0.4543667137622833,"ele_confid":0,"azi_confid":3},{"elevation":0.0013721105642616749,"super_res_target":0,"scan_index":2,"timestamp":1667974882.329223,"range_rate":3.28125,"veh_clutter":0,"header":{"sequence_num":76922},"range":22.890625,"near_target":0.0,"amplitude":-3.0,"azimuth":1.3035060167312622,"ele_confid":0,"azi_confid":3},{"elevation":0.0013721105642616749,"super_res_target":0,"scan_index":2,"timestamp":1667974882.329223,"range_rate":3.484375,"veh_clutter":0,"header":{"sequence_num":76922},"range":24.25,"near_target":0.0,"amplitude":1.0,"azimuth":0.8879042863845825,"ele_confid":0,"azi_confid":2},{"elevation":0.0013721105642616749,"super_res_target":0,"scan_index":2,"timestamp":1667974882.329599,"range_rate":3.15625,"veh_clutter":0,"header":{"sequence_num":76922},"range":24.0,"near_target":0.0,"amplitude":-13.0,"azimuth":-0.6498989462852478,"ele_confid":0,"azi_confid":3},{"elevation":0.0013721105642616749,"super_res_target":0,"scan_index":2,"timestamp":1667974882.329599,"range_rate":2.8125,"veh_clutter":0,"header":{"sequence_num":76922},"range":23.875,"near_target":0.0,"amplitude":-12.0,"azimuth":0.36610156297683716,"ele_confid":0,"azi_confid":3},{"elevation":0.0013721105642616749,"super_res_target":0,"scan_index":2,"timestamp":1667974882.329599,"range_rate":3.453125,"veh_clutter":0,"header":{"sequence_num":76922},"range":26.734375,"near_target":0.0,"amplitude":-6.0,"azimuth":0.8886710405349731,"ele_confid":0,"azi_confid":3},{"elevation":0.0013721105642616749,"super_res_target":0,"scan_index":2,"timestamp":1667974882.329599,"range_rate":2.5625,"veh_clutter":0,"header":{"sequence_num":76922},"range":30.03125,"near_target":0.0,"amplitude":-4.0,"azimuth":0.22577853500843048,"ele_confid":0,"azi_confid":3},{"elevation":0.0013721105642616749,"super_res_target":0,"scan_index":2,"timestamp":1667974882.329599,"range_rate":3.265625,"veh_clutter":0,"header":{"sequence_num":76922},"range":31.0,"near_target":0.0,"amplitude":2.0,"azimuth":1.3468297719955444,"ele_confid":0,"azi_confid":3},{"elevation":0.0013721105642616749,"super_res_target":0,"scan_index":2,"timestamp":1667974882.329599,"range_rate":2.671875,"veh_clutter":0,"header":{"sequence_num":76922},"range":31.078125,"near_target":0.0,"amplitude":-7.0,"azimuth":0.3822043538093567,"ele_confid":0,"azi_confid":3},{"elevation":0.0013721105642616749,"super_res_target":0,"scan_index":2,"timestamp":1667974882.32997,"range_rate":3.515625,"veh_clutter":0,"header":{"sequence_num":76922},"range":35.4375,"near_target":0.0,"amplitude":-7.0,"azimuth":0.9906544089317322,"ele_confid":0,"azi_confid":3},{"elevation":0.0013721105642616749,"super_res_target":0,"scan_index":2,"timestamp":1667974882.32997,"range_rate":3.515625,"veh_clutter":0,"header":{"sequence_num":76922},"range":38.640625,"near_target":0.0,"amplitude":-7.0,"azimuth":0.9592160582542419,"ele_confid":0,"azi_confid":3},{"elevation":0.0013721105642616749,"super_res_target":0,"scan_index":2,"timestamp":1667974882.32997,"range_rate":3.546875,"veh_clutter":0,"header":{"sequence_num":76922},"range":41.5625,"near_target":0.0,"amplitude":-3.0,"azimuth":0.9592160582542419,"ele_confid":0,"azi_confid":3},{"elevation":0.0013721105642616749,"super_res_target":0,"scan_index":2,"timestamp":1667974882.32997,"range_rate":3.53125,"veh_clutter":0,"header":{"sequence_num":76922},"range":44.453125,"near_target":0.0,"amplitude":3.0,"azimuth":0.8863705992698669,"ele_confid":0,"azi_confid":3},{"elevation":0.0013721105642616749,"super_res_target":0,"scan_index":2,"timestamp":1667974882.32997,"range_rate":2.390625,"veh_clutter":0,"header":{"sequence_num":76922},"range":45.0,"near_target":0.0,"amplitude":-4.0,"azimuth":0.9139750599861145,"ele_confid":0,"azi_confid":3},{"elevation":0.0013721105642616749,"super_res_target":0,"scan_index":2,"timestamp":1667974882.32997,"range_rate":1.859375,"veh_clutter":0,"header":{"sequence_num":76922},"range":44.890625,"near_target":0.0,"amplitude":-2.0,"azimuth":-0.02841326594352722,"ele_confid":0,"azi_confid":1},{"elevation":0.0013721105642616749,"super_res_target":0,"scan_index":2,"timestamp":1667974882.330346,"range_rate":3.53125,"veh_clutter":0,"header":{"sequence_num":76922},"range":47.734375,"near_target":0.0,"amplitude":3.0,"azimuth":0.8859873414039612,"ele_confid":0,"azi_confid":3},{"elevation":0.0013721105642616749,"super_res_target":0,"scan_index":2,"timestamp":1667974882.330346,"range_rate":2.078125,"veh_clutter":0,"header":{"sequence_num":76922},"range":48.484375,"near_target":0.0,"amplitude":-1.0,"azimuth":0.04826606810092926,"ele_confid":0,"azi_confid":3},{"elevation":0.0013721105642616749,"super_res_target":0,"scan_index":2,"timestamp":1667974882.330346,"range_rate":3.546875,"veh_clutter":0,"header":{"sequence_num":76922},"range":50.015625,"near_target":0.0,"amplitude":4.0,"azimuth":1.0194090604782104,"ele_confid":0,"azi_confid":3},{"elevation":0.0013721105642616749,"super_res_target":0,"scan_index":2,"timestamp":1667974882.330346,"range_rate":2.25,"veh_clutter":0,"header":{"sequence_num":76922},"range":51.078125,"near_target":0.0,"amplitude":14.0,"azimuth":0.11459342390298843,"ele_confid":0,"azi_confid":1},{"elevation":0.0013721105642616749,"super_res_target":0,"scan_index":2,"timestamp":1667974882.330346,"range_rate":1.875,"veh_clutter":0,"header":{"sequence_num":76922},"range":51.203125,"near_target":0.0,"amplitude":0.0,"azimuth":-1.062050223350525,"ele_confid":0,"azi_confid":3},{"elevation":0.0013721105642616749,"super_res_target":0,"scan_index":2,"timestamp":1667974882.330346,"range_rate":3.546875,"veh_clutter":0,"header":{"sequence_num":76922},"range":53.34375,"near_target":0.0,"amplitude":6.0,"azimuth":0.9526982307434082,"ele_confid":0,"azi_confid":1},{"elevation":0.0013721105642616749,"super_res_target":0,"scan_index":2,"timestamp":1667974882.33065,"range_rate":2.53125,"veh_clutter":0,"header":{"sequence_num":76922},"range":54.59375,"near_target":0.0,"amplitude":10.0,"azimuth":0.2361302375793457,"ele_confid":0,"azi_confid":1},{"elevation":0.0013721105642616749,"super_res_target":0,"scan_index":2,"timestamp":1667974882.33065,"range_rate":1.984375,"veh_clutter":0,"header":{"sequence_num":76922},"range":54.5625,"near_target":0.0,"amplitude":3.0,"azimuth":-0.9286282658576965,"ele_confid":0,"azi_confid":3},{"elevation":0.0013721105642616749,"super_res_target":0,"scan_index":2,"timestamp":1667974882.33065,"range_rate":-2.0,"veh_clutter":0,"header":{"sequence_num":76922},"range":54.984375,"near_target":0.0,"amplitude":7.0,"azimuth":-1.2502979040145874,"ele_confid":0,"azi_confid":3},{"elevation":0.0013721105642616749,"super_res_target":0,"scan_index":2,"timestamp":1667974882.33065,"range_rate":3.546875,"veh_clutter":0,"header":{"sequence_num":76922},"range":57.421875,"near_target":0.0,"amplitude":7.0,"azimuth":0.9745518565177917,"ele_confid":0,"azi_confid":3}],"type":8}
