{"measurement_time":1667974882.116184,"header":{"timestamp_sec":1667974882.1238744,"sequence_num":76918},"range_coverage":100.578125,"aptiv_point":[{"elevation":0.0013721105642616749,"super_res_target":0,"scan_index":2,"timestamp":1667974882.116184,"range_rate":1.890625,"veh_clutter":0,"header":{"sequence_num":76918},"range":4.578125,"near_target":0.0,"amplitude":-18.0,"azimuth":-0.1192781925201416,"ele_confid":0,"azi_confid":1},{"elevation":0.0013721105642616749,"super_res_target":0,"scan_index":2,"timestamp":1667974882.116184,"range_rate":-0.09375,"veh_clutter":0,"header":{"sequence_num":76918},"range":6.015625,"near_target":0.0,"amplitude":7.0,"azimuth":-1.206207275390625,"ele_confid":0,"azi_confid":3},{"elevation":0.0013721105642616749,"super_res_target":0,"scan_index":2,"timestamp":1667974882.116184,"range_rate":1.328125,"veh_clutter":0,"header":{"sequence_num":76918},"range":7.609375,"near_target":0.0,"amplitude":-11.0,"azimuth":0.06475210189819336,"ele_confid":0,"azi_confid":2},{"elevation":0.0013721105642616749,"super_res_target":0,"scan_index":2,"timestamp":1667974882.116184,"range_rate":0.65625,"veh_clutter":0,"header":{"sequence_num":76918},"range":7.375,"near_target":0.0,"amplitude":-9.0,"azimuth":0.26603513956069946,"ele_confid":0,"azi_confid":3},{"elevation":0.0013721105642616749,"super_res_target":0,"scan_index":2,"timestamp":1667974882.116184,"range_rate":1.625,"veh_clutter":0,"header":{"sequence_num":76918},"range":8.265625,"near_target":0.0,"amplitude":-10.0,"azimuth":-0.02726304717361927,"ele_confid":0,"azi_confid":3},{"elevation":0.0013721105642616749,"super_res_target":0,"scan_index":2,"timestamp":1667974882.116184,"range_rate":0.75,"veh_clutter":0,"header":{"sequence_num":76918},"range":11.015625,"near_target":0.0,"amplitude":-2.0,"azimuth":-0.1227288469672203,"ele_confid":0,"azi_confid":3},{"elevation":0.0013721105642616749,"super_res_target":0,"scan_index":2,"timestamp":1667974882.118596,"range_rate":2.875,"veh_clutter":0,"header":{"sequence_num":76918},"range":12.953125,"near_target":0.0,"amplitude":-11.0,"azimuth":-0.5206943154335022,"ele_confid":0,"azi_confid":1},{"elevation":0.0013721105642616749,"super_res_target":0,"scan_index":2,"timestamp":1667974882.118596,"range_rate":-0.0625,"veh_clutter":0,"header":{"sequence_num":76918},"range":14.375,"near_target":0.0,"amplitude":7.0,"azimuth":0.47038534283638,"ele_confid":0,"azi_confid":0},{"elevation":0.0013721105642616749,"super_res_target":0,"scan_index":2,"timestamp":1667974882.118596,"range_rate":-0.4375,"veh_clutter":0,"header":{"sequence_num":76918},"range":14.59375,"near_target":0.0,"amplitude":-5.0,"azimuth":0.5754361152648926,"ele_confid":0,"azi_confid":1},{"elevation":0.0013721105642616749,"super_res_target":0,"scan_index":2,"timestamp":1667974882.118596,"range_rate":0.109375,"veh_clutter":0,"header":{"sequence_num":76918},"range":15.734375,"near_target":0.0,"amplitude":1.0,"azimuth":0.4182435870170593,"ele_confid":0,"azi_confid":1},{"elevation":0.0013721105642616749,"super_res_target":0,"scan_index":2,"timestamp":1667974882.118596,"range_rate":0.46875,"veh_clutter":0,"header":{"sequence_num":76918},"range":16.109375,"near_target":0.0,"amplitude":-11.0,"azimuth":0.3151100277900696,"ele_confid":0,"azi_confid":2},{"elevation":0.0013721105642616749,"super_res_target":0,"scan_index":2,"timestamp":1667974882.118596,"range_rate":0.765625,"veh_clutter":0,"header":{"sequence_num":76918},"range":17.359375,"near_target":0.0,"amplitude":-9.0,"azimuth":-0.11582779884338379,"ele_confid":0,"azi_confid":3},{"elevation":0.0013721105642616749,"super_res_target":0,"scan_index":2,"timestamp":1667974882.119082,"range_rate":-0.78125,"veh_clutter":0,"header":{"sequence_num":76918},"range":17.765625,"near_target":0.0,"amplitude":-10.0,"azimuth":0.6835538148880005,"ele_confid":0,"azi_confid":1},{"elevation":0.0013721105642616749,"super_res_target":0,"scan_index":2,"timestamp":1667974882.119082,"range_rate":-1.1875,"veh_clutter":0,"header":{"sequence_num":76918},"range":17.875,"near_target":0.0,"amplitude":-12.0,"azimuth":0.8020234704017639,"ele_confid":0,"azi_confid":2},{"elevation":0.0013721105642616749,"super_res_target":0,"scan_index":2,"timestamp":1667974882.119082,"range_rate":1.9375,"veh_clutter":0,"header":{"sequence_num":76918},"range":18.453125,"near_target":0.0,"amplitude":-5.0,"azimuth":-0.13653121888637543,"ele_confid":0,"azi_confid":2},{"elevation":0.0013721105642616749,"super_res_target":0,"scan_index":2,"timestamp":1667974882.119082,"range_rate":-0.9375,"veh_clutter":0,"header":{"sequence_num":76918},"range":18.8125,"near_target":0.0,"amplitude":-14.0,"azimuth":-0.4298294186592102,"ele_confid":0,"azi_confid":3},{"elevation":0.0013721105642616749,"super_res_target":0,"scan_index":2,"timestamp":1667974882.119082,"range_rate":-1.15625,"veh_clutter":0,"header":{"sequence_num":76918},"range":19.734375,"near_target":0.0,"amplitude":-9.0,"azimuth":0.8503313660621643,"ele_confid":0,"azi_confid":3},{"elevation":0.0013721105642616749,"super_res_target":0,"scan_index":2,"timestamp":1667974882.119082,"range_rate":2.34375,"veh_clutter":0,"header":{"sequence_num":76918},"range":20.703125,"near_target":0.0,"amplitude":-9.0,"azimuth":-0.27647075057029724,"ele_confid":0,"azi_confid":1},{"elevation":0.0013721105642616749,"super_res_target":0,"scan_index":2,"timestamp":1667974882.120039,"range_rate":-1.203125,"veh_clutter":0,"header":{"sequence_num":76918},"range":21.625,"near_target":0.0,"amplitude":-8.0,"azimuth":0.7636837959289551,"ele_confid":0,"azi_confid":3},{"elevation":0.0013721105642616749,"super_res_target":0,"scan_index":2,"timestamp":1667974882.120039,"range_rate":2.546875,"veh_clutter":0,"header":{"sequence_num":76918},"range":22.5625,"near_target":0.0,"amplitude":-5.0,"azimuth":-0.36350178718566895,"ele_confid":0,"azi_confid":1},{"elevation":0.0013721105642616749,"super_res_target":0,"scan_index":2,"timestamp":1667974882.120039,"range_rate":-1.296875,"veh_clutter":0,"header":{"sequence_num":76918},"range":23.09375,"near_target":0.0,"amplitude":-7.0,"azimuth":0.7774859070777893,"ele_confid":0,"azi_confid":3},{"elevation":0.0013721105642616749,"super_res_target":0,"scan_index":2,"timestamp":1667974882.120039,"range_rate":0.78125,"veh_clutter":0,"header":{"sequence_num":76918},"range":23.65625,"near_target":0.0,"amplitude":-12.0,"azimuth":-0.1438157558441162,"ele_confid":0,"azi_confid":3},{"elevation":0.0013721105642616749,"super_res_target":0,"scan_index":2,"timestamp":1667974882.120039,"range_rate":0.09375,"veh_clutter":0,"header":{"sequence_num":76918},"range":23.296875,"near_target":0.0,"amplitude":-4.0,"azimuth":0.32047733664512634,"ele_confid":0,"azi_confid":3},{"elevation":0.0013721105642616749,"super_res_target":0,"scan_index":2,"timestamp":1667974882.120039,"range_rate":-0.609375,"veh_clutter":0,"header":{"sequence_num":76918},"range":27.75,"near_target":0.0,"amplitude":-5.0,"azimuth":-0.31059303879737854,"ele_confid":0,"azi_confid":3},{"elevation":0.0013721105642616749,"super_res_target":0,"scan_index":2,"timestamp":1667974882.12055,"range_rate":3.015625,"veh_clutter":0,"header":{"sequence_num":76918},"range":29.375,"near_target":0.0,"amplitude":6.0,"azimuth":-0.5835713148117065,"ele_confid":0,"azi_confid":1},{"elevation":0.0013721105642616749,"super_res_target":0,"scan_index":2,"timestamp":1667974882.12055,"range_rate":3.0625,"veh_clutter":0,"header":{"sequence_num":76918},"range":31.75,"near_target":0.0,"amplitude":2.0,"azimuth":-0.611559271812439,"ele_confid":0,"azi_confid":1},{"elevation":0.0013721105642616749,"super_res_target":0,"scan_index":2,"timestamp":1667974882.12055,"range_rate":0.234375,"veh_clutter":0,"header":{"sequence_num":76918},"range":32.84375,"near_target":0.0,"amplitude":-7.0,"azimuth":-0.0521838441491127,"ele_confid":0,"azi_confid":3},{"elevation":0.0013721105642616749,"super_res_target":0,"scan_index":2,"timestamp":1667974882.12055,"range_rate":-2.984375,"veh_clutter":0,"header":{"sequence_num":76918},"range":36.78125,"near_target":0.0,"amplitude":-1.0,"azimuth":-0.05985188111662865,"ele_confid":0,"azi_confid":3},{"elevation":0.0013721105642616749,"super_res_target":0,"scan_index":2,"timestamp":1667974882.12055,"range_rate":0.109375,"veh_clutter":0,"header":{"sequence_num":76918},"range":38.90625,"near_target":0.0,"amplitude":-4.0,"azimuth":-0.03876497223973274,"ele_confid":0,"azi_confid":3},{"elevation":0.0013721105642616749,"super_res_target":0,"scan_index":2,"timestamp":1667974882.12055,"range_rate":0.34375,"veh_clutter":0,"header":{"sequence_num":76918},"range":41.3125,"near_target":0.0,"amplitude":-2.0,"azimuth":0.3595840036869049,"ele_confid":0,"azi_confid":3},{"elevation":0.0013721105642616749,"super_res_target":0,"scan_index":2,"timestamp":1667974882.121269,"range_rate":-2.765625,"veh_clutter":0,"header":{"sequence_num":76918},"range":65.59375,"near_target":0.0,"amplitude":-1.0,"azimuth":1.175451636314392,"ele_confid":0,"azi_confid":1},{"elevation":0.0013721105642616749,"super_res_target":0,"scan_index":2,"timestamp":1667974882.121269,"range_rate":2.03125,"veh_clutter":0,"header":{"sequence_num":76918},"range":91.734375,"near_target":0.0,"amplitude":1.0,"azimuth":-0.15416747331619263,"ele_confid":0,"azi_confid":3},{"elevation":0.0013721105642616749,"super_res_target":0,"scan_index":2,"timestamp":1667974882.121269,"range_rate":0.03125,"veh_clutter":0,"header":{"sequence_num":76918},"range":6.015625,"near_target":1.0,"amplitude":2.0,"azimuth":-1.1555989980697632,"ele_confid":0,"azi_confid":3},{"elevation":0.0013721105642616749,"super_res_target":0,"scan_index":2,"timestamp":1667974882.121269,"range_rate":3.5,"veh_clutter":0,"header":{"sequence_num":76918},"range":14.34375,"near_target":0.0,"amplitude":12.0,"azimuth":-1.047864556312561,"ele_confid":0,"azi_confid":1},{"elevation":0.0013721105642616749,"super_res_target":0,"scan_index":2,"timestamp":1667974882.121269,"range_rate":3.5,"veh_clutter":0,"header":{"sequence_num":76918},"range":11.03125,"near_target":0.0,"amplitude":10.0,"azimuth":-1.037129521369934,"ele_confid":0,"azi_confid":1},{"elevation":0.0013721105642616749,"super_res_target":0,"scan_index":2,"timestamp":1667974882.121269,"range_rate":3.5,"veh_clutter":0,"header":{"sequence_num":76918},"range":20.140625,"near_target":0.0,"amplitude":12.0,"azimuth":-1.0547657012939453,"ele_confid":0,"azi_confid":0},{"elevation":0.0013721105642616749,"super_res_target":0,"scan_index":2,"timestamp":1667974882.121854,"range_rate":3.5,"veh_clutter":0,"header":{"sequence_num":76918},"range":17.125,"near_target":0.0,"amplitude":11.0,"azimuth":-1.0582162141799927,"ele_confid":0,"azi_confid":0},{"elevation":0.0013721105642616749,"super_res_target":0,"scan_index":2,"timestamp":1667974882.121854,"range_rate":3.5,"veh_clutter":0,"header":{"sequence_num":76918},"range":31.84375,"near_target":0.0,"amplitude":11.0,"azimuth":-1.06166672706604,"ele_confid":0,"azi_confid":1},{"elevation":0.0013721105642616749,"super_res_target":0,"scan_index":2,"timestamp":1667974882.121854,"range_rate":3.5,"veh_clutter":0,"header":{"sequence_num":76918},"range":28.8125,"near_target":0.0,"amplitude":17.0,"azimuth":-1.0685679912567139,"ele_confid":0,"azi_confid":0},{"elevation":0.0013721105642616749,"super_res_target":0,"scan_index":2,"timestamp":1667974882.121854,"range_rate":3.453125,"veh_clutter":0,"header":{"sequence_num":76918},"range":5.265625,"near_target":0.0,"amplitude":5.0,"azimuth":-0.9152094125747681,"ele_confid":0,"azi_confid":0},{"elevation":0.0013721105642616749,"super_res_target":0,"scan_index":2,"timestamp":1667974882.121854,"range_rate":3.5,"veh_clutter":0,"header":{"sequence_num":76918},"range":23.28125,"near_target":0.0,"amplitude":8.0,"azimuth":-1.0793030261993408,"ele_confid":0,"azi_confid":1},{"elevation":0.0013721105642616749,"super_res_target":0,"scan_index":2,"timestamp":1667974882.121854,"range_rate":3.25,"veh_clutter":0,"header":{"sequence_num":76918},"range":2.671875,"near_target":0.0,"amplitude":-13.0,"azimuth":-0.7442145347595215,"ele_confid":0,"azi_confid":0},{"elevation":0.0013721105642616749,"super_res_target":0,"scan_index":2,"timestamp":1667974882.12233,"range_rate":3.5,"veh_clutter":0,"header":{"sequence_num":76918},"range":49.40625,"near_target":0.0,"amplitude":9.0,"azimuth":-1.0685679912567139,"ele_confid":0,"azi_confid":1},{"elevation":0.0013721105642616749,"super_res_target":0,"scan_index":2,"timestamp":1667974882.12233,"range_rate":3.5,"veh_clutter":0,"header":{"sequence_num":76918},"range":46.5,"near_target":0.0,"amplitude":10.0,"azimuth":-1.0720185041427612,"ele_confid":0,"azi_confid":1},{"elevation":0.0013721105642616749,"super_res_target":0,"scan_index":2,"timestamp":1667974882.12233,"range_rate":3.5,"veh_clutter":0,"header":{"sequence_num":76918},"range":34.625,"near_target":0.0,"amplitude":18.0,"azimuth":-1.0827536582946777,"ele_confid":0,"azi_confid":0},{"elevation":0.0013721105642616749,"super_res_target":0,"scan_index":2,"timestamp":1667974882.12233,"range_rate":3.515625,"veh_clutter":0,"header":{"sequence_num":76918},"range":40.640625,"near_target":0.0,"amplitude":11.0,"azimuth":-1.0793030261993408,"ele_confid":0,"azi_confid":0},{"elevation":0.0013721105642616749,"super_res_target":0,"scan_index":2,"timestamp":1667974882.12233,"range_rate":3.5,"veh_clutter":0,"header":{"sequence_num":76918},"range":43.515625,"near_target":0.0,"amplitude":19.0,"azimuth":-1.086204171180725,"ele_confid":0,"azi_confid":0},{"elevation":0.0013721105642616749,"super_res_target":0,"scan_index":2,"timestamp":1667974882.12233,"range_rate":3.5,"veh_clutter":0,"header":{"sequence_num":76918},"range":64.0625,"near_target":0.0,"amplitude":14.0,"azimuth":-1.0793030261993408,"ele_confid":0,"azi_confid":1},{"elevation":0.0013721105642616749,"super_res_target":0,"scan_index":2,"timestamp":1667974882.122843,"range_rate":3.5,"veh_clutter":0,"header":{"sequence_num":76918},"range":52.34375,"near_target":0.0,"amplitude":12.0,"azimuth":-1.093105435371399,"ele_confid":0,"azi_confid":0},{"elevation":0.0013721105642616749,"super_res_target":0,"scan_index":2,"timestamp":1667974882.122843,"range_rate":3.515625,"veh_clutter":0,"header":{"sequence_num":76918},"range":55.265625,"near_target":0.0,"amplitude":12.0,"azimuth":-1.1176426410675049,"ele_confid":0,"azi_confid":1},{"elevation":0.0013721105642616749,"super_res_target":0,"scan_index":2,"timestamp":1667974882.122843,"range_rate":-1.984375,"veh_clutter":0,"header":{"sequence_num":76918},"range":5.0,"near_target":0.0,"amplitude":-15.0,"azimuth":1.0780689716339111,"ele_confid":0,"azi_confid":1},{"elevation":0.0013721105642616749,"super_res_target":0,"scan_index":2,"timestamp":1667974882.122843,"range_rate":3.5,"veh_clutter":0,"header":{"sequence_num":76918},"range":61.140625,"near_target":0.0,"amplitude":4.0,"azimuth":-1.1314449310302734,"ele_confid":0,"azi_confid":1},{"elevation":0.0013721105642616749,"super_res_target":0,"scan_index":2,"timestamp":1667974882.122843,"range_rate":3.5,"veh_clutter":0,"header":{"sequence_num":76918},"range":58.09375,"near_target":0.0,"amplitude":7.0,"azimuth":-1.3039734363555908,"ele_confid":0,"azi_confid":3},{"elevation":0.0013721105642616749,"super_res_target":0,"scan_index":2,"timestamp":1667974882.122843,"range_rate":3.265625,"veh_clutter":0,"header":{"sequence_num":76918},"range":24.734375,"near_target":0.0,"amplitude":3.0,"azimuth":-0.7212106585502625,"ele_confid":0,"azi_confid":3},{"elevation":0.0013721105642616749,"super_res_target":0,"scan_index":2,"timestamp":1667974882.123372,"range_rate":3.125,"veh_clutter":0,"header":{"sequence_num":76918},"range":33.4375,"near_target":0.0,"amplitude":1.0,"azimuth":-0.632262647151947,"ele_confid":0,"azi_confid":1},{"elevation":0.0013721105642616749,"super_res_target":0,"scan_index":2,"timestamp":1667974882.123372,"range_rate":-2.5625,"veh_clutter":0,"header":{"sequence_num":76918},"range":33.078125,"near_target":0.0,"amplitude":5.0,"azimuth":1.3046562671661377,"ele_confid":0,"azi_confid":3},{"elevation":0.0013721105642616749,"super_res_target":0,"scan_index":2,"timestamp":1667974882.123372,"range_rate":-2.78125,"veh_clutter":0,"header":{"sequence_num":76918},"range":30.265625,"near_target":0.0,"amplitude":1.0,"azimuth":1.2103406190872192,"ele_confid":0,"azi_confid":1},{"elevation":0.0013721105642616749,"super_res_target":0,"scan_index":2,"timestamp":1667974882.123372,"range_rate":-2.75,"veh_clutter":0,"header":{"sequence_num":76918},"range":30.765625,"near_target":0.0,"amplitude":1.0,"azimuth":1.2210756540298462,"ele_confid":0,"azi_confid":1},{"elevation":0.0013721105642616749,"super_res_target":0,"scan_index":2,"timestamp":1667974882.123372,"range_rate":-1.53125,"veh_clutter":0,"header":{"sequence_num":76918},"range":25.65625,"near_target":0.0,"amplitude":-6.0,"azimuth":0.8963388204574585,"ele_confid":0,"azi_confid":3},{"elevation":0.0013721105642616749,"super_res_target":0,"scan_index":2,"timestamp":1667974882.123372,"range_rate":-2.5625,"veh_clutter":0,"header":{"sequence_num":76918},"range":36.71875,"near_target":0.0,"amplitude":2.0,"azimuth":1.2927708625793457,"ele_confid":0,"azi_confid":3},{"elevation":0.0013721105642616749,"super_res_target":0,"scan_index":2,"timestamp":1667974882.12377,"range_rate":-2.625,"veh_clutter":0,"header":{"sequence_num":76918},"range":41.90625,"near_target":0.0,"amplitude":16.0,"azimuth":1.295454740524292,"ele_confid":0,"azi_confid":2},{"elevation":0.0013721105642616749,"super_res_target":0,"scan_index":2,"timestamp":1667974882.12377,"range_rate":-2.71875,"veh_clutter":0,"header":{"sequence_num":76918},"range":40.3125,"near_target":0.0,"amplitude":21.0,"azimuth":1.2766683101654053,"ele_confid":0,"azi_confid":1},{"elevation":0.0013721105642616749,"super_res_target":0,"scan_index":2,"timestamp":1667974882.12377,"range_rate":-2.59375,"veh_clutter":0,"header":{"sequence_num":76918},"range":47.25,"near_target":0.0,"amplitude":8.0,"azimuth":1.295454740524292,"ele_confid":0,"azi_confid":2},{"elevation":0.0013721105642616749,"super_res_target":0,"scan_index":2,"timestamp":1667974882.12377,"range_rate":-2.703125,"veh_clutter":0,"header":{"sequence_num":76918},"range":49.453125,"near_target":0.0,"amplitude":16.0,"azimuth":1.336094617843628,"ele_confid":0,"azi_confid":1}],"type":8}
