{"measurement_time":1667974882.404551,"header":{"timestamp_sec":1667974882.41396,"sequence_num":76926},"aptiv_point":[{"elevation":0.006867989897727966,"super_res_target":0,"scan_index":1,"timestamp":1667974882.404551,"range_rate":3.234375,"veh_clutter":0,"header":{"sequence_num":76926},"range":4.078125,"near_target":0.0,"amplitude":-10.0,"azimuth":0.4378225803375244,"ele_confid":1,"azi_confid":2},{"elevation":0.0013719946146011353,"super_res_target":1,"scan_index":1,"timestamp":1667974882.404551,"range_rate":-0.0625,"veh_clutter":0,"header":{"sequence_num":76926},"range":5.625,"near_target":0.0,"amplitude":11.0,"azimuth":0.027201175689697266,"ele_confid":1,"azi_confid":1},{"elevation":0.0013719946146011353,"super_res_target":1,"scan_index":1,"timestamp":1667974882.404551,"range_rate":-0.0625,"veh_clutter":0,"header":{"sequence_num":76926},"range":5.625,"near_target":0.0,"amplitude":10.0,"azimuth":-0.007688283920288086,"ele_confid":1,"azi_confid":1},{"elevation":0.0013719946146011353,"super_res_target":1,"scan_index":1,"timestamp":1667974882.404551,"range_rate":-0.0625,"veh_clutter":0,"header":{"sequence_num":76926},"range":5.625,"near_target":0.0,"amplitude":1.0,"azimuth":-0.0809175968170166,"ele_confid":1,"azi_confid":1},{"elevation":-0.0013760030269622803,"super_res_target":0,"scan_index":1,"timestamp":1667974882.404551,"range_rate":3.421875,"veh_clutter":0,"header":{"sequence_num":76926},"range":6.265625,"near_target":0.0,"amplitude":10.0,"azimuth":0.27871155738830566,"ele_confid":1,"azi_confid":2},{"elevation":0.004119992256164551,"super_res_target":1,"scan_index":1,"timestamp":1667974882.404551,"range_rate":3.46875,"veh_clutter":0,"header":{"sequence_num":76926},"range":7.75,"near_target":0.0,"amplitude":-1.0,"azimuth":0.22963643074035645,"ele_confid":1,"azi_confid":2},{"elevation":0.004119992256164551,"super_res_target":1,"scan_index":1,"timestamp":1667974882.404916,"range_rate":3.46875,"veh_clutter":0,"header":{"sequence_num":76926},"range":7.75,"near_target":0.0,"amplitude":-9.0,"azimuth":-0.2960050106048584,"ele_confid":1,"azi_confid":3},{"elevation":0.006867989897727966,"super_res_target":0,"scan_index":1,"timestamp":1667974882.404916,"range_rate":-3.125,"veh_clutter":0,"header":{"sequence_num":76926},"range":8.078125,"near_target":0.0,"amplitude":-7.0,"azimuth":0.06515789031982422,"ele_confid":1,"azi_confid":2},{"elevation":0.004119992256164551,"super_res_target":0,"scan_index":1,"timestamp":1667974882.404916,"range_rate":3.484375,"veh_clutter":0,"header":{"sequence_num":76926},"range":9.3125,"near_target":0.0,"amplitude":8.0,"azimuth":0.1855454444885254,"ele_confid":1,"azi_confid":2},{"elevation":0.004119992256164551,"super_res_target":0,"scan_index":1,"timestamp":1667974882.404916,"range_rate":3.515625,"veh_clutter":0,"header":{"sequence_num":76926},"range":12.0,"near_target":0.0,"amplitude":21.0,"azimuth":0.1372370719909668,"ele_confid":0,"azi_confid":0},{"elevation":0.0700719952583313,"super_res_target":1,"scan_index":1,"timestamp":1667974882.404916,"range_rate":3.453125,"veh_clutter":0,"header":{"sequence_num":76926},"range":14.515625,"near_target":0.0,"amplitude":-10.0,"azimuth":-0.27606821060180664,"ele_confid":1,"azi_confid":3},{"elevation":0.0700719952583313,"super_res_target":1,"scan_index":1,"timestamp":1667974882.404916,"range_rate":3.453125,"veh_clutter":0,"header":{"sequence_num":76926},"range":14.515625,"near_target":0.0,"amplitude":-14.0,"azimuth":-0.036443233489990234,"ele_confid":1,"azi_confid":3},{"elevation":0.09205599129199982,"super_res_target":0,"scan_index":1,"timestamp":1667974882.405278,"range_rate":3.453125,"veh_clutter":0,"header":{"sequence_num":76926},"range":15.5625,"near_target":0.0,"amplitude":-2.0,"azimuth":-0.18941974639892578,"ele_confid":1,"azi_confid":3},{"elevation":0.042591989040374756,"super_res_target":0,"scan_index":1,"timestamp":1667974882.405278,"range_rate":3.5,"veh_clutter":0,"header":{"sequence_num":76926},"range":17.125,"near_target":0.0,"amplitude":5.0,"azimuth":-0.18481898307800293,"ele_confid":0,"azi_confid":1},{"elevation":-0.026108011603355408,"super_res_target":1,"scan_index":1,"timestamp":1667974882.405278,"range_rate":3.359375,"veh_clutter":0,"header":{"sequence_num":76926},"range":18.96875,"near_target":0.0,"amplitude":10.0,"azimuth":-0.33127784729003906,"ele_confid":1,"azi_confid":1},{"elevation":-0.012368008494377136,"super_res_target":1,"scan_index":1,"timestamp":1667974882.405278,"range_rate":3.46875,"veh_clutter":0,"header":{"sequence_num":76926},"range":19.953125,"near_target":0.0,"amplitude":-5.0,"azimuth":0.23615407943725586,"ele_confid":1,"azi_confid":3},{"elevation":-0.0233599990606308,"super_res_target":1,"scan_index":1,"timestamp":1667974882.405278,"range_rate":3.359375,"veh_clutter":0,"header":{"sequence_num":76926},"range":22.0625,"near_target":0.0,"amplitude":-4.0,"azimuth":0.35999250411987305,"ele_confid":1,"azi_confid":0},{"elevation":-0.0425959974527359,"super_res_target":0,"scan_index":1,"timestamp":1667974882.405278,"range_rate":2.625,"veh_clutter":0,"header":{"sequence_num":76926},"range":23.609375,"near_target":0.0,"amplitude":2.0,"azimuth":0.7529773712158203,"ele_confid":1,"azi_confid":3},{"elevation":-0.09755600243806839,"super_res_target":1,"scan_index":1,"timestamp":1667974882.405641,"range_rate":3.390625,"veh_clutter":0,"header":{"sequence_num":76926},"range":24.984375,"near_target":0.0,"amplitude":6.0,"azimuth":-0.6740374565124512,"ele_confid":1,"azi_confid":2},{"elevation":0.05358399450778961,"super_res_target":0,"scan_index":1,"timestamp":1667974882.405641,"range_rate":3.296875,"veh_clutter":0,"header":{"sequence_num":76926},"range":27.140625,"near_target":0.0,"amplitude":-1.0,"azimuth":0.4094510078430176,"ele_confid":1,"azi_confid":2},{"elevation":0.012364000082015991,"super_res_target":0,"scan_index":1,"timestamp":1667974882.405641,"range_rate":3.484375,"veh_clutter":0,"header":{"sequence_num":76926},"range":28.015625,"near_target":0.0,"amplitude":-5.0,"azimuth":0.21736764907836914,"ele_confid":1,"azi_confid":2},{"elevation":0.023355990648269653,"super_res_target":1,"scan_index":1,"timestamp":1667974882.405641,"range_rate":3.3125,"veh_clutter":0,"header":{"sequence_num":76926},"range":29.28125,"near_target":0.0,"amplitude":3.0,"azimuth":0.41136789321899414,"ele_confid":1,"azi_confid":1},{"elevation":-0.11404400318861008,"super_res_target":0,"scan_index":1,"timestamp":1667974882.405641,"range_rate":3.390625,"veh_clutter":0,"header":{"sequence_num":76926},"range":30.40625,"near_target":0.0,"amplitude":7.0,"azimuth":-0.6195945739746094,"ele_confid":1,"azi_confid":2},{"elevation":-0.05633600801229477,"super_res_target":0,"scan_index":1,"timestamp":1667974882.405641,"range_rate":3.015625,"veh_clutter":0,"header":{"sequence_num":76926},"range":30.34375,"near_target":0.0,"amplitude":9.0,"azimuth":0.5712459087371826,"ele_confid":1,"azi_confid":2},{"elevation":-0.0233599990606308,"super_res_target":0,"scan_index":1,"timestamp":1667974882.40601,"range_rate":3.0625,"veh_clutter":0,"header":{"sequence_num":76926},"range":31.265625,"near_target":0.0,"amplitude":3.0,"azimuth":0.5405738353729248,"ele_confid":1,"azi_confid":2},{"elevation":0.03434799611568451,"super_res_target":0,"scan_index":1,"timestamp":1667974882.40601,"range_rate":3.46875,"veh_clutter":0,"header":{"sequence_num":76926},"range":31.96875,"near_target":0.0,"amplitude":1.0,"azimuth":0.2281026840209961,"ele_confid":1,"azi_confid":2},{"elevation":0.012364000082015991,"super_res_target":0,"scan_index":1,"timestamp":1667974882.40601,"range_rate":3.484375,"veh_clutter":0,"header":{"sequence_num":76926},"range":35.046875,"near_target":0.0,"amplitude":0.0,"azimuth":0.1916797161102295,"ele_confid":1,"azi_confid":2},{"elevation":-0.004124000668525696,"super_res_target":1,"scan_index":1,"timestamp":1667974882.40601,"range_rate":3.140625,"veh_clutter":0,"header":{"sequence_num":76926},"range":41.828125,"near_target":0.0,"amplitude":9.0,"azimuth":0.49955010414123535,"ele_confid":1,"azi_confid":1},{"elevation":-0.004124000668525696,"super_res_target":1,"scan_index":1,"timestamp":1667974882.40601,"range_rate":3.140625,"veh_clutter":0,"header":{"sequence_num":76926},"range":41.828125,"near_target":0.0,"amplitude":16.0,"azimuth":-0.747650146484375,"ele_confid":1,"azi_confid":2},{"elevation":-0.00962001085281372,"super_res_target":0,"scan_index":1,"timestamp":1667974882.40601,"range_rate":3.125,"veh_clutter":0,"header":{"sequence_num":76926},"range":43.703125,"near_target":0.0,"amplitude":11.0,"azimuth":0.5026171207427979,"ele_confid":1,"azi_confid":2},{"elevation":-0.048092007637023926,"super_res_target":1,"scan_index":1,"timestamp":1667974882.406375,"range_rate":3.359375,"veh_clutter":0,"header":{"sequence_num":76926},"range":47.90625,"near_target":0.0,"amplitude":2.0,"azimuth":0.3377552032470703,"ele_confid":1,"azi_confid":1},{"elevation":-0.1003040075302124,"super_res_target":0,"scan_index":1,"timestamp":1667974882.406375,"range_rate":3.359375,"veh_clutter":0,"header":{"sequence_num":76926},"range":49.265625,"near_target":0.0,"amplitude":-2.0,"azimuth":0.3408224582672119,"ele_confid":1,"azi_confid":2},{"elevation":-0.028856009244918823,"super_res_target":0,"scan_index":1,"timestamp":1667974882.406375,"range_rate":3.390625,"veh_clutter":0,"header":{"sequence_num":76926},"range":51.84375,"near_target":0.0,"amplitude":2.0,"azimuth":0.30554962158203125,"ele_confid":1,"azi_confid":2},{"elevation":0.050835996866226196,"super_res_target":0,"scan_index":1,"timestamp":1667974882.406375,"range_rate":3.421875,"veh_clutter":0,"header":{"sequence_num":76926},"range":65.71875,"near_target":0.0,"amplitude":8.0,"azimuth":0.3833796977996826,"ele_confid":1,"azi_confid":3},{"elevation":-0.004124000668525696,"super_res_target":0,"scan_index":1,"timestamp":1667974882.406375,"range_rate":3.46875,"veh_clutter":0,"header":{"sequence_num":76926},"range":67.65625,"near_target":0.0,"amplitude":3.0,"azimuth":0.2281026840209961,"ele_confid":1,"azi_confid":2},{"elevation":-0.05633600801229477,"super_res_target":0,"scan_index":1,"timestamp":1667974882.406375,"range_rate":3.5,"veh_clutter":0,"header":{"sequence_num":76926},"range":68.625,"near_target":0.0,"amplitude":5.0,"azimuth":0.16024088859558105,"ele_confid":1,"azi_confid":3},{"elevation":-0.034352004528045654,"super_res_target":1,"scan_index":1,"timestamp":1667974882.406747,"range_rate":3.484375,"veh_clutter":0,"header":{"sequence_num":76926},"range":71.28125,"near_target":0.0,"amplitude":9.0,"azimuth":0.21161651611328125,"ele_confid":1,"azi_confid":1},{"elevation":-0.034352004528045654,"super_res_target":1,"scan_index":1,"timestamp":1667974882.406747,"range_rate":3.484375,"veh_clutter":0,"header":{"sequence_num":76926},"range":71.28125,"near_target":0.0,"amplitude":2.0,"azimuth":0.14758872985839844,"ele_confid":1,"azi_confid":1},{"elevation":0.015111997723579407,"super_res_target":0,"scan_index":1,"timestamp":1667974882.406747,"range_rate":3.515625,"veh_clutter":0,"header":{"sequence_num":76926},"range":74.171875,"near_target":0.0,"amplitude":4.0,"azimuth":0.1552567481994629,"ele_confid":1,"azi_confid":2},{"elevation":-0.028856009244918823,"super_res_target":0,"scan_index":1,"timestamp":1667974882.406747,"range_rate":3.5,"veh_clutter":0,"header":{"sequence_num":76926},"range":104.84375,"near_target":0.0,"amplitude":8.0,"azimuth":0.15985751152038574,"ele_confid":1,"azi_confid":2}],"type":7}
