{"measurement_time":1667974882.204552,"header":{"timestamp_sec":1667974882.213958,"sequence_num":76922},"aptiv_point":[{"elevation":0.012364000082015991,"super_res_target":0,"scan_index":1,"timestamp":1667974882.204552,"range_rate":2.984375,"veh_clutter":0,"header":{"sequence_num":76922},"range":3.015625,"near_target":0.0,"amplitude":-7.0,"azimuth":0.5689454078674316,"ele_confid":1,"azi_confid":2},{"elevation":0.028852000832557678,"super_res_target":0,"scan_index":1,"timestamp":1667974882.204552,"range_rate":3.140625,"veh_clutter":0,"header":{"sequence_num":76922},"range":3.578125,"near_target":0.0,"amplitude":-8.0,"azimuth":0.4857475757598877,"ele_confid":0,"azi_confid":1},{"elevation":0.020607993006706238,"super_res_target":0,"scan_index":1,"timestamp":1667974882.204552,"range_rate":2.84375,"veh_clutter":0,"header":{"sequence_num":76922},"range":4.125,"near_target":0.0,"amplitude":-3.0,"azimuth":-0.6341638565063477,"ele_confid":1,"azi_confid":2},{"elevation":0.0013719946146011353,"super_res_target":1,"scan_index":1,"timestamp":1667974882.204552,"range_rate":-0.09375,"veh_clutter":0,"header":{"sequence_num":76922},"range":5.59375,"near_target":0.0,"amplitude":12.0,"azimuth":0.0160825252532959,"ele_confid":1,"azi_confid":1},{"elevation":0.0013719946146011353,"super_res_target":1,"scan_index":1,"timestamp":1667974882.204552,"range_rate":-0.09375,"veh_clutter":0,"header":{"sequence_num":76922},"range":5.59375,"near_target":0.0,"amplitude":1.0,"azimuth":-0.06481480598449707,"ele_confid":1,"azi_confid":3},{"elevation":-0.017864003777503967,"super_res_target":0,"scan_index":1,"timestamp":1667974882.204552,"range_rate":3.375,"veh_clutter":0,"header":{"sequence_num":76922},"range":5.59375,"near_target":0.0,"amplitude":7.0,"azimuth":0.30861687660217285,"ele_confid":1,"azi_confid":2},{"elevation":0.009615987539291382,"super_res_target":0,"scan_index":1,"timestamp":1667974882.204918,"range_rate":3.484375,"veh_clutter":0,"header":{"sequence_num":76922},"range":8.53125,"near_target":0.0,"amplitude":11.0,"azimuth":0.1947469711303711,"ele_confid":1,"azi_confid":2},{"elevation":0.009615987539291382,"super_res_target":0,"scan_index":1,"timestamp":1667974882.204918,"range_rate":3.5,"veh_clutter":0,"header":{"sequence_num":76922},"range":11.328125,"near_target":0.0,"amplitude":19.0,"azimuth":0.14490509033203125,"ele_confid":1,"azi_confid":2},{"elevation":0.0013719946146011353,"super_res_target":0,"scan_index":1,"timestamp":1667974882.204918,"range_rate":3.5,"veh_clutter":0,"header":{"sequence_num":76922},"range":12.875,"near_target":0.0,"amplitude":-1.0,"azimuth":0.12458467483520508,"ele_confid":1,"azi_confid":2},{"elevation":-0.004124000668525696,"super_res_target":0,"scan_index":1,"timestamp":1667974882.204918,"range_rate":3.484375,"veh_clutter":0,"header":{"sequence_num":76922},"range":14.390625,"near_target":0.0,"amplitude":0.0,"azimuth":0.12650179862976074,"ele_confid":1,"azi_confid":2},{"elevation":0.1442679911851883,"super_res_target":0,"scan_index":1,"timestamp":1667974882.204918,"range_rate":3.375,"veh_clutter":0,"header":{"sequence_num":76922},"range":14.84375,"near_target":0.0,"amplitude":6.0,"azimuth":0.6391077041625977,"ele_confid":1,"azi_confid":2},{"elevation":0.06732399761676788,"super_res_target":0,"scan_index":1,"timestamp":1667974882.204918,"range_rate":3.390625,"veh_clutter":0,"header":{"sequence_num":76922},"range":16.375,"near_target":0.0,"amplitude":-2.0,"azimuth":0.2652926445007324,"ele_confid":1,"azi_confid":3},{"elevation":0.015111997723579407,"super_res_target":0,"scan_index":1,"timestamp":1667974882.205279,"range_rate":3.390625,"veh_clutter":0,"header":{"sequence_num":76922},"range":17.78125,"near_target":0.0,"amplitude":-6.0,"azimuth":0.16829228401184082,"ele_confid":1,"azi_confid":3},{"elevation":0.004119992256164551,"super_res_target":0,"scan_index":1,"timestamp":1667974882.205279,"range_rate":-3.03125,"veh_clutter":0,"header":{"sequence_num":76922},"range":18.546875,"near_target":0.0,"amplitude":-12.0,"azimuth":-0.10775566101074219,"ele_confid":1,"azi_confid":3},{"elevation":0.020607993006706238,"super_res_target":0,"scan_index":1,"timestamp":1667974882.205279,"range_rate":3.421875,"veh_clutter":0,"header":{"sequence_num":76922},"range":18.984375,"near_target":0.0,"amplitude":-8.0,"azimuth":0.3918144702911377,"ele_confid":1,"azi_confid":3},{"elevation":0.06182798743247986,"super_res_target":0,"scan_index":1,"timestamp":1667974882.205279,"range_rate":3.28125,"veh_clutter":0,"header":{"sequence_num":76922},"range":21.8125,"near_target":0.0,"amplitude":0.0,"azimuth":0.3680438995361328,"ele_confid":1,"azi_confid":2},{"elevation":-0.0233599990606308,"super_res_target":0,"scan_index":1,"timestamp":1667974882.205279,"range_rate":3.28125,"veh_clutter":0,"header":{"sequence_num":76922},"range":22.9375,"near_target":0.0,"amplitude":-5.0,"azimuth":0.35117411613464355,"ele_confid":1,"azi_confid":3},{"elevation":-0.026108011603355408,"super_res_target":0,"scan_index":1,"timestamp":1667974882.205279,"range_rate":3.375,"veh_clutter":0,"header":{"sequence_num":76922},"range":24.46875,"near_target":0.0,"amplitude":-8.0,"azimuth":0.3496406078338623,"ele_confid":1,"azi_confid":3},{"elevation":0.07831598818302155,"super_res_target":0,"scan_index":1,"timestamp":1667974882.205641,"range_rate":3.390625,"veh_clutter":0,"header":{"sequence_num":76922},"range":26.1875,"near_target":0.0,"amplitude":-7.0,"azimuth":0.4247870445251465,"ele_confid":1,"azi_confid":3},{"elevation":0.06732399761676788,"super_res_target":0,"scan_index":1,"timestamp":1667974882.205641,"range_rate":3.484375,"veh_clutter":0,"header":{"sequence_num":76922},"range":27.984375,"near_target":0.0,"amplitude":-7.0,"azimuth":0.19628047943115234,"ele_confid":1,"azi_confid":2},{"elevation":-0.020612001419067383,"super_res_target":0,"scan_index":1,"timestamp":1667974882.205641,"range_rate":3.171875,"veh_clutter":0,"header":{"sequence_num":76922},"range":28.3125,"near_target":0.0,"amplitude":2.0,"azimuth":0.4592928886413574,"ele_confid":1,"azi_confid":2},{"elevation":-0.017864003777503967,"super_res_target":1,"scan_index":1,"timestamp":1667974882.205641,"range_rate":3.390625,"veh_clutter":0,"header":{"sequence_num":76922},"range":30.71875,"near_target":0.0,"amplitude":-3.0,"azimuth":0.25762462615966797,"ele_confid":1,"azi_confid":1},{"elevation":0.06732399761676788,"super_res_target":1,"scan_index":1,"timestamp":1667974882.205641,"range_rate":3.453125,"veh_clutter":0,"header":{"sequence_num":76922},"range":33.484375,"near_target":0.0,"amplitude":-5.0,"azimuth":0.22081828117370605,"ele_confid":1,"azi_confid":1},{"elevation":0.08655999600887299,"super_res_target":0,"scan_index":1,"timestamp":1667974882.205641,"range_rate":3.40625,"veh_clutter":0,"header":{"sequence_num":76922},"range":33.96875,"near_target":0.0,"amplitude":-6.0,"azimuth":0.24842309951782227,"ele_confid":1,"azi_confid":2},{"elevation":0.06182798743247986,"super_res_target":0,"scan_index":1,"timestamp":1667974882.206006,"range_rate":3.421875,"veh_clutter":0,"header":{"sequence_num":76922},"range":35.515625,"near_target":0.0,"amplitude":-9.0,"azimuth":0.21123313903808594,"ele_confid":1,"azi_confid":2},{"elevation":-0.012368008494377136,"super_res_target":0,"scan_index":1,"timestamp":1667974882.206006,"range_rate":3.171875,"veh_clutter":0,"header":{"sequence_num":76922},"range":35.703125,"near_target":0.0,"amplitude":-5.0,"azimuth":0.45967650413513184,"ele_confid":1,"azi_confid":3},{"elevation":-0.03710000216960907,"super_res_target":0,"scan_index":1,"timestamp":1667974882.206006,"range_rate":3.390625,"veh_clutter":0,"header":{"sequence_num":76922},"range":41.78125,"near_target":0.0,"amplitude":-6.0,"azimuth":0.2587747573852539,"ele_confid":1,"azi_confid":2},{"elevation":-0.015116006135940552,"super_res_target":0,"scan_index":1,"timestamp":1667974882.206006,"range_rate":3.390625,"veh_clutter":0,"header":{"sequence_num":76922},"range":42.578125,"near_target":0.0,"amplitude":-6.0,"azimuth":0.23385381698608398,"ele_confid":1,"azi_confid":2},{"elevation":0.017859995365142822,"super_res_target":0,"scan_index":1,"timestamp":1667974882.206006,"range_rate":2.921875,"veh_clutter":0,"header":{"sequence_num":76922},"range":44.484375,"near_target":0.0,"amplitude":16.0,"azimuth":0.6088190078735352,"ele_confid":1,"azi_confid":2},{"elevation":-0.05633600801229477,"super_res_target":0,"scan_index":1,"timestamp":1667974882.206006,"range_rate":3.359375,"veh_clutter":0,"header":{"sequence_num":76922},"range":46.421875,"near_target":0.0,"amplitude":0.0,"azimuth":0.33545470237731934,"ele_confid":1,"azi_confid":2},{"elevation":0.012364000082015991,"super_res_target":1,"scan_index":1,"timestamp":1667974882.206369,"range_rate":2.890625,"veh_clutter":0,"header":{"sequence_num":76922},"range":46.21875,"near_target":0.0,"amplitude":9.0,"azimuth":0.6222379207611084,"ele_confid":1,"azi_confid":1},{"elevation":0.012364000082015991,"super_res_target":1,"scan_index":1,"timestamp":1667974882.206369,"range_rate":2.890625,"veh_clutter":0,"header":{"sequence_num":76922},"range":46.21875,"near_target":0.0,"amplitude":-9.0,"azimuth":-0.28220272064208984,"ele_confid":1,"azi_confid":3},{"elevation":-0.020612001419067383,"super_res_target":0,"scan_index":1,"timestamp":1667974882.206369,"range_rate":3.4375,"veh_clutter":0,"header":{"sequence_num":76922},"range":56.328125,"near_target":0.0,"amplitude":-2.0,"azimuth":0.23538732528686523,"ele_confid":1,"azi_confid":2},{"elevation":-0.07007600367069244,"super_res_target":0,"scan_index":1,"timestamp":1667974882.206369,"range_rate":3.40625,"veh_clutter":0,"header":{"sequence_num":76922},"range":58.328125,"near_target":0.0,"amplitude":2.0,"azimuth":-0.5586340427398682,"ele_confid":1,"azi_confid":2},{"elevation":0.0013719946146011353,"super_res_target":0,"scan_index":1,"timestamp":1667974882.206369,"range_rate":3.46875,"veh_clutter":0,"header":{"sequence_num":76922},"range":59.875,"near_target":0.0,"amplitude":2.0,"azimuth":0.1859288215637207,"ele_confid":1,"azi_confid":2},{"elevation":-0.020612001419067383,"super_res_target":1,"scan_index":1,"timestamp":1667974882.206369,"range_rate":3.40625,"veh_clutter":0,"header":{"sequence_num":76922},"range":62.4375,"near_target":0.0,"amplitude":3.0,"azimuth":0.2645258903503418,"ele_confid":1,"azi_confid":0},{"elevation":0.04808799922466278,"super_res_target":0,"scan_index":1,"timestamp":1667974882.206735,"range_rate":3.4375,"veh_clutter":0,"header":{"sequence_num":76922},"range":64.921875,"near_target":0.0,"amplitude":5.0,"azimuth":0.26069188117980957,"ele_confid":1,"azi_confid":3},{"elevation":0.009615987539291382,"super_res_target":0,"scan_index":1,"timestamp":1667974882.206735,"range_rate":3.484375,"veh_clutter":0,"header":{"sequence_num":76922},"range":67.484375,"near_target":0.0,"amplitude":8.0,"azimuth":0.1495058536529541,"ele_confid":1,"azi_confid":3},{"elevation":-0.0618320032954216,"super_res_target":0,"scan_index":1,"timestamp":1667974882.206735,"range_rate":3.5,"veh_clutter":0,"header":{"sequence_num":76922},"range":71.484375,"near_target":0.0,"amplitude":-1.0,"azimuth":0.13033580780029297,"ele_confid":1,"azi_confid":2},{"elevation":-0.028856009244918823,"super_res_target":1,"scan_index":1,"timestamp":1667974882.206735,"range_rate":3.4375,"veh_clutter":0,"header":{"sequence_num":76922},"range":80.515625,"near_target":0.0,"amplitude":6.0,"azimuth":0.2407550811767578,"ele_confid":1,"azi_confid":2},{"elevation":-0.028856009244918823,"super_res_target":1,"scan_index":1,"timestamp":1667974882.206735,"range_rate":3.4375,"veh_clutter":0,"header":{"sequence_num":76922},"range":80.515625,"near_target":0.0,"amplitude":6.0,"azimuth":0.2583913803100586,"ele_confid":1,"azi_confid":2},{"elevation":-0.06458000838756561,"super_res_target":0,"scan_index":1,"timestamp":1667974882.206735,"range_rate":3.5,"veh_clutter":0,"header":{"sequence_num":76922},"range":90.8125,"near_target":0.0,"amplitude":8.0,"azimuth":0.12573504447937012,"ele_confid":1,"azi_confid":2},{"elevation":-0.026108011603355408,"super_res_target":0,"scan_index":1,"timestamp":1667974882.207115,"range_rate":3.5,"veh_clutter":0,"header":{"sequence_num":76922},"range":94.015625,"near_target":0.0,"amplitude":11.0,"azimuth":0.1376204490661621,"ele_confid":1,"azi_confid":2},{"elevation":-0.020612001419067383,"super_res_target":0,"scan_index":1,"timestamp":1667974882.207115,"range_rate":3.390625,"veh_clutter":0,"header":{"sequence_num":76922},"range":108.734375,"near_target":0.0,"amplitude":6.0,"azimuth":0.2863795757293701,"ele_confid":1,"azi_confid":3}],"type":7}
