{"measurement_time":1667974882.304816,"header":{"timestamp_sec":1667974882.3139544,"sequence_num":76924},"aptiv_point":[{"elevation":0.042591989040374756,"super_res_target":0,"scan_index":3,"timestamp":1667974882.304816,"range_rate":3.125,"veh_clutter":0,"header":{"sequence_num":76924},"range":3.640625,"near_target":0.0,"amplitude":-17.0,"azimuth":0.5079848766326904,"ele_confid":1,"azi_confid":2},{"elevation":-0.028856009244918823,"super_res_target":1,"scan_index":3,"timestamp":1667974882.304816,"range_rate":-0.078125,"veh_clutter":0,"header":{"sequence_num":76924},"range":5.609375,"near_target":0.0,"amplitude":8.0,"azimuth":0.0160825252532959,"ele_confid":1,"azi_confid":0},{"elevation":-0.028856009244918823,"super_res_target":1,"scan_index":3,"timestamp":1667974882.304816,"range_rate":-0.078125,"veh_clutter":0,"header":{"sequence_num":76924},"range":5.609375,"near_target":0.0,"amplitude":3.0,"azimuth":-0.07286620140075684,"ele_confid":1,"azi_confid":0},{"elevation":-0.039847999811172485,"super_res_target":0,"scan_index":3,"timestamp":1667974882.304816,"range_rate":3.40625,"veh_clutter":0,"header":{"sequence_num":76924},"range":6.015625,"near_target":0.0,"amplitude":6.0,"azimuth":0.29673147201538086,"ele_confid":1,"azi_confid":2},{"elevation":0.0013719946146011353,"super_res_target":0,"scan_index":3,"timestamp":1667974882.304816,"range_rate":3.4375,"veh_clutter":0,"header":{"sequence_num":76924},"range":6.953125,"near_target":0.0,"amplitude":1.0,"azimuth":0.25033998489379883,"ele_confid":0,"azi_confid":0},{"elevation":0.015111997723579407,"super_res_target":0,"scan_index":3,"timestamp":1667974882.304816,"range_rate":3.484375,"veh_clutter":0,"header":{"sequence_num":76924},"range":8.734375,"near_target":0.0,"amplitude":13.0,"azimuth":0.18937945365905762,"ele_confid":1,"azi_confid":2},{"elevation":-0.00962001085281372,"super_res_target":0,"scan_index":3,"timestamp":1667974882.305178,"range_rate":3.515625,"veh_clutter":0,"header":{"sequence_num":76924},"range":11.75,"near_target":0.0,"amplitude":18.0,"azimuth":0.13953733444213867,"ele_confid":1,"azi_confid":2},{"elevation":-0.07832000404596329,"super_res_target":0,"scan_index":3,"timestamp":1667974882.305178,"range_rate":3.46875,"veh_clutter":0,"header":{"sequence_num":76924},"range":13.09375,"near_target":0.0,"amplitude":-8.0,"azimuth":0.13301968574523926,"ele_confid":1,"azi_confid":2},{"elevation":0.166252002120018,"super_res_target":0,"scan_index":3,"timestamp":1667974882.305178,"range_rate":3.3125,"veh_clutter":0,"header":{"sequence_num":76924},"range":14.453125,"near_target":0.0,"amplitude":-4.0,"azimuth":0.21813440322875977,"ele_confid":1,"azi_confid":2},{"elevation":0.037095993757247925,"super_res_target":1,"scan_index":3,"timestamp":1667974882.305178,"range_rate":3.5,"veh_clutter":0,"header":{"sequence_num":76924},"range":14.765625,"near_target":0.0,"amplitude":1.0,"azimuth":0.12611842155456543,"ele_confid":1,"azi_confid":1},{"elevation":0.037095993757247925,"super_res_target":1,"scan_index":3,"timestamp":1667974882.305178,"range_rate":3.5,"veh_clutter":0,"header":{"sequence_num":76924},"range":14.765625,"near_target":0.0,"amplitude":1.0,"azimuth":0.6682460308074951,"ele_confid":1,"azi_confid":1},{"elevation":0.023355990648269653,"super_res_target":1,"scan_index":3,"timestamp":1667974882.305178,"range_rate":3.484375,"veh_clutter":0,"header":{"sequence_num":76924},"range":16.734375,"near_target":0.0,"amplitude":-4.0,"azimuth":-0.17715096473693848,"ele_confid":1,"azi_confid":0},{"elevation":-0.039847999811172485,"super_res_target":0,"scan_index":3,"timestamp":1667974882.305541,"range_rate":3.296875,"veh_clutter":0,"header":{"sequence_num":76924},"range":18.578125,"near_target":0.0,"amplitude":0.0,"azimuth":-0.40680766105651855,"ele_confid":1,"azi_confid":2},{"elevation":-0.0618320032954216,"super_res_target":1,"scan_index":3,"timestamp":1667974882.305541,"range_rate":3.453125,"veh_clutter":0,"header":{"sequence_num":76924},"range":19.59375,"near_target":0.0,"amplitude":-2.0,"azimuth":0.22311854362487793,"ele_confid":1,"azi_confid":3},{"elevation":0.031599998474121094,"super_res_target":0,"scan_index":3,"timestamp":1667974882.305541,"range_rate":3.375,"veh_clutter":0,"header":{"sequence_num":76924},"range":21.453125,"near_target":0.0,"amplitude":0.0,"azimuth":0.6122696399688721,"ele_confid":1,"azi_confid":3},{"elevation":0.13877199590206146,"super_res_target":1,"scan_index":3,"timestamp":1667974882.305541,"range_rate":3.265625,"veh_clutter":0,"header":{"sequence_num":76924},"range":22.875,"near_target":0.0,"amplitude":-1.0,"azimuth":0.40830087661743164,"ele_confid":1,"azi_confid":2},{"elevation":0.13877199590206146,"super_res_target":1,"scan_index":3,"timestamp":1667974882.305541,"range_rate":3.265625,"veh_clutter":0,"header":{"sequence_num":76924},"range":22.875,"near_target":0.0,"amplitude":-1.0,"azimuth":0.40254974365234375,"ele_confid":1,"azi_confid":2},{"elevation":-0.017864003777503967,"super_res_target":0,"scan_index":3,"timestamp":1667974882.305541,"range_rate":2.578125,"veh_clutter":0,"header":{"sequence_num":76924},"range":23.25,"near_target":0.0,"amplitude":6.0,"azimuth":0.754894495010376,"ele_confid":1,"azi_confid":3},{"elevation":-0.026108011603355408,"super_res_target":1,"scan_index":3,"timestamp":1667974882.305904,"range_rate":3.3125,"veh_clutter":0,"header":{"sequence_num":76924},"range":25.015625,"near_target":0.0,"amplitude":-5.0,"azimuth":0.346956729888916,"ele_confid":1,"azi_confid":1},{"elevation":-0.026108011603355408,"super_res_target":1,"scan_index":3,"timestamp":1667974882.305904,"range_rate":3.3125,"veh_clutter":0,"header":{"sequence_num":76924},"range":25.015625,"near_target":0.0,"amplitude":-12.0,"azimuth":0.18401169776916504,"ele_confid":1,"azi_confid":1},{"elevation":-0.10580000281333923,"super_res_target":0,"scan_index":3,"timestamp":1667974882.305904,"range_rate":3.359375,"veh_clutter":0,"header":{"sequence_num":76924},"range":27.0625,"near_target":0.0,"amplitude":4.0,"azimuth":-0.587005615234375,"ele_confid":1,"azi_confid":2},{"elevation":0.023355990648269653,"super_res_target":0,"scan_index":3,"timestamp":1667974882.305904,"range_rate":3.25,"veh_clutter":0,"header":{"sequence_num":76924},"range":28.46875,"near_target":0.0,"amplitude":-4.0,"azimuth":0.4217197895050049,"ele_confid":1,"azi_confid":2},{"elevation":0.09205599129199982,"super_res_target":0,"scan_index":3,"timestamp":1667974882.305904,"range_rate":3.390625,"veh_clutter":0,"header":{"sequence_num":76924},"range":29.203125,"near_target":0.0,"amplitude":-8.0,"azimuth":-0.16411542892456055,"ele_confid":1,"azi_confid":3},{"elevation":-0.020612001419067383,"super_res_target":0,"scan_index":3,"timestamp":1667974882.305904,"range_rate":2.9375,"veh_clutter":0,"header":{"sequence_num":76924},"range":30.4375,"near_target":0.0,"amplitude":-1.0,"azimuth":0.5861983299255371,"ele_confid":1,"azi_confid":2},{"elevation":0.042591989040374756,"super_res_target":0,"scan_index":3,"timestamp":1667974882.306273,"range_rate":3.453125,"veh_clutter":0,"header":{"sequence_num":76924},"range":34.515625,"near_target":0.0,"amplitude":7.0,"azimuth":0.24113845825195312,"ele_confid":1,"azi_confid":2},{"elevation":-0.00962001085281372,"super_res_target":0,"scan_index":3,"timestamp":1667974882.306273,"range_rate":3.015625,"veh_clutter":0,"header":{"sequence_num":76924},"range":42.875,"near_target":0.0,"amplitude":12.0,"azimuth":0.5559098720550537,"ele_confid":1,"azi_confid":2},{"elevation":-0.00962001085281372,"super_res_target":0,"scan_index":3,"timestamp":1667974882.306273,"range_rate":3.03125,"veh_clutter":0,"header":{"sequence_num":76924},"range":44.765625,"near_target":0.0,"amplitude":11.0,"azimuth":0.5582101345062256,"ele_confid":1,"azi_confid":2},{"elevation":-0.03710000216960907,"super_res_target":0,"scan_index":3,"timestamp":1667974882.306273,"range_rate":3.328125,"veh_clutter":0,"header":{"sequence_num":76924},"range":47.890625,"near_target":0.0,"amplitude":1.0,"azimuth":0.346956729888916,"ele_confid":1,"azi_confid":2},{"elevation":-0.0233599990606308,"super_res_target":0,"scan_index":3,"timestamp":1667974882.306273,"range_rate":3.375,"veh_clutter":0,"header":{"sequence_num":76924},"range":49.15625,"near_target":0.0,"amplitude":-1.0,"azimuth":0.3281702995300293,"ele_confid":1,"azi_confid":2},{"elevation":0.023355990648269653,"super_res_target":0,"scan_index":3,"timestamp":1667974882.306273,"range_rate":3.03125,"veh_clutter":0,"header":{"sequence_num":76924},"range":50.609375,"near_target":0.0,"amplitude":2.0,"azimuth":0.5532259941101074,"ele_confid":1,"azi_confid":2},{"elevation":-0.06732800602912903,"super_res_target":0,"scan_index":3,"timestamp":1667974882.306639,"range_rate":3.359375,"veh_clutter":0,"header":{"sequence_num":76924},"range":51.703125,"near_target":0.0,"amplitude":-4.0,"azimuth":0.33890533447265625,"ele_confid":1,"azi_confid":3},{"elevation":-0.048092007637023926,"super_res_target":0,"scan_index":3,"timestamp":1667974882.306639,"range_rate":3.4375,"veh_clutter":0,"header":{"sequence_num":76924},"range":60.265625,"near_target":0.0,"amplitude":14.0,"azimuth":-0.759535551071167,"ele_confid":1,"azi_confid":2},{"elevation":-0.004124000668525696,"super_res_target":0,"scan_index":3,"timestamp":1667974882.306639,"range_rate":3.46875,"veh_clutter":0,"header":{"sequence_num":76924},"range":63.921875,"near_target":0.0,"amplitude":5.0,"azimuth":0.19896435737609863,"ele_confid":1,"azi_confid":2},{"elevation":0.006867989897727966,"super_res_target":0,"scan_index":3,"timestamp":1667974882.306639,"range_rate":3.46875,"veh_clutter":0,"header":{"sequence_num":76924},"range":67.78125,"near_target":0.0,"amplitude":3.0,"azimuth":0.24228858947753906,"ele_confid":1,"azi_confid":2},{"elevation":-0.00962001085281372,"super_res_target":0,"scan_index":3,"timestamp":1667974882.306639,"range_rate":3.5,"veh_clutter":0,"header":{"sequence_num":76924},"range":71.6875,"near_target":0.0,"amplitude":7.0,"azimuth":0.15142273902893066,"ele_confid":1,"azi_confid":2},{"elevation":-0.00962001085281372,"super_res_target":0,"scan_index":3,"timestamp":1667974882.306639,"range_rate":3.4375,"veh_clutter":0,"header":{"sequence_num":76924},"range":80.671875,"near_target":0.0,"amplitude":1.0,"azimuth":0.23883795738220215,"ele_confid":1,"azi_confid":2},{"elevation":0.03984399139881134,"super_res_target":0,"scan_index":3,"timestamp":1667974882.307014,"range_rate":3.484375,"veh_clutter":0,"header":{"sequence_num":76924},"range":87.640625,"near_target":0.0,"amplitude":2.0,"azimuth":0.1705927848815918,"ele_confid":1,"azi_confid":2},{"elevation":-0.07832000404596329,"super_res_target":0,"scan_index":3,"timestamp":1667974882.307014,"range_rate":3.484375,"veh_clutter":0,"header":{"sequence_num":76924},"range":91.34375,"near_target":0.0,"amplitude":5.0,"azimuth":0.14797210693359375,"ele_confid":1,"azi_confid":2},{"elevation":-0.03160400688648224,"super_res_target":1,"scan_index":3,"timestamp":1667974882.307014,"range_rate":3.5,"veh_clutter":0,"header":{"sequence_num":76924},"range":104.5,"near_target":0.0,"amplitude":8.0,"azimuth":0.15755724906921387,"ele_confid":1,"azi_confid":0},{"elevation":-0.03160400688648224,"super_res_target":1,"scan_index":3,"timestamp":1667974882.307014,"range_rate":3.5,"veh_clutter":0,"header":{"sequence_num":76924},"range":104.5,"near_target":0.0,"amplitude":1.0,"azimuth":0.2618420124053955,"ele_confid":1,"azi_confid":2}],"type":7}
