{"measurement_time":1667974882.401956,"header":{"timestamp_sec":1667974882.4092531,"sequence_num":76918},"range_coverage":93.015625,"aptiv_point":[{"elevation":0.0013721105642616749,"super_res_target":0,"scan_index":0,"timestamp":1667974882.401956,"range_rate":-3.140625,"veh_clutter":0,"header":{"sequence_num":76918},"range":2.890625,"near_target":0.0,"amplitude":-7.0,"azimuth":-0.5275956392288208,"ele_confid":0,"azi_confid":0},{"elevation":0.0013721105642616749,"super_res_target":0,"scan_index":0,"timestamp":1667974882.401956,"range_rate":1.921875,"veh_clutter":0,"header":{"sequence_num":76918},"range":2.859375,"near_target":0.0,"amplitude":-14.0,"azimuth":1.1440130472183228,"ele_confid":0,"azi_confid":1},{"elevation":0.0013721105642616749,"super_res_target":0,"scan_index":0,"timestamp":1667974882.401956,"range_rate":-2.40625,"veh_clutter":0,"header":{"sequence_num":76918},"range":3.640625,"near_target":0.0,"amplitude":-23.0,"azimuth":-0.21474400162696838,"ele_confid":0,"azi_confid":2},{"elevation":0.0013721105642616749,"super_res_target":0,"scan_index":0,"timestamp":1667974882.401956,"range_rate":-2.875,"veh_clutter":0,"header":{"sequence_num":76918},"range":3.640625,"near_target":0.0,"amplitude":-8.0,"azimuth":-0.373853474855423,"ele_confid":0,"azi_confid":1},{"elevation":0.0013721105642616749,"super_res_target":0,"scan_index":0,"timestamp":1667974882.401956,"range_rate":-3.28125,"veh_clutter":0,"header":{"sequence_num":76918},"range":3.453125,"near_target":0.0,"amplitude":-12.0,"azimuth":-0.6357133388519287,"ele_confid":0,"azi_confid":1},{"elevation":0.0013721105642616749,"super_res_target":0,"scan_index":0,"timestamp":1667974882.401956,"range_rate":-0.546875,"veh_clutter":0,"header":{"sequence_num":76918},"range":4.828125,"near_target":0.0,"amplitude":-21.0,"azimuth":1.047013759613037,"ele_confid":0,"azi_confid":3},{"elevation":0.0013721105642616749,"super_res_target":0,"scan_index":0,"timestamp":1667974882.402332,"range_rate":-1.515625,"veh_clutter":0,"header":{"sequence_num":76918},"range":4.984375,"near_target":0.0,"amplitude":-6.0,"azimuth":0.13184644281864166,"ele_confid":0,"azi_confid":1},{"elevation":0.0013721105642616749,"super_res_target":0,"scan_index":0,"timestamp":1667974882.402332,"range_rate":-1.765625,"veh_clutter":0,"header":{"sequence_num":76918},"range":4.9375,"near_target":0.0,"amplitude":-11.0,"azimuth":0.06935270875692368,"ele_confid":0,"azi_confid":3},{"elevation":0.0013721105642616749,"super_res_target":0,"scan_index":0,"timestamp":1667974882.402332,"range_rate":-1.125,"veh_clutter":0,"header":{"sequence_num":76918},"range":5.25,"near_target":0.0,"amplitude":-17.0,"azimuth":0.21350988745689392,"ele_confid":0,"azi_confid":2},{"elevation":0.0013721105642616749,"super_res_target":0,"scan_index":0,"timestamp":1667974882.402332,"range_rate":-1.890625,"veh_clutter":0,"header":{"sequence_num":76918},"range":5.28125,"near_target":0.0,"amplitude":-11.0,"azimuth":0.009926400147378445,"ele_confid":0,"azi_confid":3},{"elevation":0.0013721105642616749,"super_res_target":0,"scan_index":0,"timestamp":1667974882.402332,"range_rate":-3.421875,"veh_clutter":0,"header":{"sequence_num":76918},"range":5.359375,"near_target":0.0,"amplitude":-9.0,"azimuth":-0.7580168843269348,"ele_confid":0,"azi_confid":0},{"elevation":0.0013721105642616749,"super_res_target":0,"scan_index":0,"timestamp":1667974882.402332,"range_rate":-2.78125,"veh_clutter":0,"header":{"sequence_num":76918},"range":6.96875,"near_target":0.0,"amplitude":-11.0,"azimuth":-0.3707863390445709,"ele_confid":0,"azi_confid":3},{"elevation":0.0013721105642616749,"super_res_target":0,"scan_index":0,"timestamp":1667974882.402707,"range_rate":1.15625,"veh_clutter":0,"header":{"sequence_num":76918},"range":7.453125,"near_target":0.0,"amplitude":-5.0,"azimuth":1.0174921751022339,"ele_confid":0,"azi_confid":3},{"elevation":0.0013721105642616749,"super_res_target":0,"scan_index":0,"timestamp":1667974882.402707,"range_rate":0.234375,"veh_clutter":0,"header":{"sequence_num":76918},"range":7.140625,"near_target":0.0,"amplitude":10.0,"azimuth":0.6172261834144592,"ele_confid":0,"azi_confid":0},{"elevation":0.0013721105642616749,"super_res_target":0,"scan_index":0,"timestamp":1667974882.402707,"range_rate":1.5,"veh_clutter":0,"header":{"sequence_num":76918},"range":7.78125,"near_target":0.0,"amplitude":12.0,"azimuth":0.9730181097984314,"ele_confid":0,"azi_confid":0},{"elevation":0.0013721105642616749,"super_res_target":0,"scan_index":0,"timestamp":1667974882.402707,"range_rate":-0.5625,"veh_clutter":0,"header":{"sequence_num":76918},"range":9.25,"near_target":0.0,"amplitude":-7.0,"azimuth":0.8441970348358154,"ele_confid":0,"azi_confid":3},{"elevation":0.0013721105642616749,"super_res_target":0,"scan_index":0,"timestamp":1667974882.402707,"range_rate":-2.6875,"veh_clutter":0,"header":{"sequence_num":76918},"range":10.3125,"near_target":0.0,"amplitude":-14.0,"azimuth":-0.3427983522415161,"ele_confid":0,"azi_confid":1},{"elevation":0.0013721105642616749,"super_res_target":0,"scan_index":0,"timestamp":1667974882.402707,"range_rate":1.765625,"veh_clutter":0,"header":{"sequence_num":76918},"range":10.09375,"near_target":0.0,"amplitude":-21.0,"azimuth":1.17890202999115,"ele_confid":0,"azi_confid":3},{"elevation":0.0013721105642616749,"super_res_target":0,"scan_index":0,"timestamp":1667974882.403084,"range_rate":-2.625,"veh_clutter":0,"header":{"sequence_num":76918},"range":10.84375,"near_target":0.0,"amplitude":-12.0,"azimuth":-0.31136003136634827,"ele_confid":0,"azi_confid":1},{"elevation":0.0013721105642616749,"super_res_target":0,"scan_index":0,"timestamp":1667974882.403084,"range_rate":0.765625,"veh_clutter":0,"header":{"sequence_num":76918},"range":11.296875,"near_target":0.0,"amplitude":-15.0,"azimuth":0.778252899646759,"ele_confid":0,"azi_confid":3},{"elevation":0.0013721105642616749,"super_res_target":0,"scan_index":0,"timestamp":1667974882.403084,"range_rate":1.1875,"veh_clutter":0,"header":{"sequence_num":76918},"range":11.90625,"near_target":0.0,"amplitude":-12.0,"azimuth":0.8035569190979004,"ele_confid":0,"azi_confid":3},{"elevation":0.0013721105642616749,"super_res_target":0,"scan_index":0,"timestamp":1667974882.403084,"range_rate":0.59375,"veh_clutter":0,"header":{"sequence_num":76918},"range":12.0625,"near_target":0.0,"amplitude":-14.0,"azimuth":0.7356958389282227,"ele_confid":0,"azi_confid":1},{"elevation":0.0013721105642616749,"super_res_target":0,"scan_index":0,"timestamp":1667974882.403084,"range_rate":-2.796875,"veh_clutter":0,"header":{"sequence_num":76918},"range":12.703125,"near_target":0.0,"amplitude":-17.0,"azimuth":0.6486648321151733,"ele_confid":0,"azi_confid":3},{"elevation":0.0013721105642616749,"super_res_target":0,"scan_index":0,"timestamp":1667974882.403084,"range_rate":1.5,"veh_clutter":0,"header":{"sequence_num":76918},"range":12.34375,"near_target":0.0,"amplitude":-10.0,"azimuth":0.9730181097984314,"ele_confid":0,"azi_confid":1},{"elevation":0.0013721105642616749,"super_res_target":0,"scan_index":0,"timestamp":1667974882.40346,"range_rate":-2.859375,"veh_clutter":0,"header":{"sequence_num":76918},"range":13.765625,"near_target":0.0,"amplitude":-14.0,"azimuth":-0.38957279920578003,"ele_confid":0,"azi_confid":2},{"elevation":0.0013721105642616749,"super_res_target":0,"scan_index":0,"timestamp":1667974882.40346,"range_rate":1.078125,"veh_clutter":0,"header":{"sequence_num":76918},"range":14.4375,"near_target":0.0,"amplitude":-10.0,"azimuth":-0.0886065661907196,"ele_confid":0,"azi_confid":3},{"elevation":0.0013721105642616749,"super_res_target":0,"scan_index":0,"timestamp":1667974882.40346,"range_rate":0.796875,"veh_clutter":0,"header":{"sequence_num":76918},"range":14.4375,"near_target":0.0,"amplitude":-15.0,"azimuth":0.6904551386833191,"ele_confid":0,"azi_confid":3},{"elevation":0.0013721105642616749,"super_res_target":0,"scan_index":0,"timestamp":1667974882.40346,"range_rate":0.265625,"veh_clutter":0,"header":{"sequence_num":76918},"range":14.25,"near_target":0.0,"amplitude":4.0,"azimuth":0.6241275072097778,"ele_confid":0,"azi_confid":1},{"elevation":0.0013721105642616749,"super_res_target":0,"scan_index":0,"timestamp":1667974882.40346,"range_rate":-2.703125,"veh_clutter":0,"header":{"sequence_num":76918},"range":16.8125,"near_target":0.0,"amplitude":-5.0,"azimuth":0.2890389859676361,"ele_confid":0,"azi_confid":1},{"elevation":0.0013721105642616749,"super_res_target":0,"scan_index":0,"timestamp":1667974882.40346,"range_rate":-2.09375,"veh_clutter":0,"header":{"sequence_num":76918},"range":17.109375,"near_target":0.0,"amplitude":2.0,"azimuth":0.35191595554351807,"ele_confid":0,"azi_confid":1},{"elevation":0.0013721105642616749,"super_res_target":0,"scan_index":0,"timestamp":1667974882.403835,"range_rate":-2.96875,"veh_clutter":0,"header":{"sequence_num":76918},"range":17.21875,"near_target":0.0,"amplitude":-5.0,"azimuth":0.2890389859676361,"ele_confid":0,"azi_confid":1},{"elevation":0.0013721105642616749,"super_res_target":0,"scan_index":0,"timestamp":1667974882.403835,"range_rate":-1.75,"veh_clutter":0,"header":{"sequence_num":76918},"range":18.375,"near_target":0.0,"amplitude":-16.0,"azimuth":-0.719677209854126,"ele_confid":0,"azi_confid":3},{"elevation":0.0013721105642616749,"super_res_target":0,"scan_index":0,"timestamp":1667974882.403835,"range_rate":1.0,"veh_clutter":0,"header":{"sequence_num":76918},"range":21.484375,"near_target":0.0,"amplitude":7.0,"azimuth":-0.11659452319145203,"ele_confid":0,"azi_confid":3},{"elevation":0.0013721105642616749,"super_res_target":0,"scan_index":0,"timestamp":1667974882.403835,"range_rate":0.390625,"veh_clutter":0,"header":{"sequence_num":76918},"range":21.328125,"near_target":0.0,"amplitude":10.0,"azimuth":0.6728188991546631,"ele_confid":0,"azi_confid":1},{"elevation":0.0013721105642616749,"super_res_target":0,"scan_index":0,"timestamp":1667974882.403835,"range_rate":-0.5625,"veh_clutter":0,"header":{"sequence_num":76918},"range":22.125,"near_target":0.0,"amplitude":-3.0,"azimuth":0.39332279562950134,"ele_confid":0,"azi_confid":3},{"elevation":0.0013721105642616749,"super_res_target":0,"scan_index":0,"timestamp":1667974882.403835,"range_rate":-5.4375,"veh_clutter":0,"header":{"sequence_num":76918},"range":22.859375,"near_target":0.0,"amplitude":7.0,"azimuth":-1.2771357297897339,"ele_confid":0,"azi_confid":3},{"elevation":0.0013721105642616749,"super_res_target":0,"scan_index":0,"timestamp":1667974882.404211,"range_rate":-4.453125,"veh_clutter":0,"header":{"sequence_num":76918},"range":23.765625,"near_target":0.0,"amplitude":-9.0,"azimuth":-0.611559271812439,"ele_confid":0,"azi_confid":3},{"elevation":0.0013721105642616749,"super_res_target":0,"scan_index":0,"timestamp":1667974882.404211,"range_rate":-4.75,"veh_clutter":0,"header":{"sequence_num":76918},"range":23.75,"near_target":0.0,"amplitude":-3.0,"azimuth":-0.6629345417022705,"ele_confid":0,"azi_confid":3},{"elevation":0.0013721105642616749,"super_res_target":0,"scan_index":0,"timestamp":1667974882.404211,"range_rate":-5.59375,"veh_clutter":0,"header":{"sequence_num":76918},"range":23.59375,"near_target":0.0,"amplitude":-1.0,"azimuth":-0.7537994980812073,"ele_confid":0,"azi_confid":3},{"elevation":0.0013721105642616749,"super_res_target":0,"scan_index":0,"timestamp":1667974882.404211,"range_rate":-6.5625,"veh_clutter":0,"header":{"sequence_num":76918},"range":25.0625,"near_target":0.0,"amplitude":4.0,"azimuth":-1.1525318622589111,"ele_confid":0,"azi_confid":1},{"elevation":0.0013721105642616749,"super_res_target":0,"scan_index":0,"timestamp":1667974882.404211,"range_rate":4.890625,"veh_clutter":0,"header":{"sequence_num":76918},"range":24.5,"near_target":0.0,"amplitude":-5.0,"azimuth":1.0742347240447998,"ele_confid":0,"azi_confid":3},{"elevation":0.0013721105642616749,"super_res_target":0,"scan_index":0,"timestamp":1667974882.404211,"range_rate":1.0625,"veh_clutter":0,"header":{"sequence_num":76918},"range":24.328125,"near_target":0.0,"amplitude":-5.0,"azimuth":0.9101411700248718,"ele_confid":0,"azi_confid":3},{"elevation":0.0013721105642616749,"super_res_target":0,"scan_index":0,"timestamp":1667974882.404586,"range_rate":0.421875,"veh_clutter":0,"header":{"sequence_num":76918},"range":24.5625,"near_target":0.0,"amplitude":1.0,"azimuth":0.6590165495872498,"ele_confid":0,"azi_confid":1},{"elevation":0.0013721105642616749,"super_res_target":0,"scan_index":0,"timestamp":1667974882.404586,"range_rate":-0.390625,"veh_clutter":0,"header":{"sequence_num":76918},"range":25.53125,"near_target":0.0,"amplitude":-4.0,"azimuth":0.44968193769454956,"ele_confid":0,"azi_confid":1},{"elevation":0.0013721105642616749,"super_res_target":0,"scan_index":0,"timestamp":1667974882.404586,"range_rate":-5.96875,"veh_clutter":0,"header":{"sequence_num":76918},"range":25.15625,"near_target":0.0,"amplitude":12.0,"azimuth":-0.7403806447982788,"ele_confid":0,"azi_confid":1},{"elevation":0.0013721105642616749,"super_res_target":0,"scan_index":0,"timestamp":1667974882.404586,"range_rate":4.5,"veh_clutter":0,"header":{"sequence_num":76918},"range":25.78125,"near_target":0.0,"amplitude":-3.0,"azimuth":1.000239372253418,"ele_confid":0,"azi_confid":3},{"elevation":0.0013721105642616749,"super_res_target":0,"scan_index":0,"timestamp":1667974882.404586,"range_rate":2.859375,"veh_clutter":0,"header":{"sequence_num":76918},"range":25.828125,"near_target":0.0,"amplitude":-3.0,"azimuth":-0.12962989509105682,"ele_confid":0,"azi_confid":3},{"elevation":0.0013721105642616749,"super_res_target":0,"scan_index":0,"timestamp":1667974882.404586,"range_rate":0.578125,"veh_clutter":0,"header":{"sequence_num":76918},"range":25.1875,"near_target":0.0,"amplitude":-1.0,"azimuth":0.7633002996444702,"ele_confid":0,"azi_confid":3},{"elevation":0.0013721105642616749,"super_res_target":0,"scan_index":0,"timestamp":1667974882.405078,"range_rate":-6.6875,"veh_clutter":0,"header":{"sequence_num":76918},"range":26.109375,"near_target":0.0,"amplitude":3.0,"azimuth":-1.093105435371399,"ele_confid":0,"azi_confid":1},{"elevation":0.0013721105642616749,"super_res_target":0,"scan_index":0,"timestamp":1667974882.405078,"range_rate":0.28125,"veh_clutter":0,"header":{"sequence_num":76918},"range":28.296875,"near_target":0.0,"amplitude":9.0,"azimuth":0.6206768751144409,"ele_confid":0,"azi_confid":0},{"elevation":0.0013721105642616749,"super_res_target":0,"scan_index":0,"timestamp":1667974882.405078,"range_rate":-6.890625,"veh_clutter":0,"header":{"sequence_num":76918},"range":29.28125,"near_target":0.0,"amplitude":-3.0,"azimuth":-1.0846706628799438,"ele_confid":0,"azi_confid":2},{"elevation":0.0013721105642616749,"super_res_target":0,"scan_index":0,"timestamp":1667974882.405078,"range_rate":-7.125,"veh_clutter":0,"header":{"sequence_num":76918},"range":29.203125,"near_target":0.0,"amplitude":3.0,"azimuth":-1.0965559482574463,"ele_confid":0,"azi_confid":1},{"elevation":0.0013721105642616749,"super_res_target":0,"scan_index":0,"timestamp":1667974882.405078,"range_rate":1.21875,"veh_clutter":0,"header":{"sequence_num":76918},"range":30.703125,"near_target":0.0,"amplitude":-5.0,"azimuth":0.8817699551582336,"ele_confid":0,"azi_confid":3},{"elevation":0.0013721105642616749,"super_res_target":0,"scan_index":0,"timestamp":1667974882.405078,"range_rate":0.8125,"veh_clutter":0,"header":{"sequence_num":76918},"range":30.984375,"near_target":0.0,"amplitude":20.0,"azimuth":0.7740355134010315,"ele_confid":0,"azi_confid":1},{"elevation":0.0013721105642616749,"super_res_target":0,"scan_index":0,"timestamp":1667974882.405565,"range_rate":-0.296875,"veh_clutter":0,"header":{"sequence_num":76918},"range":32.203125,"near_target":0.0,"amplitude":3.0,"azimuth":0.46501803398132324,"ele_confid":0,"azi_confid":3},{"elevation":0.0013721105642616749,"super_res_target":0,"scan_index":0,"timestamp":1667974882.405565,"range_rate":-0.375,"veh_clutter":0,"header":{"sequence_num":76918},"range":32.65625,"near_target":0.0,"amplitude":4.0,"azimuth":0.43204569816589355,"ele_confid":0,"azi_confid":1},{"elevation":0.0013721105642616749,"super_res_target":0,"scan_index":0,"timestamp":1667974882.405565,"range_rate":1.640625,"veh_clutter":0,"header":{"sequence_num":76918},"range":35.15625,"near_target":0.0,"amplitude":-5.0,"azimuth":1.0079073905944824,"ele_confid":0,"azi_confid":3},{"elevation":0.0013721105642616749,"super_res_target":0,"scan_index":0,"timestamp":1667974882.405565,"range_rate":0.953125,"veh_clutter":0,"header":{"sequence_num":76918},"range":35.203125,"near_target":0.0,"amplitude":-8.0,"azimuth":-0.2937237620353699,"ele_confid":0,"azi_confid":3},{"elevation":0.0013721105642616749,"super_res_target":0,"scan_index":0,"timestamp":1667974882.405565,"range_rate":0.28125,"veh_clutter":0,"header":{"sequence_num":76918},"range":35.28125,"near_target":0.0,"amplitude":7.0,"azimuth":0.6241275072097778,"ele_confid":0,"azi_confid":1},{"elevation":0.0013721105642616749,"super_res_target":0,"scan_index":0,"timestamp":1667974882.405565,"range_rate":-0.671875,"veh_clutter":0,"header":{"sequence_num":76918},"range":35.703125,"near_target":0.0,"amplitude":4.0,"azimuth":0.35536661744117737,"ele_confid":0,"azi_confid":0},{"elevation":0.0013721105642616749,"super_res_target":0,"scan_index":0,"timestamp":1667974882.409139,"range_rate":-3.5,"veh_clutter":0,"header":{"sequence_num":76918},"range":38.125,"near_target":0.0,"amplitude":13.0,"azimuth":-0.8136093020439148,"ele_confid":0,"azi_confid":0},{"elevation":0.0013721105642616749,"super_res_target":0,"scan_index":0,"timestamp":1667974882.409139,"range_rate":0.78125,"veh_clutter":0,"header":{"sequence_num":76918},"range":38.34375,"near_target":0.0,"amplitude":-2.0,"azimuth":0.6835538148880005,"ele_confid":0,"azi_confid":3},{"elevation":0.0013721105642616749,"super_res_target":0,"scan_index":0,"timestamp":1667974882.409139,"range_rate":0.265625,"veh_clutter":0,"header":{"sequence_num":76918},"range":38.5,"near_target":0.0,"amplitude":-2.0,"azimuth":0.6486648321151733,"ele_confid":0,"azi_confid":1},{"elevation":0.0013721105642616749,"super_res_target":0,"scan_index":0,"timestamp":1667974882.409139,"range_rate":1.3125,"veh_clutter":0,"header":{"sequence_num":76918},"range":39.171875,"near_target":0.0,"amplitude":0.0,"azimuth":0.9488643407821655,"ele_confid":0,"azi_confid":3}],"type":8}
