{"measurement_time":1667974882.425299,"header":{"timestamp_sec":1667974882.4311657,"sequence_num":76924},"range_coverage":93.015625,"aptiv_point":[{"elevation":0.0013721105642616749,"super_res_target":0,"scan_index":0,"timestamp":1667974882.425299,"range_rate":1.75,"veh_clutter":0,"header":{"sequence_num":76924},"range":1.78125,"near_target":0.0,"amplitude":-16.0,"azimuth":-0.02841326594352722,"ele_confid":0,"azi_confid":0},{"elevation":0.0013721105642616749,"super_res_target":0,"scan_index":0,"timestamp":1667974882.425299,"range_rate":0.40625,"veh_clutter":0,"header":{"sequence_num":76924},"range":1.5,"near_target":0.0,"amplitude":-10.0,"azimuth":-0.44363176822662354,"ele_confid":0,"azi_confid":0},{"elevation":0.0013721105642616749,"super_res_target":0,"scan_index":0,"timestamp":1667974882.425299,"range_rate":1.53125,"veh_clutter":0,"header":{"sequence_num":76924},"range":2.09375,"near_target":0.0,"amplitude":-14.0,"azimuth":-0.11582779884338379,"ele_confid":0,"azi_confid":1},{"elevation":0.0013721105642616749,"super_res_target":0,"scan_index":0,"timestamp":1667974882.425299,"range_rate":-0.4375,"veh_clutter":0,"header":{"sequence_num":76924},"range":3.078125,"near_target":0.0,"amplitude":-28.0,"azimuth":-0.7054916024208069,"ele_confid":0,"azi_confid":3},{"elevation":0.0013721105642616749,"super_res_target":0,"scan_index":0,"timestamp":1667974882.425299,"range_rate":0.65625,"veh_clutter":0,"header":{"sequence_num":76924},"range":3.578125,"near_target":0.0,"amplitude":-18.0,"azimuth":-0.348932683467865,"ele_confid":0,"azi_confid":3},{"elevation":0.0013721105642616749,"super_res_target":0,"scan_index":0,"timestamp":1667974882.425299,"range_rate":3.390625,"veh_clutter":0,"header":{"sequence_num":76924},"range":5.703125,"near_target":0.0,"amplitude":0.0,"azimuth":0.687771201133728,"ele_confid":0,"azi_confid":2},{"elevation":0.0013721105642616749,"super_res_target":0,"scan_index":0,"timestamp":1667974882.425672,"range_rate":3.453125,"veh_clutter":0,"header":{"sequence_num":76924},"range":7.765625,"near_target":0.0,"amplitude":2.0,"azimuth":0.8150588274002075,"ele_confid":0,"azi_confid":1},{"elevation":0.0013721105642616749,"super_res_target":0,"scan_index":0,"timestamp":1667974882.425672,"range_rate":2.109375,"veh_clutter":0,"header":{"sequence_num":76924},"range":8.6875,"near_target":0.0,"amplitude":-8.0,"azimuth":0.016827449202537537,"ele_confid":0,"azi_confid":1},{"elevation":0.0013721105642616749,"super_res_target":0,"scan_index":0,"timestamp":1667974882.425672,"range_rate":-2.34375,"veh_clutter":0,"header":{"sequence_num":76924},"range":9.453125,"near_target":0.0,"amplitude":-7.0,"azimuth":-1.235345482826233,"ele_confid":0,"azi_confid":3},{"elevation":0.0013721105642616749,"super_res_target":0,"scan_index":0,"timestamp":1667974882.425672,"range_rate":2.453125,"veh_clutter":0,"header":{"sequence_num":76924},"range":9.640625,"near_target":0.0,"amplitude":2.0,"azimuth":0.1843717098236084,"ele_confid":0,"azi_confid":1},{"elevation":0.0013721105642616749,"super_res_target":0,"scan_index":0,"timestamp":1667974882.425672,"range_rate":2.59375,"veh_clutter":0,"header":{"sequence_num":76924},"range":10.515625,"near_target":0.0,"amplitude":4.0,"azimuth":0.2656516432762146,"ele_confid":0,"azi_confid":3},{"elevation":0.0013721105642616749,"super_res_target":0,"scan_index":0,"timestamp":1667974882.425672,"range_rate":3.546875,"veh_clutter":0,"header":{"sequence_num":76924},"range":10.84375,"near_target":0.0,"amplitude":11.0,"azimuth":0.8683511018753052,"ele_confid":0,"azi_confid":1},{"elevation":0.0013721105642616749,"super_res_target":0,"scan_index":0,"timestamp":1667974882.426071,"range_rate":2.96875,"veh_clutter":0,"header":{"sequence_num":76924},"range":12.578125,"near_target":0.0,"amplitude":10.0,"azimuth":0.4147929251194,"ele_confid":0,"azi_confid":0},{"elevation":0.0013721105642616749,"super_res_target":0,"scan_index":0,"timestamp":1667974882.426071,"range_rate":2.09375,"veh_clutter":0,"header":{"sequence_num":76924},"range":14.40625,"near_target":0.0,"amplitude":-14.0,"azimuth":0.0797044187784195,"ele_confid":0,"azi_confid":3},{"elevation":0.0013721105642616749,"super_res_target":0,"scan_index":0,"timestamp":1667974882.426071,"range_rate":3.171875,"veh_clutter":0,"header":{"sequence_num":76924},"range":14.921875,"near_target":0.0,"amplitude":-13.0,"azimuth":0.5179265141487122,"ele_confid":0,"azi_confid":3},{"elevation":0.0013721105642616749,"super_res_target":0,"scan_index":0,"timestamp":1667974882.426071,"range_rate":2.578125,"veh_clutter":0,"header":{"sequence_num":76924},"range":15.859375,"near_target":0.0,"amplitude":-13.0,"azimuth":0.1349136084318161,"ele_confid":0,"azi_confid":3},{"elevation":0.0013721105642616749,"super_res_target":0,"scan_index":0,"timestamp":1667974882.426071,"range_rate":3.546875,"veh_clutter":0,"header":{"sequence_num":76924},"range":17.015625,"near_target":0.0,"amplitude":10.0,"azimuth":0.8649004697799683,"ele_confid":0,"azi_confid":1},{"elevation":0.0013721105642616749,"super_res_target":0,"scan_index":0,"timestamp":1667974882.426071,"range_rate":2.859375,"veh_clutter":0,"header":{"sequence_num":76924},"range":20.203125,"near_target":0.0,"amplitude":-9.0,"azimuth":0.3622676730155945,"ele_confid":0,"azi_confid":3},{"elevation":0.0013721105642616749,"super_res_target":0,"scan_index":0,"timestamp":1667974882.426447,"range_rate":0.546875,"veh_clutter":0,"header":{"sequence_num":76924},"range":19.5,"near_target":0.0,"amplitude":-9.0,"azimuth":0.5432307720184326,"ele_confid":0,"azi_confid":3},{"elevation":0.0013721105642616749,"super_res_target":0,"scan_index":0,"timestamp":1667974882.426447,"range_rate":0.171875,"veh_clutter":0,"header":{"sequence_num":76924},"range":19.875,"near_target":0.0,"amplitude":-2.0,"azimuth":-0.5065087676048279,"ele_confid":0,"azi_confid":1},{"elevation":0.0013721105642616749,"super_res_target":0,"scan_index":0,"timestamp":1667974882.426447,"range_rate":3.453125,"veh_clutter":0,"header":{"sequence_num":76924},"range":22.28125,"near_target":0.0,"amplitude":-4.0,"azimuth":0.7517983913421631,"ele_confid":0,"azi_confid":3},{"elevation":0.0013721105642616749,"super_res_target":0,"scan_index":0,"timestamp":1667974882.426447,"range_rate":3.4375,"veh_clutter":0,"header":{"sequence_num":76924},"range":23.921875,"near_target":0.0,"amplitude":-3.0,"azimuth":0.8848371505737305,"ele_confid":0,"azi_confid":3},{"elevation":0.0013721105642616749,"super_res_target":0,"scan_index":0,"timestamp":1667974882.426447,"range_rate":3.5,"veh_clutter":0,"header":{"sequence_num":76924},"range":27.4375,"near_target":0.0,"amplitude":4.0,"azimuth":0.8192762136459351,"ele_confid":0,"azi_confid":1},{"elevation":0.0013721105642616749,"super_res_target":0,"scan_index":0,"timestamp":1667974882.426447,"range_rate":2.375,"veh_clutter":0,"header":{"sequence_num":76924},"range":28.515625,"near_target":0.0,"amplitude":-1.0,"azimuth":0.15983439981937408,"ele_confid":0,"azi_confid":1},{"elevation":0.0013721105642616749,"super_res_target":0,"scan_index":0,"timestamp":1667974882.426824,"range_rate":2.625,"veh_clutter":0,"header":{"sequence_num":76924},"range":30.515625,"near_target":0.0,"amplitude":-2.0,"azimuth":0.18743887543678284,"ele_confid":0,"azi_confid":3},{"elevation":0.0013721105642616749,"super_res_target":0,"scan_index":0,"timestamp":1667974882.426824,"range_rate":2.765625,"veh_clutter":0,"header":{"sequence_num":76924},"range":31.8125,"near_target":0.0,"amplitude":6.0,"azimuth":0.3411807715892792,"ele_confid":0,"azi_confid":1},{"elevation":0.0013721105642616749,"super_res_target":0,"scan_index":0,"timestamp":1667974882.426824,"range_rate":3.5625,"veh_clutter":0,"header":{"sequence_num":76924},"range":44.484375,"near_target":0.0,"amplitude":0.0,"azimuth":0.9837533235549927,"ele_confid":0,"azi_confid":3},{"elevation":0.0013721105642616749,"super_res_target":0,"scan_index":0,"timestamp":1667974882.426824,"range_rate":3.546875,"veh_clutter":0,"header":{"sequence_num":76924},"range":47.890625,"near_target":0.0,"amplitude":3.0,"azimuth":0.9419630169868469,"ele_confid":0,"azi_confid":3},{"elevation":0.0013721105642616749,"super_res_target":0,"scan_index":0,"timestamp":1667974882.426824,"range_rate":3.5625,"veh_clutter":0,"header":{"sequence_num":76924},"range":50.3125,"near_target":0.0,"amplitude":2.0,"azimuth":0.9346784353256226,"ele_confid":0,"azi_confid":3},{"elevation":0.0013721105642616749,"super_res_target":0,"scan_index":0,"timestamp":1667974882.426824,"range_rate":2.296875,"veh_clutter":0,"header":{"sequence_num":76924},"range":51.375,"near_target":0.0,"amplitude":12.0,"azimuth":0.12839579582214355,"ele_confid":0,"azi_confid":1},{"elevation":0.0013721105642616749,"super_res_target":0,"scan_index":0,"timestamp":1667974882.4272,"range_rate":3.5625,"veh_clutter":0,"header":{"sequence_num":76924},"range":53.703125,"near_target":0.0,"amplitude":7.0,"azimuth":0.9515479803085327,"ele_confid":0,"azi_confid":3},{"elevation":0.0013721105642616749,"super_res_target":0,"scan_index":0,"timestamp":1667974882.4272,"range_rate":2.4375,"veh_clutter":0,"header":{"sequence_num":76924},"range":54.75,"near_target":0.0,"amplitude":11.0,"azimuth":0.2138931155204773,"ele_confid":0,"azi_confid":3},{"elevation":0.0013721105642616749,"super_res_target":0,"scan_index":0,"timestamp":1667974882.4272,"range_rate":-2.0,"veh_clutter":0,"header":{"sequence_num":76924},"range":55.34375,"near_target":0.0,"amplitude":7.0,"azimuth":-1.1590495109558105,"ele_confid":0,"azi_confid":3},{"elevation":0.0013721105642616749,"super_res_target":0,"scan_index":0,"timestamp":1667974882.4272,"range_rate":-1.921875,"veh_clutter":0,"header":{"sequence_num":76924},"range":57.140625,"near_target":0.0,"amplitude":9.0,"azimuth":-1.1463974714279175,"ele_confid":0,"azi_confid":2},{"elevation":0.0013721105642616749,"super_res_target":0,"scan_index":0,"timestamp":1667974882.4272,"range_rate":3.5625,"veh_clutter":0,"header":{"sequence_num":76924},"range":57.4375,"near_target":0.0,"amplitude":9.0,"azimuth":0.9803026914596558,"ele_confid":0,"azi_confid":3},{"elevation":0.0013721105642616749,"super_res_target":0,"scan_index":0,"timestamp":1667974882.4272,"range_rate":2.625,"veh_clutter":0,"header":{"sequence_num":76924},"range":57.796875,"near_target":0.0,"amplitude":4.0,"azimuth":0.24379801750183105,"ele_confid":0,"azi_confid":3},{"elevation":0.0013721105642616749,"super_res_target":0,"scan_index":0,"timestamp":1667974882.429218,"range_rate":3.546875,"veh_clutter":0,"header":{"sequence_num":76924},"range":59.40625,"near_target":0.0,"amplitude":11.0,"azimuth":1.0094408988952637,"ele_confid":0,"azi_confid":2},{"elevation":0.0013721105642616749,"super_res_target":0,"scan_index":0,"timestamp":1667974882.429218,"range_rate":2.75,"veh_clutter":0,"header":{"sequence_num":76924},"range":62.34375,"near_target":0.0,"amplitude":20.0,"azimuth":0.3174102008342743,"ele_confid":0,"azi_confid":1},{"elevation":0.0013721105642616749,"super_res_target":0,"scan_index":0,"timestamp":1667974882.429218,"range_rate":3.5625,"veh_clutter":0,"header":{"sequence_num":76924},"range":63.453125,"near_target":0.0,"amplitude":6.0,"azimuth":0.9803026914596558,"ele_confid":0,"azi_confid":3},{"elevation":0.0013721105642616749,"super_res_target":0,"scan_index":0,"timestamp":1667974882.429218,"range_rate":2.65625,"veh_clutter":0,"header":{"sequence_num":76924},"range":65.3125,"near_target":0.0,"amplitude":22.0,"azimuth":0.2576003670692444,"ele_confid":0,"azi_confid":0},{"elevation":0.0013721105642616749,"super_res_target":0,"scan_index":0,"timestamp":1667974882.429218,"range_rate":2.734375,"veh_clutter":0,"header":{"sequence_num":76924},"range":67.296875,"near_target":0.0,"amplitude":22.0,"azimuth":0.30974242091178894,"ele_confid":0,"azi_confid":1},{"elevation":0.0013721105642616749,"super_res_target":0,"scan_index":0,"timestamp":1667974882.429218,"range_rate":2.875,"veh_clutter":0,"header":{"sequence_num":76924},"range":70.1875,"near_target":0.0,"amplitude":8.0,"azimuth":0.34846529364585876,"ele_confid":0,"azi_confid":3},{"elevation":0.0013721105642616749,"super_res_target":0,"scan_index":0,"timestamp":1667974882.429602,"range_rate":2.890625,"veh_clutter":0,"header":{"sequence_num":76924},"range":74.140625,"near_target":0.0,"amplitude":12.0,"azimuth":0.3906388580799103,"ele_confid":0,"azi_confid":3},{"elevation":0.0013721105642616749,"super_res_target":0,"scan_index":0,"timestamp":1667974882.429602,"range_rate":2.859375,"veh_clutter":0,"header":{"sequence_num":76924},"range":76.671875,"near_target":0.0,"amplitude":11.0,"azimuth":0.36610156297683716,"ele_confid":0,"azi_confid":1},{"elevation":0.0013721105642616749,"super_res_target":0,"scan_index":0,"timestamp":1667974882.429602,"range_rate":-0.015625,"veh_clutter":0,"header":{"sequence_num":76924},"range":1.484375,"near_target":0.0,"amplitude":3.0,"azimuth":-0.593923032283783,"ele_confid":0,"azi_confid":1},{"elevation":0.0013721105642616749,"super_res_target":0,"scan_index":0,"timestamp":1667974882.429602,"range_rate":-0.03125,"veh_clutter":0,"header":{"sequence_num":76924},"range":6.078125,"near_target":0.0,"amplitude":2.0,"azimuth":1.06771719455719,"ele_confid":0,"azi_confid":3}],"type":8}
