{"measurement_time":1667974882.201961,"header":{"timestamp_sec":1667974882.2061124,"sequence_num":76914},"range_coverage":93.015625,"aptiv_point":[{"elevation":0.0013721105642616749,"super_res_target":0,"scan_index":0,"timestamp":1667974882.201961,"range_rate":1.921875,"veh_clutter":0,"header":{"sequence_num":76914},"range":1.640625,"near_target":0.0,"amplitude":-15.0,"azimuth":1.1474636793136597,"ele_confid":0,"azi_confid":1},{"elevation":0.0013721105642616749,"super_res_target":0,"scan_index":0,"timestamp":1667974882.201961,"range_rate":2.171875,"veh_clutter":0,"header":{"sequence_num":76914},"range":2.21875,"near_target":0.0,"amplitude":-20.0,"azimuth":1.224526286125183,"ele_confid":0,"azi_confid":1},{"elevation":0.0013721105642616749,"super_res_target":0,"scan_index":0,"timestamp":1667974882.201961,"range_rate":1.46875,"veh_clutter":0,"header":{"sequence_num":76914},"range":2.21875,"near_target":0.0,"amplitude":-13.0,"azimuth":0.976852297782898,"ele_confid":0,"azi_confid":0},{"elevation":0.0013721105642616749,"super_res_target":0,"scan_index":0,"timestamp":1667974882.201961,"range_rate":1.28125,"veh_clutter":0,"header":{"sequence_num":76914},"range":2.578125,"near_target":0.0,"amplitude":-17.0,"azimuth":0.9381291270256042,"ele_confid":0,"azi_confid":1},{"elevation":0.0013721105642616749,"super_res_target":0,"scan_index":0,"timestamp":1667974882.201961,"range_rate":-2.890625,"veh_clutter":0,"header":{"sequence_num":76914},"range":3.984375,"near_target":0.0,"amplitude":-10.0,"azimuth":-0.408742755651474,"ele_confid":0,"azi_confid":0},{"elevation":0.0013721105642616749,"super_res_target":0,"scan_index":0,"timestamp":1667974882.201961,"range_rate":-3.171875,"veh_clutter":0,"header":{"sequence_num":76914},"range":3.59375,"near_target":0.0,"amplitude":-7.0,"azimuth":-0.5486822724342346,"ele_confid":0,"azi_confid":0},{"elevation":0.0013721105642616749,"super_res_target":0,"scan_index":0,"timestamp":1667974882.202335,"range_rate":-0.953125,"veh_clutter":0,"header":{"sequence_num":76914},"range":4.75,"near_target":0.0,"amplitude":-20.0,"azimuth":-0.5789706707000732,"ele_confid":0,"azi_confid":3},{"elevation":0.0013721105642616749,"super_res_target":0,"scan_index":0,"timestamp":1667974882.202335,"range_rate":-0.609375,"veh_clutter":0,"header":{"sequence_num":76914},"range":5.265625,"near_target":0.0,"amplitude":-25.0,"azimuth":1.0987722873687744,"ele_confid":0,"azi_confid":3},{"elevation":0.0013721105642616749,"super_res_target":0,"scan_index":0,"timestamp":1667974882.202335,"range_rate":-1.515625,"veh_clutter":0,"header":{"sequence_num":76914},"range":5.8125,"near_target":0.0,"amplitude":-17.0,"azimuth":0.09005612134933472,"ele_confid":0,"azi_confid":1},{"elevation":0.0013721105642616749,"super_res_target":0,"scan_index":0,"timestamp":1667974882.202335,"range_rate":-1.953125,"veh_clutter":0,"header":{"sequence_num":76914},"range":5.328125,"near_target":0.0,"amplitude":-3.0,"azimuth":-0.0356978103518486,"ele_confid":0,"azi_confid":1},{"elevation":0.0013721105642616749,"super_res_target":0,"scan_index":0,"timestamp":1667974882.202335,"range_rate":-3.421875,"veh_clutter":0,"header":{"sequence_num":76914},"range":5.546875,"near_target":0.0,"amplitude":-10.0,"azimuth":-0.7787202596664429,"ele_confid":0,"azi_confid":1},{"elevation":0.0013721105642616749,"super_res_target":0,"scan_index":0,"timestamp":1667974882.202335,"range_rate":0.703125,"veh_clutter":0,"header":{"sequence_num":76914},"range":7.234375,"near_target":0.0,"amplitude":1.0,"azimuth":0.7184430956840515,"ele_confid":0,"azi_confid":1},{"elevation":0.0013721105642616749,"super_res_target":0,"scan_index":0,"timestamp":1667974882.20271,"range_rate":-2.515625,"veh_clutter":0,"header":{"sequence_num":76914},"range":7.96875,"near_target":0.0,"amplitude":-11.0,"azimuth":-0.18560580909252167,"ele_confid":0,"azi_confid":3},{"elevation":0.0013721105642616749,"super_res_target":0,"scan_index":0,"timestamp":1667974882.20271,"range_rate":-0.953125,"veh_clutter":0,"header":{"sequence_num":76914},"range":8.578125,"near_target":0.0,"amplitude":-16.0,"azimuth":0.6682180166244507,"ele_confid":0,"azi_confid":3},{"elevation":0.0013721105642616749,"super_res_target":0,"scan_index":0,"timestamp":1667974882.20271,"range_rate":0.421875,"veh_clutter":0,"header":{"sequence_num":76914},"range":11.09375,"near_target":0.0,"amplitude":-15.0,"azimuth":0.6835538148880005,"ele_confid":0,"azi_confid":1},{"elevation":0.0013721105642616749,"super_res_target":0,"scan_index":0,"timestamp":1667974882.20271,"range_rate":0.5625,"veh_clutter":0,"header":{"sequence_num":76914},"range":12.015625,"near_target":0.0,"amplitude":-11.0,"azimuth":0.7149924635887146,"ele_confid":0,"azi_confid":1},{"elevation":0.0013721105642616749,"super_res_target":0,"scan_index":0,"timestamp":1667974882.20271,"range_rate":-1.796875,"veh_clutter":0,"header":{"sequence_num":76914},"range":12.6875,"near_target":0.0,"amplitude":-20.0,"azimuth":0.5577998757362366,"ele_confid":0,"azi_confid":3},{"elevation":0.0013721105642616749,"super_res_target":0,"scan_index":0,"timestamp":1667974882.20271,"range_rate":-3.0,"veh_clutter":0,"header":{"sequence_num":76914},"range":13.5625,"near_target":0.0,"amplitude":-1.0,"azimuth":-0.44363176822662354,"ele_confid":0,"azi_confid":0},{"elevation":0.0013721105642616749,"super_res_target":0,"scan_index":0,"timestamp":1667974882.203087,"range_rate":0.25,"veh_clutter":0,"header":{"sequence_num":76914},"range":14.3125,"near_target":0.0,"amplitude":2.0,"azimuth":0.6310285925865173,"ele_confid":0,"azi_confid":1},{"elevation":0.0013721105642616749,"super_res_target":0,"scan_index":0,"timestamp":1667974882.203087,"range_rate":-3.03125,"veh_clutter":0,"header":{"sequence_num":76914},"range":16.25,"near_target":0.0,"amplitude":3.0,"azimuth":-0.46126803755760193,"ele_confid":0,"azi_confid":1},{"elevation":0.0013721105642616749,"super_res_target":0,"scan_index":0,"timestamp":1667974882.203087,"range_rate":-2.171875,"veh_clutter":0,"header":{"sequence_num":76914},"range":17.515625,"near_target":0.0,"amplitude":-5.0,"azimuth":0.24111434817314148,"ele_confid":0,"azi_confid":3},{"elevation":0.0013721105642616749,"super_res_target":0,"scan_index":0,"timestamp":1667974882.203087,"range_rate":-3.265625,"veh_clutter":0,"header":{"sequence_num":76914},"range":17.3125,"near_target":0.0,"amplitude":-4.0,"azimuth":0.22692875564098358,"ele_confid":0,"azi_confid":2},{"elevation":0.0013721105642616749,"super_res_target":0,"scan_index":0,"timestamp":1667974882.203087,"range_rate":-3.578125,"veh_clutter":0,"header":{"sequence_num":76914},"range":17.5625,"near_target":0.0,"amplitude":-1.0,"azimuth":0.20507511496543884,"ele_confid":0,"azi_confid":1},{"elevation":0.0013721105642616749,"super_res_target":0,"scan_index":0,"timestamp":1667974882.203087,"range_rate":-3.984375,"veh_clutter":0,"header":{"sequence_num":76914},"range":17.59375,"near_target":0.0,"amplitude":-5.0,"azimuth":0.17747065424919128,"ele_confid":0,"azi_confid":1},{"elevation":0.0013721105642616749,"super_res_target":0,"scan_index":0,"timestamp":1667974882.203467,"range_rate":-2.796875,"veh_clutter":0,"header":{"sequence_num":76914},"range":18.296875,"near_target":0.0,"amplitude":-7.0,"azimuth":0.2924893796443939,"ele_confid":0,"azi_confid":1},{"elevation":0.0013721105642616749,"super_res_target":0,"scan_index":0,"timestamp":1667974882.203467,"range_rate":-0.6875,"veh_clutter":0,"header":{"sequence_num":76914},"range":21.640625,"near_target":0.0,"amplitude":4.0,"azimuth":-0.4884890019893646,"ele_confid":0,"azi_confid":3},{"elevation":0.0013721105642616749,"super_res_target":0,"scan_index":0,"timestamp":1667974882.203467,"range_rate":-2.0625,"veh_clutter":0,"header":{"sequence_num":76914},"range":23.796875,"near_target":0.0,"amplitude":-3.0,"azimuth":0.22846220433712006,"ele_confid":0,"azi_confid":3},{"elevation":0.0013721105642616749,"super_res_target":0,"scan_index":0,"timestamp":1667974882.203467,"range_rate":-6.140625,"veh_clutter":0,"header":{"sequence_num":76914},"range":23.875,"near_target":0.0,"amplitude":16.0,"azimuth":-1.1743853092193604,"ele_confid":0,"azi_confid":2},{"elevation":0.0013721105642616749,"super_res_target":0,"scan_index":0,"timestamp":1667974882.203467,"range_rate":0.828125,"veh_clutter":0,"header":{"sequence_num":76914},"range":24.03125,"near_target":0.0,"amplitude":-4.0,"azimuth":0.7740355134010315,"ele_confid":0,"azi_confid":3},{"elevation":0.0013721105642616749,"super_res_target":0,"scan_index":0,"timestamp":1667974882.203467,"range_rate":-5.46875,"veh_clutter":0,"header":{"sequence_num":76914},"range":24.3125,"near_target":0.0,"amplitude":12.0,"azimuth":-0.7231278419494629,"ele_confid":0,"azi_confid":1},{"elevation":0.0013721105642616749,"super_res_target":0,"scan_index":0,"timestamp":1667974882.203843,"range_rate":0.25,"veh_clutter":0,"header":{"sequence_num":76914},"range":24.390625,"near_target":0.0,"amplitude":5.0,"azimuth":0.6241275072097778,"ele_confid":0,"azi_confid":0},{"elevation":0.0013721105642616749,"super_res_target":0,"scan_index":0,"timestamp":1667974882.203843,"range_rate":0.609375,"veh_clutter":0,"header":{"sequence_num":76914},"range":25.40625,"near_target":0.0,"amplitude":2.0,"azimuth":0.7111585736274719,"ele_confid":0,"azi_confid":1},{"elevation":0.0013721105642616749,"super_res_target":0,"scan_index":0,"timestamp":1667974882.203843,"range_rate":-0.71875,"veh_clutter":0,"header":{"sequence_num":76914},"range":26.375,"near_target":0.0,"amplitude":3.0,"azimuth":0.33773037791252136,"ele_confid":0,"azi_confid":0},{"elevation":0.0013721105642616749,"super_res_target":0,"scan_index":0,"timestamp":1667974882.203843,"range_rate":-6.390625,"veh_clutter":0,"header":{"sequence_num":76914},"range":26.25,"near_target":0.0,"amplitude":5.0,"azimuth":-1.1038404703140259,"ele_confid":0,"azi_confid":3},{"elevation":0.0013721105642616749,"super_res_target":0,"scan_index":0,"timestamp":1667974882.203843,"range_rate":-6.671875,"veh_clutter":0,"header":{"sequence_num":76914},"range":26.234375,"near_target":0.0,"amplitude":5.0,"azimuth":-1.0881211757659912,"ele_confid":0,"azi_confid":2},{"elevation":0.0013721105642616749,"super_res_target":0,"scan_index":0,"timestamp":1667974882.203843,"range_rate":-6.96875,"veh_clutter":0,"header":{"sequence_num":76914},"range":28.78125,"near_target":0.0,"amplitude":1.0,"azimuth":-1.1065242290496826,"ele_confid":0,"azi_confid":2},{"elevation":0.0013721105642616749,"super_res_target":0,"scan_index":0,"timestamp":1667974882.204225,"range_rate":-7.09375,"veh_clutter":0,"header":{"sequence_num":76914},"range":30.0625,"near_target":0.0,"amplitude":0.0,"azimuth":-1.0896546840667725,"ele_confid":0,"azi_confid":1},{"elevation":0.0013721105642616749,"super_res_target":0,"scan_index":0,"timestamp":1667974882.204225,"range_rate":0.734375,"veh_clutter":0,"header":{"sequence_num":76914},"range":30.8125,"near_target":0.0,"amplitude":21.0,"azimuth":0.7498814463615417,"ele_confid":0,"azi_confid":0},{"elevation":0.0013721105642616749,"super_res_target":0,"scan_index":0,"timestamp":1667974882.204225,"range_rate":-0.40625,"veh_clutter":0,"header":{"sequence_num":76914},"range":31.96875,"near_target":0.0,"amplitude":-2.0,"azimuth":0.3998406231403351,"ele_confid":0,"azi_confid":3},{"elevation":0.0013721105642616749,"super_res_target":0,"scan_index":0,"timestamp":1667974882.204225,"range_rate":0.65625,"veh_clutter":0,"header":{"sequence_num":76914},"range":34.875,"near_target":0.0,"amplitude":-5.0,"azimuth":0.7847704291343689,"ele_confid":0,"azi_confid":3},{"elevation":0.0013721105642616749,"super_res_target":0,"scan_index":0,"timestamp":1667974882.204225,"range_rate":-0.71875,"veh_clutter":0,"header":{"sequence_num":76914},"range":35.796875,"near_target":0.0,"amplitude":8.0,"azimuth":0.33696338534355164,"ele_confid":0,"azi_confid":1},{"elevation":0.0013721105642616749,"super_res_target":0,"scan_index":0,"timestamp":1667974882.204225,"range_rate":0.84375,"veh_clutter":0,"header":{"sequence_num":76914},"range":38.015625,"near_target":0.0,"amplitude":5.0,"azimuth":0.7813200354576111,"ele_confid":0,"azi_confid":1},{"elevation":0.0013721105642616749,"super_res_target":0,"scan_index":0,"timestamp":1667974882.204602,"range_rate":-3.46875,"veh_clutter":0,"header":{"sequence_num":76914},"range":38.8125,"near_target":0.0,"amplitude":14.0,"azimuth":-0.8208938241004944,"ele_confid":0,"azi_confid":0},{"elevation":0.0013721105642616749,"super_res_target":0,"scan_index":0,"timestamp":1667974882.204602,"range_rate":0.671875,"veh_clutter":0,"header":{"sequence_num":76914},"range":39.8125,"near_target":0.0,"amplitude":-3.0,"azimuth":0.7671341896057129,"ele_confid":0,"azi_confid":3},{"elevation":0.0013721105642616749,"super_res_target":0,"scan_index":0,"timestamp":1667974882.204602,"range_rate":-0.828125,"veh_clutter":0,"header":{"sequence_num":76914},"range":40.921875,"near_target":0.0,"amplitude":0.0,"azimuth":0.2924893796443939,"ele_confid":0,"azi_confid":3},{"elevation":0.0013721105642616749,"super_res_target":0,"scan_index":0,"timestamp":1667974882.204602,"range_rate":-3.0,"veh_clutter":0,"header":{"sequence_num":76914},"range":40.453125,"near_target":0.0,"amplitude":-1.0,"azimuth":-0.8277949094772339,"ele_confid":0,"azi_confid":1},{"elevation":0.0013721105642616749,"super_res_target":0,"scan_index":0,"timestamp":1667974882.204602,"range_rate":0.953125,"veh_clutter":0,"header":{"sequence_num":76914},"range":40.609375,"near_target":0.0,"amplitude":0.0,"azimuth":0.839212954044342,"ele_confid":0,"azi_confid":3},{"elevation":0.0013721105642616749,"super_res_target":0,"scan_index":0,"timestamp":1667974882.204602,"range_rate":-3.484375,"veh_clutter":0,"header":{"sequence_num":76914},"range":41.375,"near_target":0.0,"amplitude":15.0,"azimuth":-0.8454311490058899,"ele_confid":0,"azi_confid":1},{"elevation":0.0013721105642616749,"super_res_target":0,"scan_index":0,"timestamp":1667974882.205094,"range_rate":0.25,"veh_clutter":0,"header":{"sequence_num":76914},"range":42.5625,"near_target":0.0,"amplitude":-1.0,"azimuth":0.6030405759811401,"ele_confid":0,"azi_confid":1},{"elevation":0.0013721105642616749,"super_res_target":0,"scan_index":0,"timestamp":1667974882.205094,"range_rate":-3.53125,"veh_clutter":0,"header":{"sequence_num":76914},"range":46.1875,"near_target":0.0,"amplitude":2.0,"azimuth":-0.8381465673446655,"ele_confid":0,"azi_confid":2},{"elevation":0.0013721105642616749,"super_res_target":0,"scan_index":0,"timestamp":1667974882.205094,"range_rate":-3.53125,"veh_clutter":0,"header":{"sequence_num":76914},"range":54.296875,"near_target":0.0,"amplitude":17.0,"azimuth":-0.9270946979522705,"ele_confid":0,"azi_confid":2},{"elevation":0.0013721105642616749,"super_res_target":0,"scan_index":0,"timestamp":1667974882.205094,"range_rate":-3.5625,"veh_clutter":0,"header":{"sequence_num":76914},"range":57.5625,"near_target":0.0,"amplitude":29.0,"azimuth":-1.0685679912567139,"ele_confid":0,"azi_confid":1},{"elevation":0.0013721105642616749,"super_res_target":0,"scan_index":0,"timestamp":1667974882.205094,"range_rate":-3.5625,"veh_clutter":0,"header":{"sequence_num":76914},"range":60.765625,"near_target":0.0,"amplitude":28.0,"azimuth":-1.1138087511062622,"ele_confid":0,"azi_confid":2},{"elevation":0.0013721105642616749,"super_res_target":0,"scan_index":0,"timestamp":1667974882.205094,"range_rate":-3.546875,"veh_clutter":0,"header":{"sequence_num":76914},"range":63.8125,"near_target":0.0,"amplitude":25.0,"azimuth":-1.0451807975769043,"ele_confid":0,"azi_confid":3},{"elevation":0.0013721105642616749,"super_res_target":0,"scan_index":0,"timestamp":1667974882.205581,"range_rate":-3.5625,"veh_clutter":0,"header":{"sequence_num":76914},"range":66.375,"near_target":0.0,"amplitude":23.0,"azimuth":-1.047864556312561,"ele_confid":0,"azi_confid":0},{"elevation":0.0013721105642616749,"super_res_target":0,"scan_index":0,"timestamp":1667974882.205581,"range_rate":-3.5625,"veh_clutter":0,"header":{"sequence_num":76914},"range":69.953125,"near_target":0.0,"amplitude":26.0,"azimuth":-1.086204171180725,"ele_confid":0,"azi_confid":1},{"elevation":0.0013721105642616749,"super_res_target":0,"scan_index":0,"timestamp":1667974882.205581,"range_rate":-2.9375,"veh_clutter":0,"header":{"sequence_num":76914},"range":70.140625,"near_target":0.0,"amplitude":13.0,"azimuth":-0.4263787567615509,"ele_confid":0,"azi_confid":1},{"elevation":0.0013721105642616749,"super_res_target":0,"scan_index":0,"timestamp":1667974882.205581,"range_rate":-3.5625,"veh_clutter":0,"header":{"sequence_num":76914},"range":72.59375,"near_target":0.0,"amplitude":22.0,"azimuth":-1.0405800342559814,"ele_confid":0,"azi_confid":1},{"elevation":0.0013721105642616749,"super_res_target":0,"scan_index":0,"timestamp":1667974882.205581,"range_rate":-3.5625,"veh_clutter":0,"header":{"sequence_num":76914},"range":75.375,"near_target":0.0,"amplitude":23.0,"azimuth":-1.1559823751449585,"ele_confid":0,"azi_confid":1},{"elevation":0.0013721105642616749,"super_res_target":0,"scan_index":0,"timestamp":1667974882.205581,"range_rate":0.5625,"veh_clutter":0,"header":{"sequence_num":76914},"range":75.34375,"near_target":0.0,"amplitude":15.0,"azimuth":0.6973561644554138,"ele_confid":0,"azi_confid":1},{"elevation":0.0013721105642616749,"super_res_target":0,"scan_index":0,"timestamp":1667974882.206007,"range_rate":0.625,"veh_clutter":0,"header":{"sequence_num":76914},"range":75.734375,"near_target":0.0,"amplitude":13.0,"azimuth":0.7111585736274719,"ele_confid":0,"azi_confid":1},{"elevation":0.0013721105642616749,"super_res_target":0,"scan_index":0,"timestamp":1667974882.206007,"range_rate":-3.5625,"veh_clutter":0,"header":{"sequence_num":76914},"range":78.15625,"near_target":0.0,"amplitude":27.0,"azimuth":-1.0513150691986084,"ele_confid":0,"azi_confid":0},{"elevation":0.0013721105642616749,"super_res_target":0,"scan_index":0,"timestamp":1667974882.206007,"range_rate":-3.5625,"veh_clutter":0,"header":{"sequence_num":76914},"range":81.34375,"near_target":0.0,"amplitude":17.0,"azimuth":-1.1310615539550781,"ele_confid":0,"azi_confid":3}],"type":8}
