{"measurement_time":1667974882.125596,"header":{"timestamp_sec":1667974882.1307497,"sequence_num":76918},"range_coverage":100.578125,"aptiv_point":[{"elevation":0.0013721105642616749,"super_res_target":0,"scan_index":2,"timestamp":1667974882.125596,"range_rate":-0.171875,"veh_clutter":0,"header":{"sequence_num":76918},"range":1.546875,"near_target":0.0,"amplitude":-7.0,"azimuth":-0.6498989462852478,"ele_confid":0,"azi_confid":1},{"elevation":0.0013721105642616749,"super_res_target":0,"scan_index":2,"timestamp":1667974882.125596,"range_rate":-0.5,"veh_clutter":0,"header":{"sequence_num":76918},"range":1.546875,"near_target":0.0,"amplitude":-9.0,"azimuth":-0.7365467548370361,"ele_confid":0,"azi_confid":3},{"elevation":0.0013721105642616749,"super_res_target":0,"scan_index":2,"timestamp":1667974882.125596,"range_rate":-0.828125,"veh_clutter":0,"header":{"sequence_num":76918},"range":1.9375,"near_target":0.0,"amplitude":-21.0,"azimuth":-0.7288786768913269,"ele_confid":0,"azi_confid":3},{"elevation":0.0013721105642616749,"super_res_target":0,"scan_index":2,"timestamp":1667974882.125596,"range_rate":-1.578125,"veh_clutter":0,"header":{"sequence_num":76918},"range":1.84375,"near_target":0.0,"amplitude":-12.0,"azimuth":-1.0233272314071655,"ele_confid":0,"azi_confid":3},{"elevation":0.0013721105642616749,"super_res_target":0,"scan_index":2,"timestamp":1667974882.125596,"range_rate":-1.765625,"veh_clutter":0,"header":{"sequence_num":76918},"range":1.8125,"near_target":0.0,"amplitude":-7.0,"azimuth":-1.019109845161438,"ele_confid":0,"azi_confid":2},{"elevation":0.0013721105642616749,"super_res_target":0,"scan_index":2,"timestamp":1667974882.125596,"range_rate":0.109375,"veh_clutter":0,"header":{"sequence_num":76918},"range":1.71875,"near_target":0.0,"amplitude":-17.0,"azimuth":-0.5686189532279968,"ele_confid":0,"azi_confid":2},{"elevation":0.0013721105642616749,"super_res_target":0,"scan_index":2,"timestamp":1667974882.125971,"range_rate":-1.15625,"veh_clutter":0,"header":{"sequence_num":76918},"range":2.140625,"near_target":0.0,"amplitude":-25.0,"azimuth":0.15293309092521667,"ele_confid":0,"azi_confid":3},{"elevation":0.0013721105642616749,"super_res_target":0,"scan_index":2,"timestamp":1667974882.125971,"range_rate":-3.203125,"veh_clutter":0,"header":{"sequence_num":76918},"range":3.96875,"near_target":0.0,"amplitude":-23.0,"azimuth":-1.0129755735397339,"ele_confid":0,"azi_confid":2},{"elevation":0.0013721105642616749,"super_res_target":0,"scan_index":2,"timestamp":1667974882.125971,"range_rate":3.25,"veh_clutter":0,"header":{"sequence_num":76918},"range":4.046875,"near_target":0.0,"amplitude":-6.0,"azimuth":0.6160759925842285,"ele_confid":0,"azi_confid":1},{"elevation":0.0013721105642616749,"super_res_target":0,"scan_index":2,"timestamp":1667974882.125971,"range_rate":2.90625,"veh_clutter":0,"header":{"sequence_num":76918},"range":4.15625,"near_target":0.0,"amplitude":-8.0,"azimuth":0.39792340993881226,"ele_confid":0,"azi_confid":1},{"elevation":0.0013721105642616749,"super_res_target":0,"scan_index":2,"timestamp":1667974882.125971,"range_rate":1.421875,"veh_clutter":0,"header":{"sequence_num":76918},"range":4.40625,"near_target":0.0,"amplitude":-25.0,"azimuth":-0.5245285034179688,"ele_confid":0,"azi_confid":3},{"elevation":0.0013721105642616749,"super_res_target":0,"scan_index":2,"timestamp":1667974882.125971,"range_rate":-1.859375,"veh_clutter":0,"header":{"sequence_num":76918},"range":4.984375,"near_target":0.0,"amplitude":-26.0,"azimuth":-1.0440306663513184,"ele_confid":0,"azi_confid":3},{"elevation":0.0013721105642616749,"super_res_target":0,"scan_index":2,"timestamp":1667974882.126349,"range_rate":3.171875,"veh_clutter":0,"header":{"sequence_num":76918},"range":5.96875,"near_target":0.0,"amplitude":4.0,"azimuth":1.2471466064453125,"ele_confid":0,"azi_confid":2},{"elevation":0.0013721105642616749,"super_res_target":0,"scan_index":2,"timestamp":1667974882.126349,"range_rate":3.390625,"veh_clutter":0,"header":{"sequence_num":76918},"range":6.953125,"near_target":0.0,"amplitude":-1.0,"azimuth":0.7452808618545532,"ele_confid":0,"azi_confid":1},{"elevation":0.0013721105642616749,"super_res_target":0,"scan_index":2,"timestamp":1667974882.126349,"range_rate":0.34375,"veh_clutter":0,"header":{"sequence_num":76918},"range":7.140625,"near_target":0.0,"amplitude":7.0,"azimuth":-0.4578173756599426,"ele_confid":0,"azi_confid":1},{"elevation":0.0013721105642616749,"super_res_target":0,"scan_index":2,"timestamp":1667974882.126349,"range_rate":1.59375,"veh_clutter":0,"header":{"sequence_num":76918},"range":7.953125,"near_target":0.0,"amplitude":10.0,"azimuth":-0.11237714439630508,"ele_confid":0,"azi_confid":1},{"elevation":0.0013721105642616749,"super_res_target":0,"scan_index":2,"timestamp":1667974882.126349,"range_rate":1.109375,"veh_clutter":0,"header":{"sequence_num":76918},"range":7.59375,"near_target":0.0,"amplitude":-1.0,"azimuth":-0.23429718613624573,"ele_confid":0,"azi_confid":1},{"elevation":0.0013721105642616749,"super_res_target":0,"scan_index":2,"timestamp":1667974882.126349,"range_rate":1.828125,"veh_clutter":0,"header":{"sequence_num":76918},"range":8.21875,"near_target":0.0,"amplitude":1.0,"azimuth":-0.28222182393074036,"ele_confid":0,"azi_confid":3},{"elevation":0.0013721105642616749,"super_res_target":0,"scan_index":2,"timestamp":1667974882.126726,"range_rate":3.484375,"veh_clutter":0,"header":{"sequence_num":76918},"range":9.640625,"near_target":0.0,"amplitude":7.0,"azimuth":0.7817032933235168,"ele_confid":0,"azi_confid":2},{"elevation":0.0013721105642616749,"super_res_target":0,"scan_index":2,"timestamp":1667974882.126726,"range_rate":2.359375,"veh_clutter":0,"header":{"sequence_num":76918},"range":9.546875,"near_target":0.0,"amplitude":14.0,"azimuth":0.15983439981937408,"ele_confid":0,"azi_confid":0},{"elevation":0.0013721105642616749,"super_res_target":0,"scan_index":2,"timestamp":1667974882.126726,"range_rate":2.671875,"veh_clutter":0,"header":{"sequence_num":76918},"range":11.0,"near_target":0.0,"amplitude":-9.0,"azimuth":0.262967973947525,"ele_confid":0,"azi_confid":3},{"elevation":0.0013721105642616749,"super_res_target":0,"scan_index":2,"timestamp":1667974882.126726,"range_rate":0.8125,"veh_clutter":0,"header":{"sequence_num":76918},"range":11.28125,"near_target":0.0,"amplitude":-8.0,"azimuth":0.13529683649539948,"ele_confid":0,"azi_confid":1},{"elevation":0.0013721105642616749,"super_res_target":0,"scan_index":2,"timestamp":1667974882.126726,"range_rate":3.375,"veh_clutter":0,"header":{"sequence_num":76918},"range":11.71875,"near_target":0.0,"amplitude":0.0,"azimuth":0.6919885873794556,"ele_confid":0,"azi_confid":2},{"elevation":0.0013721105642616749,"super_res_target":0,"scan_index":2,"timestamp":1667974882.126726,"range_rate":1.046875,"veh_clutter":0,"header":{"sequence_num":76918},"range":11.953125,"near_target":0.0,"amplitude":-9.0,"azimuth":-0.2592179775238037,"ele_confid":0,"azi_confid":3},{"elevation":0.0013721105642616749,"super_res_target":0,"scan_index":2,"timestamp":1667974882.127218,"range_rate":3.484375,"veh_clutter":0,"header":{"sequence_num":76918},"range":12.71875,"near_target":0.0,"amplitude":-4.0,"azimuth":0.866050660610199,"ele_confid":0,"azi_confid":3},{"elevation":0.0013721105642616749,"super_res_target":0,"scan_index":2,"timestamp":1667974882.127218,"range_rate":1.90625,"veh_clutter":0,"header":{"sequence_num":76918},"range":12.75,"near_target":0.0,"amplitude":-7.0,"azimuth":-0.39762407541275024,"ele_confid":0,"azi_confid":3},{"elevation":0.0013721105642616749,"super_res_target":0,"scan_index":2,"timestamp":1667974882.127218,"range_rate":2.78125,"veh_clutter":0,"header":{"sequence_num":76918},"range":13.46875,"near_target":0.0,"amplitude":-8.0,"azimuth":0.8142921328544617,"ele_confid":0,"azi_confid":3},{"elevation":0.0013721105642616749,"super_res_target":0,"scan_index":2,"timestamp":1667974882.127218,"range_rate":2.484375,"veh_clutter":0,"header":{"sequence_num":76918},"range":13.65625,"near_target":0.0,"amplitude":-10.0,"azimuth":0.02027810737490654,"ele_confid":0,"azi_confid":1},{"elevation":0.0013721105642616749,"super_res_target":0,"scan_index":2,"timestamp":1667974882.127218,"range_rate":3.5,"veh_clutter":0,"header":{"sequence_num":76918},"range":16.296875,"near_target":0.0,"amplitude":9.0,"azimuth":0.8614497780799866,"ele_confid":0,"azi_confid":1},{"elevation":0.0013721105642616749,"super_res_target":0,"scan_index":2,"timestamp":1667974882.127218,"range_rate":1.125,"veh_clutter":0,"header":{"sequence_num":76918},"range":17.421875,"near_target":0.0,"amplitude":-13.0,"azimuth":0.7303282618522644,"ele_confid":0,"azi_confid":3},{"elevation":0.0013721105642616749,"super_res_target":0,"scan_index":2,"timestamp":1667974882.127706,"range_rate":0.921875,"veh_clutter":0,"header":{"sequence_num":76918},"range":17.296875,"near_target":0.0,"amplitude":-11.0,"azimuth":-0.3849721848964691,"ele_confid":0,"azi_confid":3},{"elevation":0.0013721105642616749,"super_res_target":0,"scan_index":2,"timestamp":1667974882.127706,"range_rate":0.578125,"veh_clutter":0,"header":{"sequence_num":76918},"range":17.171875,"near_target":0.0,"amplitude":-8.0,"azimuth":-0.40452536940574646,"ele_confid":0,"azi_confid":1},{"elevation":0.0013721105642616749,"super_res_target":0,"scan_index":2,"timestamp":1667974882.127706,"range_rate":2.734375,"veh_clutter":0,"header":{"sequence_num":76918},"range":18.1875,"near_target":0.0,"amplitude":-17.0,"azimuth":-0.6775036454200745,"ele_confid":0,"azi_confid":3},{"elevation":0.0013721105642616749,"super_res_target":0,"scan_index":2,"timestamp":1667974882.127706,"range_rate":0.703125,"veh_clutter":0,"header":{"sequence_num":76918},"range":20.046875,"near_target":0.0,"amplitude":-11.0,"azimuth":-0.3251621127128601,"ele_confid":0,"azi_confid":3},{"elevation":0.0013721105642616749,"super_res_target":0,"scan_index":2,"timestamp":1667974882.127706,"range_rate":0.3125,"veh_clutter":0,"header":{"sequence_num":76918},"range":19.859375,"near_target":0.0,"amplitude":-14.0,"azimuth":-0.47545361518859863,"ele_confid":0,"azi_confid":3},{"elevation":0.0013721105642616749,"super_res_target":0,"scan_index":2,"timestamp":1667974882.127706,"range_rate":3.34375,"veh_clutter":0,"header":{"sequence_num":76918},"range":20.625,"near_target":0.0,"amplitude":-10.0,"azimuth":0.7203600406646729,"ele_confid":0,"azi_confid":3},{"elevation":0.0013721105642616749,"super_res_target":0,"scan_index":2,"timestamp":1667974882.129225,"range_rate":2.40625,"veh_clutter":0,"header":{"sequence_num":76918},"range":20.53125,"near_target":0.0,"amplitude":-11.0,"azimuth":0.19472341239452362,"ele_confid":0,"azi_confid":3},{"elevation":0.0013721105642616749,"super_res_target":0,"scan_index":2,"timestamp":1667974882.129225,"range_rate":3.859375,"veh_clutter":0,"header":{"sequence_num":76918},"range":21.515625,"near_target":0.0,"amplitude":-1.0,"azimuth":-0.27263686060905457,"ele_confid":0,"azi_confid":1},{"elevation":0.0013721105642616749,"super_res_target":0,"scan_index":2,"timestamp":1667974882.129225,"range_rate":3.1875,"veh_clutter":0,"header":{"sequence_num":76918},"range":21.484375,"near_target":0.0,"amplitude":2.0,"azimuth":1.2950712442398071,"ele_confid":0,"azi_confid":3},{"elevation":0.0013721105642616749,"super_res_target":0,"scan_index":2,"timestamp":1667974882.129225,"range_rate":4.203125,"veh_clutter":0,"header":{"sequence_num":76918},"range":22.921875,"near_target":0.0,"amplitude":-8.0,"azimuth":-0.23774784803390503,"ele_confid":0,"azi_confid":3},{"elevation":0.0013721105642616749,"super_res_target":0,"scan_index":2,"timestamp":1667974882.129225,"range_rate":3.453125,"veh_clutter":0,"header":{"sequence_num":76918},"range":23.046875,"near_target":0.0,"amplitude":2.0,"azimuth":-0.30829286575317383,"ele_confid":0,"azi_confid":3},{"elevation":0.0013721105642616749,"super_res_target":0,"scan_index":2,"timestamp":1667974882.129225,"range_rate":1.625,"veh_clutter":0,"header":{"sequence_num":76918},"range":23.90625,"near_target":0.0,"amplitude":-4.0,"azimuth":-0.09129049628973007,"ele_confid":0,"azi_confid":1},{"elevation":0.0013721105642616749,"super_res_target":0,"scan_index":2,"timestamp":1667974882.1296,"range_rate":4.796875,"veh_clutter":0,"header":{"sequence_num":76918},"range":25.5625,"near_target":0.0,"amplitude":-7.0,"azimuth":-0.19595752656459808,"ele_confid":0,"azi_confid":3},{"elevation":0.0013721105642616749,"super_res_target":0,"scan_index":2,"timestamp":1667974882.1296,"range_rate":0.34375,"veh_clutter":0,"header":{"sequence_num":76918},"range":27.59375,"near_target":0.0,"amplitude":-10.0,"azimuth":-0.47890427708625793,"ele_confid":0,"azi_confid":3},{"elevation":0.0013721105642616749,"super_res_target":0,"scan_index":2,"timestamp":1667974882.1296,"range_rate":2.375,"veh_clutter":0,"header":{"sequence_num":76918},"range":29.328125,"near_target":0.0,"amplitude":8.0,"azimuth":0.17402000725269318,"ele_confid":0,"azi_confid":1},{"elevation":0.0013721105642616749,"super_res_target":0,"scan_index":2,"timestamp":1667974882.1296,"range_rate":2.53125,"veh_clutter":0,"header":{"sequence_num":76918},"range":30.421875,"near_target":0.0,"amplitude":11.0,"azimuth":0.22616203129291534,"ele_confid":0,"azi_confid":1},{"elevation":0.0013721105642616749,"super_res_target":0,"scan_index":2,"timestamp":1667974882.1296,"range_rate":0.375,"veh_clutter":0,"header":{"sequence_num":76918},"range":31.171875,"near_target":0.0,"amplitude":5.0,"azimuth":-0.4509163200855255,"ele_confid":0,"azi_confid":1},{"elevation":0.0013721105642616749,"super_res_target":0,"scan_index":2,"timestamp":1667974882.1296,"range_rate":3.515625,"veh_clutter":0,"header":{"sequence_num":76918},"range":35.296875,"near_target":0.0,"amplitude":0.0,"azimuth":0.976852297782898,"ele_confid":0,"azi_confid":3},{"elevation":0.0013721105642616749,"super_res_target":0,"scan_index":2,"timestamp":1667974882.129973,"range_rate":0.484375,"veh_clutter":0,"header":{"sequence_num":76918},"range":37.0625,"near_target":0.0,"amplitude":5.0,"azimuth":-0.4194777011871338,"ele_confid":0,"azi_confid":1},{"elevation":0.0013721105642616749,"super_res_target":0,"scan_index":2,"timestamp":1667974882.129973,"range_rate":3.515625,"veh_clutter":0,"header":{"sequence_num":76918},"range":37.90625,"near_target":0.0,"amplitude":-2.0,"azimuth":0.976852297782898,"ele_confid":0,"azi_confid":3},{"elevation":0.0013721105642616749,"super_res_target":0,"scan_index":2,"timestamp":1667974882.129973,"range_rate":0.65625,"veh_clutter":0,"header":{"sequence_num":76918},"range":40.140625,"near_target":0.0,"amplitude":3.0,"azimuth":-0.36350178718566895,"ele_confid":0,"azi_confid":1},{"elevation":0.0013721105642616749,"super_res_target":0,"scan_index":2,"timestamp":1667974882.129973,"range_rate":0.515625,"veh_clutter":0,"header":{"sequence_num":76918},"range":39.75,"near_target":0.0,"amplitude":1.0,"azimuth":-0.4263787567615509,"ele_confid":0,"azi_confid":1},{"elevation":0.0013721105642616749,"super_res_target":0,"scan_index":2,"timestamp":1667974882.129973,"range_rate":3.515625,"veh_clutter":0,"header":{"sequence_num":76918},"range":40.796875,"near_target":0.0,"amplitude":3.0,"azimuth":0.9419630169868469,"ele_confid":0,"azi_confid":3},{"elevation":0.0013721105642616749,"super_res_target":0,"scan_index":2,"timestamp":1667974882.129973,"range_rate":0.765625,"veh_clutter":0,"header":{"sequence_num":76918},"range":40.484375,"near_target":0.0,"amplitude":3.0,"azimuth":-0.3251621127128601,"ele_confid":0,"azi_confid":1},{"elevation":0.0013721105642616749,"super_res_target":0,"scan_index":2,"timestamp":1667974882.130349,"range_rate":1.234375,"veh_clutter":0,"header":{"sequence_num":76918},"range":41.59375,"near_target":0.0,"amplitude":-1.0,"azimuth":-0.15416747331619263,"ele_confid":0,"azi_confid":3},{"elevation":0.0013721105642616749,"super_res_target":0,"scan_index":2,"timestamp":1667974882.130349,"range_rate":0.921875,"veh_clutter":0,"header":{"sequence_num":76918},"range":41.421875,"near_target":0.0,"amplitude":1.0,"azimuth":-0.28567248582839966,"ele_confid":0,"azi_confid":3},{"elevation":0.0013721105642616749,"super_res_target":0,"scan_index":2,"timestamp":1667974882.130349,"range_rate":3.515625,"veh_clutter":0,"header":{"sequence_num":76918},"range":43.203125,"near_target":0.0,"amplitude":-4.0,"azimuth":1.070784330368042,"ele_confid":0,"azi_confid":3},{"elevation":0.0013721105642616749,"super_res_target":0,"scan_index":2,"timestamp":1667974882.130349,"range_rate":1.71875,"veh_clutter":0,"header":{"sequence_num":76918},"range":45.0,"near_target":0.0,"amplitude":0.0,"azimuth":-0.08093879371881485,"ele_confid":0,"azi_confid":3},{"elevation":0.0013721105642616749,"super_res_target":0,"scan_index":2,"timestamp":1667974882.130349,"range_rate":1.921875,"veh_clutter":0,"header":{"sequence_num":76918},"range":46.859375,"near_target":0.0,"amplitude":0.0,"azimuth":-0.007709851488471031,"ele_confid":0,"azi_confid":3},{"elevation":0.0013721105642616749,"super_res_target":0,"scan_index":2,"timestamp":1667974882.130349,"range_rate":0.703125,"veh_clutter":0,"header":{"sequence_num":76918},"range":46.71875,"near_target":0.0,"amplitude":8.0,"azimuth":-0.373853474855423,"ele_confid":0,"azi_confid":1},{"elevation":0.0013721105642616749,"super_res_target":0,"scan_index":2,"timestamp":1667974882.130649,"range_rate":3.515625,"veh_clutter":0,"header":{"sequence_num":76918},"range":49.5625,"near_target":0.0,"amplitude":12.0,"azimuth":0.944646954536438,"ele_confid":0,"azi_confid":3},{"elevation":0.0013721105642616749,"super_res_target":0,"scan_index":2,"timestamp":1667974882.130649,"range_rate":0.40625,"veh_clutter":0,"header":{"sequence_num":76918},"range":50.0,"near_target":0.0,"amplitude":1.0,"azimuth":-0.43673044443130493,"ele_confid":0,"azi_confid":1},{"elevation":0.0013721105642616749,"super_res_target":0,"scan_index":2,"timestamp":1667974882.130649,"range_rate":2.203125,"veh_clutter":0,"header":{"sequence_num":76918},"range":50.71875,"near_target":0.0,"amplitude":18.0,"azimuth":0.11459342390298843,"ele_confid":0,"azi_confid":1},{"elevation":0.0013721105642616749,"super_res_target":0,"scan_index":2,"timestamp":1667974882.130649,"range_rate":3.53125,"veh_clutter":0,"header":{"sequence_num":76918},"range":52.65625,"near_target":0.0,"amplitude":12.0,"azimuth":0.9711011648178101,"ele_confid":0,"azi_confid":3}],"type":8}
