{"measurement_time":1667974882.416249,"header":{"timestamp_sec":1667974882.4238744,"sequence_num":76924},"range_coverage":93.015625,"aptiv_point":[{"elevation":0.0013721105642616749,"super_res_target":0,"scan_index":0,"timestamp":1667974882.416249,"range_rate":-1.390625,"veh_clutter":0,"header":{"sequence_num":76924},"range":4.515625,"near_target":0.0,"amplitude":-2.0,"azimuth":0.8403631448745728,"ele_confid":0,"azi_confid":1},{"elevation":0.0013721105642616749,"super_res_target":0,"scan_index":0,"timestamp":1667974882.416249,"range_rate":1.859375,"veh_clutter":0,"header":{"sequence_num":76924},"range":4.5,"near_target":0.0,"amplitude":-20.0,"azimuth":-0.10432587563991547,"ele_confid":0,"azi_confid":3},{"elevation":0.0013721105642616749,"super_res_target":0,"scan_index":0,"timestamp":1667974882.416249,"range_rate":1.671875,"veh_clutter":0,"header":{"sequence_num":76924},"range":4.34375,"near_target":0.0,"amplitude":-22.0,"azimuth":0.014910506084561348,"ele_confid":0,"azi_confid":3},{"elevation":0.0013721105642616749,"super_res_target":0,"scan_index":0,"timestamp":1667974882.416249,"range_rate":2.59375,"veh_clutter":0,"header":{"sequence_num":76924},"range":5.640625,"near_target":0.0,"amplitude":-13.0,"azimuth":-0.37768763303756714,"ele_confid":0,"azi_confid":1},{"elevation":0.0013721105642616749,"super_res_target":0,"scan_index":0,"timestamp":1667974882.416249,"range_rate":-0.046875,"veh_clutter":0,"header":{"sequence_num":76924},"range":5.90625,"near_target":0.0,"amplitude":-1.0,"azimuth":-1.1525318622589111,"ele_confid":0,"azi_confid":1},{"elevation":0.0013721105642616749,"super_res_target":0,"scan_index":0,"timestamp":1667974882.416249,"range_rate":0.953125,"veh_clutter":0,"header":{"sequence_num":76924},"range":7.375,"near_target":0.0,"amplitude":-11.0,"azimuth":0.23536351323127747,"ele_confid":0,"azi_confid":3},{"elevation":0.0013721105642616749,"super_res_target":0,"scan_index":0,"timestamp":1667974882.418153,"range_rate":0.25,"veh_clutter":0,"header":{"sequence_num":76924},"range":7.0625,"near_target":0.0,"amplitude":-16.0,"azimuth":0.3822043538093567,"ele_confid":0,"azi_confid":3},{"elevation":0.0013721105642616749,"super_res_target":0,"scan_index":0,"timestamp":1667974882.418153,"range_rate":-1.265625,"veh_clutter":0,"header":{"sequence_num":76924},"range":8.125,"near_target":0.0,"amplitude":-15.0,"azimuth":0.7951221466064453,"ele_confid":0,"azi_confid":3},{"elevation":0.0013721105642616749,"super_res_target":0,"scan_index":0,"timestamp":1667974882.418153,"range_rate":1.171875,"veh_clutter":0,"header":{"sequence_num":76924},"range":7.625,"near_target":0.0,"amplitude":-11.0,"azimuth":0.11075954139232635,"ele_confid":0,"azi_confid":1},{"elevation":0.0013721105642616749,"super_res_target":0,"scan_index":0,"timestamp":1667974882.418153,"range_rate":2.015625,"veh_clutter":0,"header":{"sequence_num":76924},"range":8.765625,"near_target":0.0,"amplitude":-10.0,"azimuth":-0.15416747331619263,"ele_confid":0,"azi_confid":1},{"elevation":0.0013721105642616749,"super_res_target":0,"scan_index":0,"timestamp":1667974882.418153,"range_rate":2.859375,"veh_clutter":0,"header":{"sequence_num":76924},"range":12.34375,"near_target":0.0,"amplitude":-8.0,"azimuth":-0.47545361518859863,"ele_confid":0,"azi_confid":1},{"elevation":0.0013721105642616749,"super_res_target":0,"scan_index":0,"timestamp":1667974882.418153,"range_rate":1.0625,"veh_clutter":0,"header":{"sequence_num":76924},"range":13.171875,"near_target":0.0,"amplitude":-5.0,"azimuth":0.13337989151477814,"ele_confid":0,"azi_confid":3},{"elevation":0.0013721105642616749,"super_res_target":0,"scan_index":0,"timestamp":1667974882.418535,"range_rate":-0.265625,"veh_clutter":0,"header":{"sequence_num":76924},"range":14.46875,"near_target":0.0,"amplitude":-3.0,"azimuth":0.5267447829246521,"ele_confid":0,"azi_confid":1},{"elevation":0.0013721105642616749,"super_res_target":0,"scan_index":0,"timestamp":1667974882.418535,"range_rate":0.046875,"veh_clutter":0,"header":{"sequence_num":76924},"range":15.21875,"near_target":0.0,"amplitude":12.0,"azimuth":0.43933022022247314,"ele_confid":0,"azi_confid":0},{"elevation":0.0013721105642616749,"super_res_target":0,"scan_index":0,"timestamp":1667974882.418535,"range_rate":-0.5625,"veh_clutter":0,"header":{"sequence_num":76924},"range":14.78125,"near_target":0.0,"amplitude":-8.0,"azimuth":0.5995899438858032,"ele_confid":0,"azi_confid":1},{"elevation":0.0013721105642616749,"super_res_target":0,"scan_index":0,"timestamp":1667974882.418535,"range_rate":0.984375,"veh_clutter":0,"header":{"sequence_num":76924},"range":15.03125,"near_target":0.0,"amplitude":-9.0,"azimuth":-0.19940818846225739,"ele_confid":0,"azi_confid":3},{"elevation":0.0013721105642616749,"super_res_target":0,"scan_index":0,"timestamp":1667974882.418535,"range_rate":0.53125,"veh_clutter":0,"header":{"sequence_num":76924},"range":14.890625,"near_target":0.0,"amplitude":-4.0,"azimuth":0.3396473228931427,"ele_confid":0,"azi_confid":3},{"elevation":0.0013721105642616749,"super_res_target":0,"scan_index":0,"timestamp":1667974882.418535,"range_rate":-0.859375,"veh_clutter":0,"header":{"sequence_num":76924},"range":18.546875,"near_target":0.0,"amplitude":0.0,"azimuth":0.679336428642273,"ele_confid":0,"azi_confid":3},{"elevation":0.0013721105642616749,"super_res_target":0,"scan_index":0,"timestamp":1667974882.418911,"range_rate":1.078125,"veh_clutter":0,"header":{"sequence_num":76924},"range":17.921875,"near_target":0.0,"amplitude":-7.0,"azimuth":0.10270827263593674,"ele_confid":0,"azi_confid":3},{"elevation":0.0013721105642616749,"super_res_target":0,"scan_index":0,"timestamp":1667974882.418911,"range_rate":2.09375,"veh_clutter":0,"header":{"sequence_num":76924},"range":18.921875,"near_target":0.0,"amplitude":-1.0,"azimuth":-0.18100520968437195,"ele_confid":0,"azi_confid":3},{"elevation":0.0013721105642616749,"super_res_target":0,"scan_index":0,"timestamp":1667974882.418911,"range_rate":1.078125,"veh_clutter":0,"header":{"sequence_num":76924},"range":20.5,"near_target":0.0,"amplitude":-13.0,"azimuth":-0.28682243824005127,"ele_confid":0,"azi_confid":3},{"elevation":0.0013721105642616749,"super_res_target":0,"scan_index":0,"timestamp":1667974882.418911,"range_rate":-1.140625,"veh_clutter":0,"header":{"sequence_num":76924},"range":22.078125,"near_target":0.0,"amplitude":-11.0,"azimuth":0.7721185684204102,"ele_confid":0,"azi_confid":3},{"elevation":0.0013721105642616749,"super_res_target":0,"scan_index":0,"timestamp":1667974882.418911,"range_rate":2.546875,"veh_clutter":0,"header":{"sequence_num":76924},"range":22.390625,"near_target":0.0,"amplitude":-4.0,"azimuth":-0.3393479883670807,"ele_confid":0,"azi_confid":1},{"elevation":0.0013721105642616749,"super_res_target":0,"scan_index":0,"timestamp":1667974882.418911,"range_rate":1.078125,"veh_clutter":0,"header":{"sequence_num":76924},"range":24.625,"near_target":0.0,"amplitude":-8.0,"azimuth":0.15983439981937408,"ele_confid":0,"azi_confid":3},{"elevation":0.0013721105642616749,"super_res_target":0,"scan_index":0,"timestamp":1667974882.419493,"range_rate":-0.265625,"veh_clutter":0,"header":{"sequence_num":76924},"range":25.75,"near_target":0.0,"amplitude":-7.0,"azimuth":0.4864881634712219,"ele_confid":0,"azi_confid":3},{"elevation":0.0013721105642616749,"super_res_target":0,"scan_index":0,"timestamp":1667974882.419493,"range_rate":-2.890625,"veh_clutter":0,"header":{"sequence_num":76924},"range":26.390625,"near_target":0.0,"amplitude":-8.0,"azimuth":1.2237595319747925,"ele_confid":0,"azi_confid":3},{"elevation":0.0013721105642616749,"super_res_target":0,"scan_index":0,"timestamp":1667974882.419493,"range_rate":1.078125,"veh_clutter":0,"header":{"sequence_num":76924},"range":26.71875,"near_target":0.0,"amplitude":-11.0,"azimuth":0.14603203535079956,"ele_confid":0,"azi_confid":3},{"elevation":0.0013721105642616749,"super_res_target":0,"scan_index":0,"timestamp":1667974882.419493,"range_rate":-0.484375,"veh_clutter":0,"header":{"sequence_num":76924},"range":27.796875,"near_target":0.0,"amplitude":-9.0,"azimuth":-0.6280452609062195,"ele_confid":0,"azi_confid":3},{"elevation":0.0013721105642616749,"super_res_target":0,"scan_index":0,"timestamp":1667974882.419493,"range_rate":-1.53125,"veh_clutter":0,"header":{"sequence_num":76924},"range":27.828125,"near_target":0.0,"amplitude":-7.0,"azimuth":0.8990227580070496,"ele_confid":0,"azi_confid":3},{"elevation":0.0013721105642616749,"super_res_target":0,"scan_index":0,"timestamp":1667974882.419493,"range_rate":0.0,"veh_clutter":0,"header":{"sequence_num":76924},"range":33.515625,"near_target":0.0,"amplitude":-9.0,"azimuth":0.45658326148986816,"ele_confid":0,"azi_confid":1},{"elevation":0.0013721105642616749,"super_res_target":0,"scan_index":0,"timestamp":1667974882.42021,"range_rate":1.078125,"veh_clutter":0,"header":{"sequence_num":76924},"range":33.515625,"near_target":0.0,"amplitude":-10.0,"azimuth":-0.318261057138443,"ele_confid":0,"azi_confid":3},{"elevation":0.0013721105642616749,"super_res_target":0,"scan_index":0,"timestamp":1667974882.42021,"range_rate":-3.015625,"veh_clutter":0,"header":{"sequence_num":76924},"range":35.9375,"near_target":0.0,"amplitude":-5.0,"azimuth":-0.049500174820423126,"ele_confid":0,"azi_confid":3},{"elevation":0.0013721105642616749,"super_res_target":0,"scan_index":0,"timestamp":1667974882.42021,"range_rate":-0.1875,"veh_clutter":0,"header":{"sequence_num":76924},"range":37.625,"near_target":0.0,"amplitude":-9.0,"azimuth":0.5087250471115112,"ele_confid":0,"azi_confid":3},{"elevation":0.0013721105642616749,"super_res_target":0,"scan_index":0,"timestamp":1667974882.42021,"range_rate":-2.875,"veh_clutter":0,"header":{"sequence_num":76924},"range":43.984375,"near_target":0.0,"amplitude":-3.0,"azimuth":0.0831550732254982,"ele_confid":0,"azi_confid":3},{"elevation":0.0013721105642616749,"super_res_target":0,"scan_index":0,"timestamp":1667974882.42021,"range_rate":0.078125,"veh_clutter":0,"header":{"sequence_num":76924},"range":5.90625,"near_target":1.0,"amplitude":-15.0,"azimuth":0.21657705307006836,"ele_confid":0,"azi_confid":3},{"elevation":0.0013721105642616749,"super_res_target":0,"scan_index":0,"timestamp":1667974882.42021,"range_rate":3.546875,"veh_clutter":0,"header":{"sequence_num":76924},"range":15.234375,"near_target":0.0,"amplitude":12.0,"azimuth":-1.0513150691986084,"ele_confid":0,"azi_confid":0},{"elevation":0.0013721105642616749,"super_res_target":0,"scan_index":0,"timestamp":1667974882.420683,"range_rate":3.53125,"veh_clutter":0,"header":{"sequence_num":76924},"range":11.65625,"near_target":0.0,"amplitude":2.0,"azimuth":-1.0643506050109863,"ele_confid":0,"azi_confid":3},{"elevation":0.0013721105642616749,"super_res_target":0,"scan_index":0,"timestamp":1667974882.420683,"range_rate":3.546875,"veh_clutter":0,"header":{"sequence_num":76924},"range":21.296875,"near_target":0.0,"amplitude":15.0,"azimuth":-1.0547657012939453,"ele_confid":0,"azi_confid":0},{"elevation":0.0013721105642616749,"super_res_target":0,"scan_index":0,"timestamp":1667974882.420683,"range_rate":3.546875,"veh_clutter":0,"header":{"sequence_num":76924},"range":23.9375,"near_target":0.0,"amplitude":8.0,"azimuth":-1.0547657012939453,"ele_confid":0,"azi_confid":0},{"elevation":0.0013721105642616749,"super_res_target":0,"scan_index":0,"timestamp":1667974882.420683,"range_rate":3.546875,"veh_clutter":0,"header":{"sequence_num":76924},"range":18.296875,"near_target":0.0,"amplitude":13.0,"azimuth":-1.06166672706604,"ele_confid":0,"azi_confid":0},{"elevation":0.0013721105642616749,"super_res_target":0,"scan_index":0,"timestamp":1667974882.420683,"range_rate":3.546875,"veh_clutter":0,"header":{"sequence_num":76924},"range":29.90625,"near_target":0.0,"amplitude":15.0,"azimuth":-1.0582162141799927,"ele_confid":0,"azi_confid":0},{"elevation":0.0013721105642616749,"super_res_target":0,"scan_index":0,"timestamp":1667974882.420683,"range_rate":3.5,"veh_clutter":0,"header":{"sequence_num":76924},"range":6.859375,"near_target":0.0,"amplitude":8.0,"azimuth":-0.9569995999336243,"ele_confid":0,"azi_confid":0},{"elevation":0.0013721105642616749,"super_res_target":0,"scan_index":0,"timestamp":1667974882.42119,"range_rate":3.53125,"veh_clutter":0,"header":{"sequence_num":76924},"range":26.859375,"near_target":0.0,"amplitude":6.0,"azimuth":-1.0233272314071655,"ele_confid":0,"azi_confid":1},{"elevation":0.0013721105642616749,"super_res_target":0,"scan_index":0,"timestamp":1667974882.42119,"range_rate":3.53125,"veh_clutter":0,"header":{"sequence_num":76924},"range":56.484375,"near_target":0.0,"amplitude":14.0,"azimuth":-1.06166672706604,"ele_confid":0,"azi_confid":1},{"elevation":0.0013721105642616749,"super_res_target":0,"scan_index":0,"timestamp":1667974882.42119,"range_rate":3.546875,"veh_clutter":0,"header":{"sequence_num":76924},"range":35.734375,"near_target":0.0,"amplitude":19.0,"azimuth":-1.0793030261993408,"ele_confid":0,"azi_confid":0},{"elevation":0.0013721105642616749,"super_res_target":0,"scan_index":0,"timestamp":1667974882.42119,"range_rate":3.546875,"veh_clutter":0,"header":{"sequence_num":76924},"range":41.78125,"near_target":0.0,"amplitude":9.0,"azimuth":-1.0793030261993408,"ele_confid":0,"azi_confid":0},{"elevation":0.0013721105642616749,"super_res_target":0,"scan_index":0,"timestamp":1667974882.42119,"range_rate":3.546875,"veh_clutter":0,"header":{"sequence_num":76924},"range":32.71875,"near_target":0.0,"amplitude":4.0,"azimuth":-1.0965559482574463,"ele_confid":0,"azi_confid":1},{"elevation":0.0013721105642616749,"super_res_target":0,"scan_index":0,"timestamp":1667974882.42119,"range_rate":3.546875,"veh_clutter":0,"header":{"sequence_num":76924},"range":53.4375,"near_target":0.0,"amplitude":13.0,"azimuth":-1.0793030261993408,"ele_confid":0,"azi_confid":1},{"elevation":0.0013721105642616749,"super_res_target":0,"scan_index":0,"timestamp":1667974882.42261,"range_rate":3.546875,"veh_clutter":0,"header":{"sequence_num":76924},"range":44.625,"near_target":0.0,"amplitude":18.0,"azimuth":-1.086204171180725,"ele_confid":0,"azi_confid":0},{"elevation":0.0013721105642616749,"super_res_target":0,"scan_index":0,"timestamp":1667974882.42261,"range_rate":3.53125,"veh_clutter":0,"header":{"sequence_num":76924},"range":71.8125,"near_target":0.0,"amplitude":4.0,"azimuth":-1.0283113718032837,"ele_confid":0,"azi_confid":2},{"elevation":0.0013721105642616749,"super_res_target":0,"scan_index":0,"timestamp":1667974882.42261,"range_rate":3.546875,"veh_clutter":0,"header":{"sequence_num":76924},"range":38.703125,"near_target":0.0,"amplitude":-1.0,"azimuth":-1.1145755052566528,"ele_confid":0,"azi_confid":2},{"elevation":0.0013721105642616749,"super_res_target":0,"scan_index":0,"timestamp":1667974882.42261,"range_rate":3.546875,"veh_clutter":0,"header":{"sequence_num":76924},"range":50.453125,"near_target":0.0,"amplitude":12.0,"azimuth":-1.093105435371399,"ele_confid":0,"azi_confid":0},{"elevation":0.0013721105642616749,"super_res_target":0,"scan_index":0,"timestamp":1667974882.42261,"range_rate":3.5625,"veh_clutter":0,"header":{"sequence_num":76924},"range":47.734375,"near_target":0.0,"amplitude":1.0,"azimuth":-1.0965559482574463,"ele_confid":0,"azi_confid":1},{"elevation":0.0013721105642616749,"super_res_target":0,"scan_index":0,"timestamp":1667974882.42261,"range_rate":3.515625,"veh_clutter":0,"header":{"sequence_num":76924},"range":84.0625,"near_target":0.0,"amplitude":3.0,"azimuth":-1.0091415643692017,"ele_confid":0,"azi_confid":2},{"elevation":0.0013721105642616749,"super_res_target":0,"scan_index":0,"timestamp":1667974882.423321,"range_rate":3.546875,"veh_clutter":0,"header":{"sequence_num":76924},"range":64.875,"near_target":0.0,"amplitude":11.0,"azimuth":-1.1000064611434937,"ele_confid":0,"azi_confid":1},{"elevation":0.0013721105642616749,"super_res_target":0,"scan_index":0,"timestamp":1667974882.423321,"range_rate":3.3125,"veh_clutter":0,"header":{"sequence_num":76924},"range":11.890625,"near_target":0.0,"amplitude":-3.0,"azimuth":-0.7369299530982971,"ele_confid":0,"azi_confid":0},{"elevation":0.0013721105642616749,"super_res_target":0,"scan_index":0,"timestamp":1667974882.423321,"range_rate":3.546875,"veh_clutter":0,"header":{"sequence_num":76924},"range":59.265625,"near_target":0.0,"amplitude":11.0,"azimuth":-1.1394963264465332,"ele_confid":0,"azi_confid":2},{"elevation":0.0013721105642616749,"super_res_target":0,"scan_index":0,"timestamp":1667974882.423321,"range_rate":3.5,"veh_clutter":0,"header":{"sequence_num":76924},"range":62.484375,"near_target":0.0,"amplitude":7.0,"azimuth":-0.9685015678405762,"ele_confid":0,"azi_confid":3},{"elevation":0.0013721105642616749,"super_res_target":0,"scan_index":0,"timestamp":1667974882.423321,"range_rate":2.9375,"veh_clutter":0,"header":{"sequence_num":76924},"range":13.375,"near_target":0.0,"amplitude":-13.0,"azimuth":-0.5030580759048462,"ele_confid":0,"azi_confid":1},{"elevation":0.0013721105642616749,"super_res_target":0,"scan_index":0,"timestamp":1667974882.423321,"range_rate":3.15625,"veh_clutter":0,"header":{"sequence_num":76924},"range":18.21875,"near_target":0.0,"amplitude":-13.0,"azimuth":-0.6426143646240234,"ele_confid":0,"azi_confid":3},{"elevation":0.0013721105642616749,"super_res_target":0,"scan_index":0,"timestamp":1667974882.423761,"range_rate":-1.03125,"veh_clutter":0,"header":{"sequence_num":76924},"range":7.96875,"near_target":0.0,"amplitude":-16.0,"azimuth":0.7636837959289551,"ele_confid":0,"azi_confid":1},{"elevation":0.0013721105642616749,"super_res_target":0,"scan_index":0,"timestamp":1667974882.423761,"range_rate":-1.625,"veh_clutter":0,"header":{"sequence_num":76924},"range":9.40625,"near_target":0.0,"amplitude":-13.0,"azimuth":0.9691842198371887,"ele_confid":0,"azi_confid":3},{"elevation":0.0013721105642616749,"super_res_target":0,"scan_index":0,"timestamp":1667974882.423761,"range_rate":3.453125,"veh_clutter":0,"header":{"sequence_num":76924},"range":66.21875,"near_target":0.0,"amplitude":12.0,"azimuth":-0.901023805141449,"ele_confid":0,"azi_confid":1},{"elevation":0.0013721105642616749,"super_res_target":0,"scan_index":0,"timestamp":1667974882.423761,"range_rate":3.140625,"veh_clutter":0,"header":{"sequence_num":76924},"range":33.4375,"near_target":0.0,"amplitude":6.0,"azimuth":-0.6253616213798523,"ele_confid":0,"azi_confid":1}],"type":8}
