{"measurement_time":1667974882.12168,"header":{"timestamp_sec":1667974882.1289985,"sequence_num":76911},"range_coverage":100.578125,"aptiv_point":[{"elevation":0.0013721105642616749,"super_res_target":0,"scan_index":2,"timestamp":1667974882.12168,"range_rate":-0.03125,"veh_clutter":0,"header":{"sequence_num":76911},"range":3.578125,"near_target":0.0,"amplitude":-18.0,"azimuth":-0.559033989906311,"ele_confid":0,"azi_confid":1},{"elevation":0.0013721105642616749,"super_res_target":0,"scan_index":2,"timestamp":1667974882.12168,"range_rate":1.171875,"veh_clutter":0,"header":{"sequence_num":76911},"range":4.296875,"near_target":0.0,"amplitude":-6.0,"azimuth":-0.8864547610282898,"ele_confid":0,"azi_confid":1},{"elevation":0.0013721105642616749,"super_res_target":0,"scan_index":2,"timestamp":1667974882.12168,"range_rate":-2.53125,"veh_clutter":0,"header":{"sequence_num":76911},"range":5.921875,"near_target":0.0,"amplitude":-11.0,"azimuth":0.22961242496967316,"ele_confid":0,"azi_confid":1},{"elevation":0.0013721105642616749,"super_res_target":0,"scan_index":2,"timestamp":1667974882.12168,"range_rate":-2.828125,"veh_clutter":0,"header":{"sequence_num":76911},"range":7.140625,"near_target":0.0,"amplitude":-13.0,"azimuth":0.3411807715892792,"ele_confid":0,"azi_confid":1},{"elevation":0.0013721105642616749,"super_res_target":0,"scan_index":2,"timestamp":1667974882.12168,"range_rate":-3.046875,"veh_clutter":0,"header":{"sequence_num":76911},"range":7.703125,"near_target":0.0,"amplitude":-10.0,"azimuth":0.477669894695282,"ele_confid":0,"azi_confid":1},{"elevation":0.0013721105642616749,"super_res_target":0,"scan_index":2,"timestamp":1667974882.12168,"range_rate":-0.390625,"veh_clutter":0,"header":{"sequence_num":76911},"range":8.140625,"near_target":0.0,"amplitude":-12.0,"azimuth":-0.46816906332969666,"ele_confid":0,"azi_confid":1},{"elevation":0.0013721105642616749,"super_res_target":0,"scan_index":2,"timestamp":1667974882.122056,"range_rate":-0.9375,"veh_clutter":0,"header":{"sequence_num":76911},"range":9.453125,"near_target":0.0,"amplitude":-5.0,"azimuth":-0.30445870757102966,"ele_confid":0,"azi_confid":1},{"elevation":0.0013721105642616749,"super_res_target":0,"scan_index":2,"timestamp":1667974882.122056,"range_rate":-1.09375,"veh_clutter":0,"header":{"sequence_num":76911},"range":9.859375,"near_target":0.0,"amplitude":-7.0,"azimuth":-0.2630518674850464,"ele_confid":0,"azi_confid":1},{"elevation":0.0013721105642616749,"super_res_target":0,"scan_index":2,"timestamp":1667974882.122056,"range_rate":-2.984375,"veh_clutter":0,"header":{"sequence_num":76911},"range":11.75,"near_target":0.0,"amplitude":-5.0,"azimuth":0.43204569816589355,"ele_confid":0,"azi_confid":0},{"elevation":0.0013721105642616749,"super_res_target":0,"scan_index":2,"timestamp":1667974882.122056,"range_rate":-1.546875,"veh_clutter":0,"header":{"sequence_num":76911},"range":12.8125,"near_target":0.0,"amplitude":-9.0,"azimuth":-0.1192781925201416,"ele_confid":0,"azi_confid":1},{"elevation":0.0013721105642616749,"super_res_target":0,"scan_index":2,"timestamp":1667974882.122056,"range_rate":-1.640625,"veh_clutter":0,"header":{"sequence_num":76911},"range":13.734375,"near_target":0.0,"amplitude":-8.0,"azimuth":-0.08093879371881485,"ele_confid":0,"azi_confid":1},{"elevation":0.0013721105642616749,"super_res_target":0,"scan_index":2,"timestamp":1667974882.122056,"range_rate":1.265625,"veh_clutter":0,"header":{"sequence_num":76911},"range":15.515625,"near_target":0.0,"amplitude":-11.0,"azimuth":-0.9569995999336243,"ele_confid":0,"azi_confid":0},{"elevation":0.0013721105642616749,"super_res_target":0,"scan_index":2,"timestamp":1667974882.12243,"range_rate":0.921875,"veh_clutter":0,"header":{"sequence_num":76911},"range":15.765625,"near_target":0.0,"amplitude":-11.0,"azimuth":-0.8300953507423401,"ele_confid":0,"azi_confid":3},{"elevation":0.0013721105642616749,"super_res_target":0,"scan_index":2,"timestamp":1667974882.12243,"range_rate":0.46875,"veh_clutter":0,"header":{"sequence_num":76911},"range":15.609375,"near_target":0.0,"amplitude":1.0,"azimuth":-0.7231278419494629,"ele_confid":0,"azi_confid":1},{"elevation":0.0013721105642616749,"super_res_target":0,"scan_index":2,"timestamp":1667974882.12243,"range_rate":1.515625,"veh_clutter":0,"header":{"sequence_num":76911},"range":16.953125,"near_target":0.0,"amplitude":-7.0,"azimuth":-1.0754691362380981,"ele_confid":0,"azi_confid":1},{"elevation":0.0013721105642616749,"super_res_target":0,"scan_index":2,"timestamp":1667974882.12243,"range_rate":-2.859375,"veh_clutter":0,"header":{"sequence_num":76911},"range":17.9375,"near_target":0.0,"amplitude":8.0,"azimuth":0.3691687285900116,"ele_confid":0,"azi_confid":0},{"elevation":0.0013721105642616749,"super_res_target":0,"scan_index":2,"timestamp":1667974882.12243,"range_rate":-0.625,"veh_clutter":0,"header":{"sequence_num":76911},"range":19.859375,"near_target":0.0,"amplitude":-9.0,"azimuth":-0.40337514877319336,"ele_confid":0,"azi_confid":2},{"elevation":0.0013721105642616749,"super_res_target":0,"scan_index":2,"timestamp":1667974882.12243,"range_rate":-2.015625,"veh_clutter":0,"header":{"sequence_num":76911},"range":21.0,"near_target":0.0,"amplitude":-12.0,"azimuth":0.02027810737490654,"ele_confid":0,"azi_confid":1},{"elevation":0.0013721105642616749,"super_res_target":0,"scan_index":2,"timestamp":1667974882.122803,"range_rate":-2.09375,"veh_clutter":0,"header":{"sequence_num":76911},"range":21.53125,"near_target":0.0,"amplitude":-8.0,"azimuth":0.07587052881717682,"ele_confid":0,"azi_confid":0},{"elevation":0.0013721105642616749,"super_res_target":0,"scan_index":2,"timestamp":1667974882.122803,"range_rate":-0.890625,"veh_clutter":0,"header":{"sequence_num":76911},"range":22.484375,"near_target":0.0,"amplitude":-4.0,"azimuth":-0.30445870757102966,"ele_confid":0,"azi_confid":1},{"elevation":0.0013721105642616749,"super_res_target":0,"scan_index":2,"timestamp":1667974882.122803,"range_rate":-5.75,"veh_clutter":0,"header":{"sequence_num":76911},"range":24.078125,"near_target":0.0,"amplitude":-7.0,"azimuth":0.9488643407821655,"ele_confid":0,"azi_confid":1},{"elevation":0.0013721105642616749,"super_res_target":0,"scan_index":2,"timestamp":1667974882.122803,"range_rate":-6.03125,"veh_clutter":0,"header":{"sequence_num":76911},"range":24.125,"near_target":0.0,"amplitude":-2.0,"azimuth":0.9174256920814514,"ele_confid":0,"azi_confid":1},{"elevation":0.0013721105642616749,"super_res_target":0,"scan_index":2,"timestamp":1667974882.122803,"range_rate":-6.421875,"veh_clutter":0,"header":{"sequence_num":76911},"range":24.03125,"near_target":0.0,"amplitude":6.0,"azimuth":0.9523147344589233,"ele_confid":0,"azi_confid":0},{"elevation":0.0013721105642616749,"super_res_target":0,"scan_index":2,"timestamp":1667974882.122803,"range_rate":-5.15625,"veh_clutter":0,"header":{"sequence_num":76911},"range":24.875,"near_target":0.0,"amplitude":-14.0,"azimuth":0.8472641706466675,"ele_confid":0,"azi_confid":3},{"elevation":0.0013721105642616749,"super_res_target":0,"scan_index":2,"timestamp":1667974882.123173,"range_rate":-5.53125,"veh_clutter":0,"header":{"sequence_num":76911},"range":24.546875,"near_target":0.0,"amplitude":-5.0,"azimuth":0.9139750599861145,"ele_confid":0,"azi_confid":1},{"elevation":0.0013721105642616749,"super_res_target":0,"scan_index":2,"timestamp":1667974882.123173,"range_rate":-1.171875,"veh_clutter":0,"header":{"sequence_num":76911},"range":25.890625,"near_target":0.0,"amplitude":-6.0,"azimuth":-0.23429718613624573,"ele_confid":0,"azi_confid":1},{"elevation":0.0013721105642616749,"super_res_target":0,"scan_index":2,"timestamp":1667974882.123173,"range_rate":-2.65625,"veh_clutter":0,"header":{"sequence_num":76911},"range":26.125,"near_target":0.0,"amplitude":1.0,"azimuth":0.2786872982978821,"ele_confid":0,"azi_confid":1},{"elevation":0.0013721105642616749,"super_res_target":0,"scan_index":2,"timestamp":1667974882.123173,"range_rate":-6.859375,"veh_clutter":0,"header":{"sequence_num":76911},"range":26.421875,"near_target":0.0,"amplitude":6.0,"azimuth":0.976852297782898,"ele_confid":0,"azi_confid":1},{"elevation":0.0013721105642616749,"super_res_target":0,"scan_index":2,"timestamp":1667974882.123173,"range_rate":-1.1875,"veh_clutter":0,"header":{"sequence_num":76911},"range":27.171875,"near_target":0.0,"amplitude":-8.0,"azimuth":-0.2239454835653305,"ele_confid":0,"azi_confid":1},{"elevation":0.0013721105642616749,"super_res_target":0,"scan_index":2,"timestamp":1667974882.123173,"range_rate":-5.03125,"veh_clutter":0,"header":{"sequence_num":76911},"range":27.78125,"near_target":0.0,"amplitude":-2.0,"azimuth":-0.5210778117179871,"ele_confid":0,"azi_confid":3},{"elevation":0.0013721105642616749,"super_res_target":0,"scan_index":2,"timestamp":1667974882.123541,"range_rate":-6.03125,"veh_clutter":0,"header":{"sequence_num":76911},"range":27.296875,"near_target":0.0,"amplitude":-1.0,"azimuth":-0.6752032041549683,"ele_confid":0,"azi_confid":3},{"elevation":0.0013721105642616749,"super_res_target":0,"scan_index":2,"timestamp":1667974882.123541,"range_rate":-4.6875,"veh_clutter":0,"header":{"sequence_num":76911},"range":29.203125,"near_target":0.0,"amplitude":-10.0,"azimuth":-0.13653121888637543,"ele_confid":0,"azi_confid":3},{"elevation":0.0013721105642616749,"super_res_target":0,"scan_index":2,"timestamp":1667974882.123541,"range_rate":-6.90625,"veh_clutter":0,"header":{"sequence_num":76911},"range":29.140625,"near_target":0.0,"amplitude":-10.0,"azimuth":0.9906544089317322,"ele_confid":0,"azi_confid":2},{"elevation":0.0013721105642616749,"super_res_target":0,"scan_index":2,"timestamp":1667974882.123541,"range_rate":-2.3125,"veh_clutter":0,"header":{"sequence_num":76911},"range":30.09375,"near_target":0.0,"amplitude":2.0,"azimuth":0.14603203535079956,"ele_confid":0,"azi_confid":0},{"elevation":0.0013721105642616749,"super_res_target":0,"scan_index":2,"timestamp":1667974882.123541,"range_rate":-2.546875,"veh_clutter":0,"header":{"sequence_num":76911},"range":30.265625,"near_target":0.0,"amplitude":-8.0,"azimuth":0.20162446796894073,"ele_confid":0,"azi_confid":3},{"elevation":0.0013721105642616749,"super_res_target":0,"scan_index":2,"timestamp":1667974882.123541,"range_rate":-1.4375,"veh_clutter":0,"header":{"sequence_num":76911},"range":30.828125,"near_target":0.0,"amplitude":3.0,"azimuth":-0.15071681141853333,"ele_confid":0,"azi_confid":1},{"elevation":0.0013721105642616749,"super_res_target":0,"scan_index":2,"timestamp":1667974882.123914,"range_rate":0.359375,"veh_clutter":0,"header":{"sequence_num":76911},"range":31.015625,"near_target":0.0,"amplitude":-7.0,"azimuth":-0.6809540390968323,"ele_confid":0,"azi_confid":1},{"elevation":0.0013721105642616749,"super_res_target":0,"scan_index":2,"timestamp":1667974882.123914,"range_rate":-2.390625,"veh_clutter":0,"header":{"sequence_num":76911},"range":33.671875,"near_target":0.0,"amplitude":-2.0,"azimuth":0.17593693733215332,"ele_confid":0,"azi_confid":3},{"elevation":0.0013721105642616749,"super_res_target":0,"scan_index":2,"timestamp":1667974882.123914,"range_rate":-2.828125,"veh_clutter":0,"header":{"sequence_num":76911},"range":34.0625,"near_target":0.0,"amplitude":3.0,"azimuth":0.35536661744117737,"ele_confid":0,"azi_confid":0},{"elevation":0.0013721105642616749,"super_res_target":0,"scan_index":2,"timestamp":1667974882.123914,"range_rate":-2.25,"veh_clutter":0,"header":{"sequence_num":76911},"range":36.140625,"near_target":0.0,"amplitude":13.0,"azimuth":0.11804408580064774,"ele_confid":0,"azi_confid":0},{"elevation":0.0013721105642616749,"super_res_target":0,"scan_index":2,"timestamp":1667974882.123914,"range_rate":-2.59375,"veh_clutter":0,"header":{"sequence_num":76911},"range":36.890625,"near_target":0.0,"amplitude":19.0,"azimuth":0.24724867939949036,"ele_confid":0,"azi_confid":0},{"elevation":0.0013721105642616749,"super_res_target":0,"scan_index":2,"timestamp":1667974882.123914,"range_rate":-2.46875,"veh_clutter":0,"header":{"sequence_num":76911},"range":38.828125,"near_target":0.0,"amplitude":13.0,"azimuth":0.25223278999328613,"ele_confid":0,"azi_confid":3},{"elevation":0.0013721105642616749,"super_res_target":0,"scan_index":2,"timestamp":1667974882.124285,"range_rate":-2.8125,"veh_clutter":0,"header":{"sequence_num":76911},"range":39.53125,"near_target":0.0,"amplitude":-8.0,"azimuth":0.32047733664512634,"ele_confid":0,"azi_confid":3},{"elevation":0.0013721105642616749,"super_res_target":0,"scan_index":2,"timestamp":1667974882.124285,"range_rate":-2.328125,"veh_clutter":0,"header":{"sequence_num":76911},"range":41.734375,"near_target":0.0,"amplitude":4.0,"azimuth":0.14258138835430145,"ele_confid":0,"azi_confid":1},{"elevation":0.0013721105642616749,"super_res_target":0,"scan_index":2,"timestamp":1667974882.124285,"range_rate":-3.4375,"veh_clutter":0,"header":{"sequence_num":76911},"range":41.953125,"near_target":0.0,"amplitude":10.0,"azimuth":1.2007557153701782,"ele_confid":0,"azi_confid":3},{"elevation":0.0013721105642616749,"super_res_target":0,"scan_index":2,"timestamp":1667974882.124285,"range_rate":-2.71875,"veh_clutter":0,"header":{"sequence_num":76911},"range":44.265625,"near_target":0.0,"amplitude":11.0,"azimuth":0.3135763108730316,"ele_confid":0,"azi_confid":0},{"elevation":0.0013721105642616749,"super_res_target":0,"scan_index":2,"timestamp":1667974882.124285,"range_rate":-2.59375,"veh_clutter":0,"header":{"sequence_num":76911},"range":46.453125,"near_target":0.0,"amplitude":13.0,"azimuth":0.2679520845413208,"ele_confid":0,"azi_confid":1},{"elevation":0.0013721105642616749,"super_res_target":0,"scan_index":2,"timestamp":1667974882.124285,"range_rate":-3.453125,"veh_clutter":0,"header":{"sequence_num":76911},"range":46.640625,"near_target":0.0,"amplitude":7.0,"azimuth":1.245229721069336,"ele_confid":0,"azi_confid":0},{"elevation":0.0013721105642616749,"super_res_target":0,"scan_index":2,"timestamp":1667974882.125013,"range_rate":-2.40625,"veh_clutter":0,"header":{"sequence_num":76911},"range":50.515625,"near_target":0.0,"amplitude":-1.0,"azimuth":0.18743887543678284,"ele_confid":0,"azi_confid":3},{"elevation":0.0013721105642616749,"super_res_target":0,"scan_index":2,"timestamp":1667974882.125013,"range_rate":-2.453125,"veh_clutter":0,"header":{"sequence_num":76911},"range":50.90625,"near_target":0.0,"amplitude":1.0,"azimuth":0.1878223717212677,"ele_confid":0,"azi_confid":3},{"elevation":0.0013721105642616749,"super_res_target":0,"scan_index":2,"timestamp":1667974882.125013,"range_rate":-2.78125,"veh_clutter":0,"header":{"sequence_num":76911},"range":51.171875,"near_target":0.0,"amplitude":2.0,"azimuth":0.35690006613731384,"ele_confid":0,"azi_confid":3},{"elevation":0.0013721105642616749,"super_res_target":0,"scan_index":2,"timestamp":1667974882.125013,"range_rate":-2.328125,"veh_clutter":0,"header":{"sequence_num":76911},"range":52.8125,"near_target":0.0,"amplitude":6.0,"azimuth":0.14603203535079956,"ele_confid":0,"azi_confid":1},{"elevation":0.0013721105642616749,"super_res_target":0,"scan_index":2,"timestamp":1667974882.125013,"range_rate":-2.625,"veh_clutter":0,"header":{"sequence_num":76911},"range":52.453125,"near_target":0.0,"amplitude":0.0,"azimuth":0.2809877395629883,"ele_confid":0,"azi_confid":3},{"elevation":0.0013721105642616749,"super_res_target":0,"scan_index":2,"timestamp":1667974882.125013,"range_rate":-2.65625,"veh_clutter":0,"header":{"sequence_num":76911},"range":53.296875,"near_target":0.0,"amplitude":1.0,"azimuth":0.27446991205215454,"ele_confid":0,"azi_confid":2},{"elevation":0.0013721105642616749,"super_res_target":0,"scan_index":2,"timestamp":1667974882.125506,"range_rate":-2.59375,"veh_clutter":0,"header":{"sequence_num":76911},"range":54.265625,"near_target":0.0,"amplitude":2.0,"azimuth":0.2361302375793457,"ele_confid":0,"azi_confid":3},{"elevation":0.0013721105642616749,"super_res_target":0,"scan_index":2,"timestamp":1667974882.125506,"range_rate":-2.65625,"veh_clutter":0,"header":{"sequence_num":76911},"range":56.015625,"near_target":0.0,"amplitude":-1.0,"azimuth":0.32392799854278564,"ele_confid":0,"azi_confid":3},{"elevation":0.0013721105642616749,"super_res_target":0,"scan_index":2,"timestamp":1667974882.125506,"range_rate":-2.5,"veh_clutter":0,"header":{"sequence_num":76911},"range":57.53125,"near_target":0.0,"amplitude":0.0,"azimuth":0.19472341239452362,"ele_confid":0,"azi_confid":3},{"elevation":0.0013721105642616749,"super_res_target":0,"scan_index":2,"timestamp":1667974882.125506,"range_rate":-1.15625,"veh_clutter":0,"header":{"sequence_num":76911},"range":60.0625,"near_target":0.0,"amplitude":-2.0,"azimuth":-0.16451917588710785,"ele_confid":0,"azi_confid":3},{"elevation":0.0013721105642616749,"super_res_target":0,"scan_index":2,"timestamp":1667974882.125506,"range_rate":-3.484375,"veh_clutter":0,"header":{"sequence_num":76911},"range":59.9375,"near_target":0.0,"amplitude":12.0,"azimuth":1.1616493463516235,"ele_confid":0,"azi_confid":0},{"elevation":0.0013721105642616749,"super_res_target":0,"scan_index":2,"timestamp":1667974882.125506,"range_rate":-2.8125,"veh_clutter":0,"header":{"sequence_num":76911},"range":60.140625,"near_target":0.0,"amplitude":-1.0,"azimuth":0.34846529364585876,"ele_confid":0,"azi_confid":3},{"elevation":0.0013721105642616749,"super_res_target":0,"scan_index":2,"timestamp":1667974882.128892,"range_rate":0.4375,"veh_clutter":0,"header":{"sequence_num":76911},"range":61.5,"near_target":0.0,"amplitude":-1.0,"azimuth":-0.7334795594215393,"ele_confid":0,"azi_confid":1},{"elevation":0.0013721105642616749,"super_res_target":0,"scan_index":2,"timestamp":1667974882.128892,"range_rate":-3.484375,"veh_clutter":0,"header":{"sequence_num":76911},"range":62.796875,"near_target":0.0,"amplitude":9.0,"azimuth":1.2183918952941895,"ele_confid":0,"azi_confid":3},{"elevation":0.0013721105642616749,"super_res_target":0,"scan_index":2,"timestamp":1667974882.128892,"range_rate":-2.625,"veh_clutter":0,"header":{"sequence_num":76911},"range":65.171875,"near_target":0.0,"amplitude":5.0,"azimuth":0.2610510289669037,"ele_confid":0,"azi_confid":1},{"elevation":0.0013721105642616749,"super_res_target":0,"scan_index":2,"timestamp":1667974882.128892,"range_rate":-3.484375,"veh_clutter":0,"header":{"sequence_num":76911},"range":65.9375,"near_target":0.0,"amplitude":15.0,"azimuth":1.1474636793136597,"ele_confid":0,"azi_confid":0}],"type":8}
