{"measurement_time":1667974882.104817,"header":{"timestamp_sec":1667974882.1139553,"sequence_num":76920},"aptiv_point":[{"elevation":0.020607993006706238,"super_res_target":0,"scan_index":3,"timestamp":1667974882.104817,"range_rate":2.9375,"veh_clutter":0,"header":{"sequence_num":76920},"range":2.921875,"near_target":0.0,"amplitude":-11.0,"azimuth":0.6161036491394043,"ele_confid":1,"azi_confid":2},{"elevation":-0.020612001419067383,"super_res_target":0,"scan_index":3,"timestamp":1667974882.104817,"range_rate":3.15625,"veh_clutter":0,"header":{"sequence_num":76920},"range":3.75,"near_target":0.0,"amplitude":-10.0,"azimuth":0.46351027488708496,"ele_confid":1,"azi_confid":2},{"elevation":-0.039847999811172485,"super_res_target":0,"scan_index":3,"timestamp":1667974882.104817,"range_rate":3.359375,"veh_clutter":0,"header":{"sequence_num":76920},"range":5.21875,"near_target":0.0,"amplitude":7.0,"azimuth":0.3285536766052246,"ele_confid":1,"azi_confid":2},{"elevation":-0.012368008494377136,"super_res_target":1,"scan_index":3,"timestamp":1667974882.104817,"range_rate":-0.078125,"veh_clutter":0,"header":{"sequence_num":76920},"range":5.5625,"near_target":0.0,"amplitude":8.0,"azimuth":0.008031129837036133,"ele_confid":1,"azi_confid":0},{"elevation":-0.012368008494377136,"super_res_target":1,"scan_index":3,"timestamp":1667974882.104817,"range_rate":-0.078125,"veh_clutter":0,"header":{"sequence_num":76920},"range":5.5625,"near_target":0.0,"amplitude":0.0,"azimuth":-0.06366467475891113,"ele_confid":1,"azi_confid":0},{"elevation":-0.015116006135940552,"super_res_target":0,"scan_index":3,"timestamp":1667974882.104817,"range_rate":3.46875,"veh_clutter":0,"header":{"sequence_num":76920},"range":7.984375,"near_target":0.0,"amplitude":8.0,"azimuth":0.20624899864196777,"ele_confid":1,"azi_confid":2},{"elevation":0.020607993006706238,"super_res_target":0,"scan_index":3,"timestamp":1667974882.10518,"range_rate":3.5,"veh_clutter":0,"header":{"sequence_num":76920},"range":10.859375,"near_target":0.0,"amplitude":19.0,"azimuth":0.14797210693359375,"ele_confid":0,"azi_confid":0},{"elevation":0.0013719946146011353,"super_res_target":0,"scan_index":3,"timestamp":1667974882.10518,"range_rate":3.5,"veh_clutter":0,"header":{"sequence_num":76920},"range":13.859375,"near_target":0.0,"amplitude":3.0,"azimuth":0.12956905364990234,"ele_confid":1,"azi_confid":2},{"elevation":0.06182798743247986,"super_res_target":1,"scan_index":3,"timestamp":1667974882.10518,"range_rate":3.421875,"veh_clutter":0,"header":{"sequence_num":76920},"range":15.96875,"near_target":0.0,"amplitude":0.0,"azimuth":-0.24501276016235352,"ele_confid":1,"azi_confid":1},{"elevation":0.06182798743247986,"super_res_target":1,"scan_index":3,"timestamp":1667974882.10518,"range_rate":3.421875,"veh_clutter":0,"header":{"sequence_num":76920},"range":15.96875,"near_target":0.0,"amplitude":-10.0,"azimuth":-0.10890579223632812,"ele_confid":1,"azi_confid":1},{"elevation":0.17449598014354706,"super_res_target":0,"scan_index":3,"timestamp":1667974882.10518,"range_rate":3.390625,"veh_clutter":0,"header":{"sequence_num":76920},"range":17.75,"near_target":0.0,"amplitude":-10.0,"azimuth":0.2580080032348633,"ele_confid":1,"azi_confid":2},{"elevation":0.03984399139881134,"super_res_target":0,"scan_index":3,"timestamp":1667974882.10518,"range_rate":3.453125,"veh_clutter":0,"header":{"sequence_num":76920},"range":20.375,"near_target":0.0,"amplitude":-6.0,"azimuth":0.18707895278930664,"ele_confid":1,"azi_confid":2},{"elevation":0.0013719946146011353,"super_res_target":0,"scan_index":3,"timestamp":1667974882.105541,"range_rate":3.265625,"veh_clutter":0,"header":{"sequence_num":76920},"range":21.171875,"near_target":0.0,"amplitude":-1.0,"azimuth":-0.4539659023284912,"ele_confid":1,"azi_confid":3},{"elevation":-0.0618320032954216,"super_res_target":0,"scan_index":3,"timestamp":1667974882.105541,"range_rate":3.265625,"veh_clutter":0,"header":{"sequence_num":76920},"range":22.46875,"near_target":0.0,"amplitude":-4.0,"azimuth":0.3883640766143799,"ele_confid":1,"azi_confid":3},{"elevation":0.03984399139881134,"super_res_target":1,"scan_index":3,"timestamp":1667974882.105541,"range_rate":3.46875,"veh_clutter":0,"header":{"sequence_num":76920},"range":23.671875,"near_target":0.0,"amplitude":-5.0,"azimuth":0.18094468116760254,"ele_confid":1,"azi_confid":2},{"elevation":-0.006871998310089111,"super_res_target":1,"scan_index":3,"timestamp":1667974882.105541,"range_rate":3.453125,"veh_clutter":0,"header":{"sequence_num":76920},"range":25.296875,"near_target":0.0,"amplitude":2.0,"azimuth":-0.609626293182373,"ele_confid":1,"azi_confid":1},{"elevation":-0.006871998310089111,"super_res_target":1,"scan_index":3,"timestamp":1667974882.105541,"range_rate":3.453125,"veh_clutter":0,"header":{"sequence_num":76920},"range":25.296875,"near_target":0.0,"amplitude":-6.0,"azimuth":-0.16373205184936523,"ele_confid":1,"azi_confid":1},{"elevation":0.004119992256164551,"super_res_target":0,"scan_index":3,"timestamp":1667974882.105541,"range_rate":3.171875,"veh_clutter":0,"header":{"sequence_num":76920},"range":26.8125,"near_target":0.0,"amplitude":0.0,"azimuth":0.4803800582885742,"ele_confid":1,"azi_confid":2},{"elevation":0.037095993757247925,"super_res_target":0,"scan_index":3,"timestamp":1667974882.105904,"range_rate":3.40625,"veh_clutter":0,"header":{"sequence_num":76920},"range":28.84375,"near_target":0.0,"amplitude":-3.0,"azimuth":0.40523362159729004,"ele_confid":1,"azi_confid":3},{"elevation":0.028852000832557678,"super_res_target":0,"scan_index":3,"timestamp":1667974882.105904,"range_rate":3.3125,"veh_clutter":0,"header":{"sequence_num":76920},"range":29.3125,"near_target":0.0,"amplitude":-1.0,"azimuth":0.47769618034362793,"ele_confid":1,"azi_confid":2},{"elevation":-0.028856009244918823,"super_res_target":0,"scan_index":3,"timestamp":1667974882.105904,"range_rate":2.953125,"veh_clutter":0,"header":{"sequence_num":76920},"range":29.421875,"near_target":0.0,"amplitude":-3.0,"azimuth":0.5854315757751465,"ele_confid":1,"azi_confid":2},{"elevation":-0.015116006135940552,"super_res_target":0,"scan_index":3,"timestamp":1667974882.105904,"range_rate":3.421875,"veh_clutter":0,"header":{"sequence_num":76920},"range":30.4375,"near_target":0.0,"amplitude":-4.0,"azimuth":0.24228858947753906,"ele_confid":1,"azi_confid":2},{"elevation":-0.0013760030269622803,"super_res_target":0,"scan_index":3,"timestamp":1667974882.105904,"range_rate":3.390625,"veh_clutter":0,"header":{"sequence_num":76920},"range":32.046875,"near_target":0.0,"amplitude":-5.0,"azimuth":0.23960471153259277,"ele_confid":1,"azi_confid":2},{"elevation":-0.07557200640439987,"super_res_target":0,"scan_index":3,"timestamp":1667974882.105904,"range_rate":3.40625,"veh_clutter":0,"header":{"sequence_num":76920},"range":34.140625,"near_target":0.0,"amplitude":-4.0,"azimuth":0.25110673904418945,"ele_confid":1,"azi_confid":3},{"elevation":-0.015116006135940552,"super_res_target":0,"scan_index":3,"timestamp":1667974882.10627,"range_rate":3.453125,"veh_clutter":0,"header":{"sequence_num":76920},"range":35.09375,"near_target":0.0,"amplitude":-2.0,"azimuth":0.2131502628326416,"ele_confid":1,"azi_confid":2},{"elevation":0.04808799922466278,"super_res_target":0,"scan_index":3,"timestamp":1667974882.10627,"range_rate":2.734375,"veh_clutter":0,"header":{"sequence_num":76920},"range":36.953125,"near_target":0.0,"amplitude":7.0,"azimuth":0.6924002170562744,"ele_confid":1,"azi_confid":2},{"elevation":-0.028856009244918823,"super_res_target":0,"scan_index":3,"timestamp":1667974882.10627,"range_rate":3.265625,"veh_clutter":0,"header":{"sequence_num":76920},"range":41.859375,"near_target":0.0,"amplitude":2.0,"azimuth":0.39066433906555176,"ele_confid":1,"azi_confid":2},{"elevation":-0.00962001085281372,"super_res_target":0,"scan_index":3,"timestamp":1667974882.10627,"range_rate":2.90625,"veh_clutter":0,"header":{"sequence_num":76920},"range":43.234375,"near_target":0.0,"amplitude":12.0,"azimuth":0.59079909324646,"ele_confid":1,"azi_confid":3},{"elevation":0.0013719946146011353,"super_res_target":0,"scan_index":3,"timestamp":1667974882.10627,"range_rate":3.28125,"veh_clutter":0,"header":{"sequence_num":76920},"range":44.3125,"near_target":0.0,"amplitude":4.0,"azimuth":0.3856801986694336,"ele_confid":1,"azi_confid":2},{"elevation":-0.00962001085281372,"super_res_target":0,"scan_index":3,"timestamp":1667974882.10627,"range_rate":3.046875,"veh_clutter":0,"header":{"sequence_num":76920},"range":45.40625,"near_target":0.0,"amplitude":7.0,"azimuth":0.5348227024078369,"ele_confid":1,"azi_confid":2},{"elevation":-0.0233599990606308,"super_res_target":0,"scan_index":3,"timestamp":1667974882.106634,"range_rate":2.78125,"veh_clutter":0,"header":{"sequence_num":76920},"range":46.03125,"near_target":0.0,"amplitude":13.0,"azimuth":0.663261890411377,"ele_confid":1,"azi_confid":2},{"elevation":-0.015116006135940552,"super_res_target":0,"scan_index":3,"timestamp":1667974882.106634,"range_rate":3.359375,"veh_clutter":0,"header":{"sequence_num":76920},"range":54.1875,"near_target":0.0,"amplitude":2.0,"azimuth":0.3109171390533447,"ele_confid":1,"azi_confid":2},{"elevation":-0.0618320032954216,"super_res_target":0,"scan_index":3,"timestamp":1667974882.106634,"range_rate":3.40625,"veh_clutter":0,"header":{"sequence_num":76920},"range":59.0625,"near_target":0.0,"amplitude":2.0,"azimuth":0.26951003074645996,"ele_confid":1,"azi_confid":2},{"elevation":0.02610398828983307,"super_res_target":0,"scan_index":3,"timestamp":1667974882.106634,"range_rate":3.4375,"veh_clutter":0,"header":{"sequence_num":76920},"range":59.609375,"near_target":0.0,"amplitude":-2.0,"azimuth":0.15640687942504883,"ele_confid":1,"azi_confid":2},{"elevation":-0.04534400999546051,"super_res_target":0,"scan_index":3,"timestamp":1667974882.106634,"range_rate":3.421875,"veh_clutter":0,"header":{"sequence_num":76920},"range":63.6875,"near_target":0.0,"amplitude":10.0,"azimuth":0.24803948402404785,"ele_confid":1,"azi_confid":2},{"elevation":-0.028856009244918823,"super_res_target":0,"scan_index":3,"timestamp":1667974882.106634,"range_rate":3.46875,"veh_clutter":0,"header":{"sequence_num":76920},"range":66.28125,"near_target":0.0,"amplitude":7.0,"azimuth":0.17174291610717773,"ele_confid":1,"azi_confid":3},{"elevation":-0.004124000668525696,"super_res_target":0,"scan_index":3,"timestamp":1667974882.107003,"range_rate":3.46875,"veh_clutter":0,"header":{"sequence_num":76920},"range":70.75,"near_target":0.0,"amplitude":4.0,"azimuth":0.1644582748413086,"ele_confid":1,"azi_confid":2},{"elevation":-0.07282400131225586,"super_res_target":0,"scan_index":3,"timestamp":1667974882.107003,"range_rate":3.421875,"veh_clutter":0,"header":{"sequence_num":76920},"range":80.171875,"near_target":0.0,"amplitude":7.0,"azimuth":0.23922133445739746,"ele_confid":1,"azi_confid":2},{"elevation":-0.059084005653858185,"super_res_target":0,"scan_index":3,"timestamp":1667974882.107003,"range_rate":3.484375,"veh_clutter":0,"header":{"sequence_num":76920},"range":90.75,"near_target":0.0,"amplitude":15.0,"azimuth":0.12650179862976074,"ele_confid":1,"azi_confid":2},{"elevation":-0.07557200640439987,"super_res_target":0,"scan_index":3,"timestamp":1667974882.107003,"range_rate":3.484375,"veh_clutter":0,"header":{"sequence_num":76920},"range":93.609375,"near_target":0.0,"amplitude":15.0,"azimuth":0.12190103530883789,"ele_confid":1,"azi_confid":3},{"elevation":-0.028856009244918823,"super_res_target":1,"scan_index":3,"timestamp":1667974882.107003,"range_rate":3.484375,"veh_clutter":0,"header":{"sequence_num":76920},"range":95.578125,"near_target":0.0,"amplitude":7.0,"azimuth":0.1345531940460205,"ele_confid":1,"azi_confid":1},{"elevation":-0.028856009244918823,"super_res_target":1,"scan_index":3,"timestamp":1667974882.107003,"range_rate":3.484375,"veh_clutter":0,"header":{"sequence_num":76920},"range":95.578125,"near_target":0.0,"amplitude":6.0,"azimuth":-0.2292933464050293,"ele_confid":1,"azi_confid":2}],"type":7}
