{"measurement_time":1667974882.397341,"header":{"timestamp_sec":1667974882.4179018,"sequence_num":76926},"aptiv_point":[{"elevation":0.0893080085515976,"super_res_target":0,"scan_index":3,"timestamp":1667974882.397341,"range_rate":-2.671875,"veh_clutter":0,"header":{"sequence_num":76926},"range":3.3125,"near_target":0.0,"amplitude":-11.0,"azimuth":0.7012183666229248,"ele_confid":1,"azi_confid":2},{"elevation":0.017859995365142822,"super_res_target":0,"scan_index":3,"timestamp":1667974882.397341,"range_rate":-3.03125,"veh_clutter":0,"header":{"sequence_num":76926},"range":4.15625,"near_target":0.0,"amplitude":-19.0,"azimuth":0.544407844543457,"ele_confid":1,"azi_confid":2},{"elevation":0.05907998979091644,"super_res_target":0,"scan_index":3,"timestamp":1667974882.397341,"range_rate":-3.234375,"veh_clutter":0,"header":{"sequence_num":76926},"range":5.4375,"near_target":0.0,"amplitude":-19.0,"azimuth":0.4067671298980713,"ele_confid":1,"azi_confid":2},{"elevation":0.06182798743247986,"super_res_target":0,"scan_index":3,"timestamp":1667974882.397341,"range_rate":-2.828125,"veh_clutter":0,"header":{"sequence_num":76926},"range":6.796875,"near_target":0.0,"amplitude":-5.0,"azimuth":-0.6740374565124512,"ele_confid":1,"azi_confid":2},{"elevation":0.07831598818302155,"super_res_target":1,"scan_index":3,"timestamp":1667974882.397341,"range_rate":-2.9375,"veh_clutter":0,"header":{"sequence_num":76926},"range":8.8125,"near_target":0.0,"amplitude":-13.0,"azimuth":-0.624962329864502,"ele_confid":1,"azi_confid":2},{"elevation":0.07831598818302155,"super_res_target":1,"scan_index":3,"timestamp":1667974882.397341,"range_rate":-2.9375,"veh_clutter":0,"header":{"sequence_num":76926},"range":8.8125,"near_target":0.0,"amplitude":-30.0,"azimuth":0.3737947940826416,"ele_confid":1,"azi_confid":2},{"elevation":0.05907998979091644,"super_res_target":0,"scan_index":3,"timestamp":1667974882.397708,"range_rate":-2.984375,"veh_clutter":0,"header":{"sequence_num":76926},"range":8.984375,"near_target":0.0,"amplitude":-26.0,"azimuth":0.21391701698303223,"ele_confid":1,"azi_confid":2},{"elevation":-0.00962001085281372,"super_res_target":0,"scan_index":3,"timestamp":1667974882.397708,"range_rate":-5.59375,"veh_clutter":0,"header":{"sequence_num":76926},"range":22.1875,"near_target":0.0,"amplitude":7.0,"azimuth":-0.1595146656036377,"ele_confid":1,"azi_confid":2},{"elevation":-0.004124000668525696,"super_res_target":0,"scan_index":3,"timestamp":1667974882.397708,"range_rate":-5.890625,"veh_clutter":0,"header":{"sequence_num":76926},"range":22.109375,"near_target":0.0,"amplitude":5.0,"azimuth":-0.13766074180603027,"ele_confid":1,"azi_confid":2},{"elevation":0.012364000082015991,"super_res_target":0,"scan_index":3,"timestamp":1667974882.397708,"range_rate":-4.90625,"veh_clutter":0,"header":{"sequence_num":76926},"range":22.703125,"near_target":0.0,"amplitude":1.0,"azimuth":-0.21242380142211914,"ele_confid":0,"azi_confid":1},{"elevation":-0.0233599990606308,"super_res_target":0,"scan_index":3,"timestamp":1667974882.397708,"range_rate":-6.59375,"veh_clutter":0,"header":{"sequence_num":76926},"range":24.6875,"near_target":0.0,"amplitude":12.0,"azimuth":-0.09203624725341797,"ele_confid":0,"azi_confid":0},{"elevation":0.037095993757247925,"super_res_target":0,"scan_index":3,"timestamp":1667974882.397708,"range_rate":-6.640625,"veh_clutter":0,"header":{"sequence_num":76926},"range":27.21875,"near_target":0.0,"amplitude":-8.0,"azimuth":-0.09203624725341797,"ele_confid":1,"azi_confid":2},{"elevation":0.031599998474121094,"super_res_target":0,"scan_index":3,"timestamp":1667974882.398074,"range_rate":-7.109375,"veh_clutter":0,"header":{"sequence_num":76926},"range":28.015625,"near_target":0.0,"amplitude":0.0,"azimuth":-0.05868053436279297,"ele_confid":1,"azi_confid":2},{"elevation":0.012364000082015991,"super_res_target":0,"scan_index":3,"timestamp":1667974882.398074,"range_rate":-7.28125,"veh_clutter":0,"header":{"sequence_num":76926},"range":29.15625,"near_target":0.0,"amplitude":-14.0,"azimuth":-0.05177927017211914,"ele_confid":1,"azi_confid":2},{"elevation":0.031599998474121094,"super_res_target":0,"scan_index":3,"timestamp":1667974882.398074,"range_rate":-2.984375,"veh_clutter":0,"header":{"sequence_num":76926},"range":30.75,"near_target":0.0,"amplitude":5.0,"azimuth":-0.5992743968963623,"ele_confid":1,"azi_confid":2},{"elevation":0.03984399139881134,"super_res_target":0,"scan_index":3,"timestamp":1667974882.398074,"range_rate":-9.546875,"veh_clutter":0,"header":{"sequence_num":76926},"range":33.546875,"near_target":0.0,"amplitude":-4.0,"azimuth":-0.16334867477416992,"ele_confid":1,"azi_confid":2},{"elevation":0.017859995365142822,"super_res_target":0,"scan_index":3,"timestamp":1667974882.398074,"range_rate":-3.46875,"veh_clutter":0,"header":{"sequence_num":76926},"range":37.921875,"near_target":0.0,"amplitude":12.0,"azimuth":0.21966791152954102,"ele_confid":1,"azi_confid":2},{"elevation":0.023355990648269653,"super_res_target":0,"scan_index":3,"timestamp":1667974882.398074,"range_rate":-3.3125,"veh_clutter":0,"header":{"sequence_num":76926},"range":38.734375,"near_target":0.0,"amplitude":11.0,"azimuth":-0.39798951148986816,"ele_confid":0,"azi_confid":1},{"elevation":-0.00962001085281372,"super_res_target":0,"scan_index":3,"timestamp":1667974882.398437,"range_rate":-2.671875,"veh_clutter":0,"header":{"sequence_num":76926},"range":39.3125,"near_target":0.0,"amplitude":-2.0,"azimuth":-0.16679930686950684,"ele_confid":1,"azi_confid":3},{"elevation":0.023355990648269653,"super_res_target":0,"scan_index":3,"timestamp":1667974882.398437,"range_rate":-3.484375,"veh_clutter":0,"header":{"sequence_num":76926},"range":40.53125,"near_target":0.0,"amplitude":11.0,"azimuth":0.20279836654663086,"ele_confid":1,"azi_confid":2},{"elevation":0.02610398828983307,"super_res_target":0,"scan_index":3,"timestamp":1667974882.398437,"range_rate":-3.484375,"veh_clutter":0,"header":{"sequence_num":76926},"range":42.859375,"near_target":0.0,"amplitude":10.0,"azimuth":0.18707895278930664,"ele_confid":1,"azi_confid":2},{"elevation":0.042591989040374756,"super_res_target":1,"scan_index":3,"timestamp":1667974882.398437,"range_rate":-3.484375,"veh_clutter":0,"header":{"sequence_num":76926},"range":45.3125,"near_target":0.0,"amplitude":0.0,"azimuth":0.18707895278930664,"ele_confid":1,"azi_confid":3},{"elevation":0.042591989040374756,"super_res_target":1,"scan_index":3,"timestamp":1667974882.398437,"range_rate":-3.484375,"veh_clutter":0,"header":{"sequence_num":76926},"range":45.3125,"near_target":0.0,"amplitude":-9.0,"azimuth":-0.13996124267578125,"ele_confid":1,"azi_confid":3},{"elevation":-0.026108011603355408,"super_res_target":1,"scan_index":3,"timestamp":1667974882.398437,"range_rate":-3.15625,"veh_clutter":0,"header":{"sequence_num":76926},"range":47.0625,"near_target":0.0,"amplitude":6.0,"azimuth":-0.5003571510314941,"ele_confid":1,"azi_confid":1},{"elevation":-0.026108011603355408,"super_res_target":1,"scan_index":3,"timestamp":1667974882.398801,"range_rate":-3.15625,"veh_clutter":0,"header":{"sequence_num":76926},"range":47.0625,"near_target":0.0,"amplitude":2.0,"azimuth":-0.459716796875,"ele_confid":1,"azi_confid":1},{"elevation":0.009615987539291382,"super_res_target":0,"scan_index":3,"timestamp":1667974882.398801,"range_rate":-3.25,"veh_clutter":0,"header":{"sequence_num":76926},"range":47.9375,"near_target":0.0,"amplitude":3.0,"azimuth":-0.44016337394714355,"ele_confid":1,"azi_confid":2},{"elevation":0.015111997723579407,"super_res_target":0,"scan_index":3,"timestamp":1667974882.398801,"range_rate":-3.34375,"veh_clutter":0,"header":{"sequence_num":76926},"range":48.578125,"near_target":0.0,"amplitude":0.0,"azimuth":-0.3803529739379883,"ele_confid":1,"azi_confid":3},{"elevation":0.06457599997520447,"super_res_target":0,"scan_index":3,"timestamp":1667974882.398801,"range_rate":-3.015625,"veh_clutter":0,"header":{"sequence_num":76926},"range":48.90625,"near_target":0.0,"amplitude":1.0,"azimuth":-0.5620846748352051,"ele_confid":1,"azi_confid":3},{"elevation":0.03984399139881134,"super_res_target":1,"scan_index":3,"timestamp":1667974882.398801,"range_rate":-3.234375,"veh_clutter":0,"header":{"sequence_num":76926},"range":50.0625,"near_target":0.0,"amplitude":7.0,"azimuth":0.4435734748840332,"ele_confid":1,"azi_confid":1},{"elevation":0.03984399139881134,"super_res_target":1,"scan_index":3,"timestamp":1667974882.398801,"range_rate":-3.234375,"veh_clutter":0,"header":{"sequence_num":76926},"range":50.0625,"near_target":0.0,"amplitude":5.0,"azimuth":-0.4505152702331543,"ele_confid":1,"azi_confid":1},{"elevation":-0.015116006135940552,"super_res_target":0,"scan_index":3,"timestamp":1667974882.405338,"range_rate":-3.296875,"veh_clutter":0,"header":{"sequence_num":76926},"range":51.453125,"near_target":0.0,"amplitude":5.0,"azimuth":-0.40067315101623535,"ele_confid":1,"azi_confid":2},{"elevation":-0.07007600367069244,"super_res_target":0,"scan_index":3,"timestamp":1667974882.405338,"range_rate":-3.53125,"veh_clutter":0,"header":{"sequence_num":76926},"range":53.484375,"near_target":0.0,"amplitude":23.0,"azimuth":-0.04679512977600098,"ele_confid":0,"azi_confid":1},{"elevation":0.023355990648269653,"super_res_target":0,"scan_index":3,"timestamp":1667974882.405338,"range_rate":-3.515625,"veh_clutter":0,"header":{"sequence_num":76926},"range":55.421875,"near_target":0.0,"amplitude":23.0,"azimuth":0.15027260780334473,"ele_confid":0,"azi_confid":0},{"elevation":0.03984399139881134,"super_res_target":0,"scan_index":3,"timestamp":1667974882.405338,"range_rate":-3.5625,"veh_clutter":0,"header":{"sequence_num":76926},"range":56.453125,"near_target":0.0,"amplitude":24.0,"azimuth":-0.049478769302368164,"ele_confid":1,"azi_confid":2},{"elevation":0.006867989897727966,"super_res_target":1,"scan_index":3,"timestamp":1667974882.405338,"range_rate":-3.515625,"veh_clutter":0,"header":{"sequence_num":76926},"range":58.390625,"near_target":0.0,"amplitude":7.0,"azimuth":0.13953733444213867,"ele_confid":1,"azi_confid":3},{"elevation":0.006867989897727966,"super_res_target":1,"scan_index":3,"timestamp":1667974882.405338,"range_rate":-3.515625,"veh_clutter":0,"header":{"sequence_num":76926},"range":58.390625,"near_target":0.0,"amplitude":8.0,"azimuth":-0.25498127937316895,"ele_confid":1,"azi_confid":3},{"elevation":0.023355990648269653,"super_res_target":0,"scan_index":3,"timestamp":1667974882.405707,"range_rate":-3.515625,"veh_clutter":0,"header":{"sequence_num":76926},"range":61.125,"near_target":0.0,"amplitude":23.0,"azimuth":0.13838720321655273,"ele_confid":1,"azi_confid":2},{"elevation":0.028852000832557678,"super_res_target":0,"scan_index":3,"timestamp":1667974882.405707,"range_rate":-3.5625,"veh_clutter":0,"header":{"sequence_num":76926},"range":62.53125,"near_target":0.0,"amplitude":28.0,"azimuth":-0.04449462890625,"ele_confid":0,"azi_confid":0},{"elevation":0.028852000832557678,"super_res_target":0,"scan_index":3,"timestamp":1667974882.405707,"range_rate":-3.515625,"veh_clutter":0,"header":{"sequence_num":76926},"range":64.109375,"near_target":0.0,"amplitude":20.0,"azimuth":0.13225269317626953,"ele_confid":1,"azi_confid":2},{"elevation":0.012364000082015991,"super_res_target":0,"scan_index":3,"timestamp":1667974882.405707,"range_rate":-3.5625,"veh_clutter":0,"header":{"sequence_num":76926},"range":65.421875,"near_target":0.0,"amplitude":22.0,"azimuth":-0.04564476013183594,"ele_confid":0,"azi_confid":1},{"elevation":0.031599998474121094,"super_res_target":0,"scan_index":3,"timestamp":1667974882.405707,"range_rate":-3.515625,"veh_clutter":0,"header":{"sequence_num":76926},"range":67.0625,"near_target":0.0,"amplitude":27.0,"azimuth":0.12688517570495605,"ele_confid":0,"azi_confid":0},{"elevation":0.04808799922466278,"super_res_target":0,"scan_index":3,"timestamp":1667974882.405707,"range_rate":-3.5625,"veh_clutter":0,"header":{"sequence_num":76926},"range":68.453125,"near_target":0.0,"amplitude":26.0,"azimuth":-0.037976741790771484,"ele_confid":1,"azi_confid":2},{"elevation":0.03434799611568451,"super_res_target":0,"scan_index":3,"timestamp":1667974882.406075,"range_rate":-3.5625,"veh_clutter":0,"header":{"sequence_num":76926},"range":71.328125,"near_target":0.0,"amplitude":29.0,"azimuth":-0.03720998764038086,"ele_confid":0,"azi_confid":1},{"elevation":0.04533998668193817,"super_res_target":0,"scan_index":3,"timestamp":1667974882.406075,"range_rate":-3.515625,"veh_clutter":0,"header":{"sequence_num":76926},"range":72.5625,"near_target":0.0,"amplitude":14.0,"azimuth":0.12113428115844727,"ele_confid":1,"azi_confid":3},{"elevation":0.017859995365142822,"super_res_target":0,"scan_index":3,"timestamp":1667974882.406075,"range_rate":-3.5625,"veh_clutter":0,"header":{"sequence_num":76926},"range":74.328125,"near_target":0.0,"amplitude":21.0,"azimuth":-0.03299260139465332,"ele_confid":0,"azi_confid":1},{"elevation":0.015111997723579407,"super_res_target":0,"scan_index":3,"timestamp":1667974882.406075,"range_rate":-3.515625,"veh_clutter":0,"header":{"sequence_num":76926},"range":75.96875,"near_target":0.0,"amplitude":18.0,"azimuth":0.1130828857421875,"ele_confid":1,"azi_confid":2},{"elevation":0.028852000832557678,"super_res_target":0,"scan_index":3,"timestamp":1667974882.406075,"range_rate":-3.5625,"veh_clutter":0,"header":{"sequence_num":76926},"range":77.234375,"near_target":0.0,"amplitude":27.0,"azimuth":-0.03337597846984863,"ele_confid":0,"azi_confid":0},{"elevation":0.023355990648269653,"super_res_target":0,"scan_index":3,"timestamp":1667974882.406075,"range_rate":-3.53125,"veh_clutter":0,"header":{"sequence_num":76926},"range":78.796875,"near_target":0.0,"amplitude":26.0,"azimuth":0.1100156307220459,"ele_confid":1,"azi_confid":2},{"elevation":0.028852000832557678,"super_res_target":0,"scan_index":3,"timestamp":1667974882.406444,"range_rate":-3.5625,"veh_clutter":0,"header":{"sequence_num":76926},"range":80.046875,"near_target":0.0,"amplitude":26.0,"azimuth":-0.03184247016906738,"ele_confid":0,"azi_confid":0},{"elevation":0.017859995365142822,"super_res_target":0,"scan_index":3,"timestamp":1667974882.406444,"range_rate":-3.53125,"veh_clutter":0,"header":{"sequence_num":76926},"range":81.609375,"near_target":0.0,"amplitude":29.0,"azimuth":0.10618162155151367,"ele_confid":1,"azi_confid":2},{"elevation":0.02610398828983307,"super_res_target":0,"scan_index":3,"timestamp":1667974882.406444,"range_rate":-3.5625,"veh_clutter":0,"header":{"sequence_num":76926},"range":83.09375,"near_target":0.0,"amplitude":20.0,"azimuth":-0.02839183807373047,"ele_confid":0,"azi_confid":1},{"elevation":0.023355990648269653,"super_res_target":0,"scan_index":3,"timestamp":1667974882.406444,"range_rate":-3.515625,"veh_clutter":0,"header":{"sequence_num":76926},"range":84.46875,"near_target":0.0,"amplitude":15.0,"azimuth":0.10733175277709961,"ele_confid":1,"azi_confid":2},{"elevation":0.015111997723579407,"super_res_target":0,"scan_index":3,"timestamp":1667974882.406444,"range_rate":-3.5625,"veh_clutter":0,"header":{"sequence_num":76926},"range":85.984375,"near_target":0.0,"amplitude":21.0,"azimuth":-0.02570796012878418,"ele_confid":1,"azi_confid":2},{"elevation":0.017859995365142822,"super_res_target":0,"scan_index":3,"timestamp":1667974882.406444,"range_rate":-3.53125,"veh_clutter":0,"header":{"sequence_num":76926},"range":87.390625,"near_target":0.0,"amplitude":25.0,"azimuth":0.10004711151123047,"ele_confid":1,"azi_confid":2},{"elevation":0.023355990648269653,"super_res_target":0,"scan_index":3,"timestamp":1667974882.406812,"range_rate":-3.5625,"veh_clutter":0,"header":{"sequence_num":76926},"range":88.921875,"near_target":0.0,"amplitude":20.0,"azimuth":-0.027625083923339844,"ele_confid":0,"azi_confid":0},{"elevation":0.015111997723579407,"super_res_target":0,"scan_index":3,"timestamp":1667974882.406812,"range_rate":-3.53125,"veh_clutter":0,"header":{"sequence_num":76926},"range":90.34375,"near_target":0.0,"amplitude":18.0,"azimuth":0.09391283988952637,"ele_confid":1,"azi_confid":2},{"elevation":0.020607993006706238,"super_res_target":0,"scan_index":3,"timestamp":1667974882.406812,"range_rate":-3.5625,"veh_clutter":0,"header":{"sequence_num":76926},"range":91.859375,"near_target":0.0,"amplitude":26.0,"azimuth":-0.023407697677612305,"ele_confid":0,"azi_confid":0},{"elevation":0.012364000082015991,"super_res_target":0,"scan_index":3,"timestamp":1667974882.406812,"range_rate":-3.53125,"veh_clutter":0,"header":{"sequence_num":76926},"range":93.34375,"near_target":0.0,"amplitude":28.0,"azimuth":0.09429621696472168,"ele_confid":1,"azi_confid":2},{"elevation":0.017859995365142822,"super_res_target":0,"scan_index":3,"timestamp":1667974882.406812,"range_rate":-3.53125,"veh_clutter":0,"header":{"sequence_num":76926},"range":96.1875,"near_target":0.0,"amplitude":20.0,"azimuth":0.09276247024536133,"ele_confid":1,"azi_confid":2},{"elevation":0.015111997723579407,"super_res_target":0,"scan_index":3,"timestamp":1667974882.406812,"range_rate":-3.5625,"veh_clutter":0,"header":{"sequence_num":76926},"range":97.65625,"near_target":0.0,"amplitude":16.0,"azimuth":-0.024941205978393555,"ele_confid":0,"azi_confid":1},{"elevation":0.02610398828983307,"super_res_target":1,"scan_index":3,"timestamp":1667974882.407177,"range_rate":-3.53125,"veh_clutter":0,"header":{"sequence_num":76926},"range":99.171875,"near_target":0.0,"amplitude":14.0,"azimuth":0.09276247024536133,"ele_confid":1,"azi_confid":1},{"elevation":0.028852000832557678,"super_res_target":0,"scan_index":3,"timestamp":1667974882.407177,"range_rate":-3.5625,"veh_clutter":0,"header":{"sequence_num":76926},"range":100.640625,"near_target":0.0,"amplitude":9.0,"azimuth":-0.031075716018676758,"ele_confid":1,"azi_confid":2},{"elevation":0.012364000082015991,"super_res_target":0,"scan_index":3,"timestamp":1667974882.407177,"range_rate":-3.546875,"veh_clutter":0,"header":{"sequence_num":76926},"range":101.703125,"near_target":0.0,"amplitude":6.0,"azimuth":0.08777832984924316,"ele_confid":1,"azi_confid":2},{"elevation":0.03434799611568451,"super_res_target":0,"scan_index":3,"timestamp":1667974882.407177,"range_rate":-3.5625,"veh_clutter":0,"header":{"sequence_num":76926},"range":103.578125,"near_target":0.0,"amplitude":18.0,"azimuth":-0.023791074752807617,"ele_confid":1,"azi_confid":2},{"elevation":0.028852000832557678,"super_res_target":1,"scan_index":3,"timestamp":1667974882.407177,"range_rate":-3.53125,"veh_clutter":0,"header":{"sequence_num":76926},"range":104.8125,"near_target":0.0,"amplitude":16.0,"azimuth":0.08854508399963379,"ele_confid":1,"azi_confid":1},{"elevation":0.028852000832557678,"super_res_target":1,"scan_index":3,"timestamp":1667974882.407177,"range_rate":-3.53125,"veh_clutter":0,"header":{"sequence_num":76926},"range":104.8125,"near_target":0.0,"amplitude":7.0,"azimuth":0.3346879482269287,"ele_confid":1,"azi_confid":2},{"elevation":0.02610398828983307,"super_res_target":0,"scan_index":3,"timestamp":1667974882.407545,"range_rate":-3.5625,"veh_clutter":0,"header":{"sequence_num":76926},"range":106.515625,"near_target":0.0,"amplitude":26.0,"azimuth":-0.019190311431884766,"ele_confid":0,"azi_confid":0},{"elevation":0.015111997723579407,"super_res_target":0,"scan_index":3,"timestamp":1667974882.407545,"range_rate":-3.546875,"veh_clutter":0,"header":{"sequence_num":76926},"range":107.953125,"near_target":0.0,"amplitude":33.0,"azimuth":0.08509469032287598,"ele_confid":1,"azi_confid":2},{"elevation":0.028852000832557678,"super_res_target":0,"scan_index":3,"timestamp":1667974882.407545,"range_rate":-3.5625,"veh_clutter":0,"header":{"sequence_num":76926},"range":109.484375,"near_target":0.0,"amplitude":21.0,"azimuth":-0.02149057388305664,"ele_confid":0,"azi_confid":1},{"elevation":0.015111997723579407,"super_res_target":0,"scan_index":3,"timestamp":1667974882.407545,"range_rate":-3.546875,"veh_clutter":0,"header":{"sequence_num":76926},"range":110.875,"near_target":0.0,"amplitude":30.0,"azimuth":0.08126068115234375,"ele_confid":1,"azi_confid":2},{"elevation":0.023355990648269653,"super_res_target":0,"scan_index":3,"timestamp":1667974882.407545,"range_rate":-3.5625,"veh_clutter":0,"header":{"sequence_num":76926},"range":112.421875,"near_target":0.0,"amplitude":24.0,"azimuth":-0.01995706558227539,"ele_confid":0,"azi_confid":0},{"elevation":0.012364000082015991,"super_res_target":0,"scan_index":3,"timestamp":1667974882.407545,"range_rate":-3.53125,"veh_clutter":0,"header":{"sequence_num":76926},"range":113.78125,"near_target":0.0,"amplitude":21.0,"azimuth":0.07896018028259277,"ele_confid":1,"azi_confid":2},{"elevation":0.015111997723579407,"super_res_target":0,"scan_index":3,"timestamp":1667974882.407914,"range_rate":-3.5625,"veh_clutter":0,"header":{"sequence_num":76926},"range":115.296875,"near_target":0.0,"amplitude":23.0,"azimuth":-0.015356302261352539,"ele_confid":0,"azi_confid":0},{"elevation":0.012364000082015991,"super_res_target":0,"scan_index":3,"timestamp":1667974882.407914,"range_rate":-3.53125,"veh_clutter":0,"header":{"sequence_num":76926},"range":116.6875,"near_target":0.0,"amplitude":13.0,"azimuth":0.082794189453125,"ele_confid":1,"azi_confid":2},{"elevation":0.012364000082015991,"super_res_target":0,"scan_index":3,"timestamp":1667974882.407914,"range_rate":-3.5625,"veh_clutter":0,"header":{"sequence_num":76926},"range":118.265625,"near_target":0.0,"amplitude":19.0,"azimuth":-0.01842331886291504,"ele_confid":0,"azi_confid":1},{"elevation":0.03434799611568451,"super_res_target":0,"scan_index":3,"timestamp":1667974882.407914,"range_rate":-3.5625,"veh_clutter":0,"header":{"sequence_num":76926},"range":120.984375,"near_target":0.0,"amplitude":15.0,"azimuth":-0.014589309692382812,"ele_confid":0,"azi_confid":1},{"elevation":0.017859995365142822,"super_res_target":0,"scan_index":3,"timestamp":1667974882.407914,"range_rate":-3.546875,"veh_clutter":0,"header":{"sequence_num":76926},"range":122.546875,"near_target":0.0,"amplitude":27.0,"azimuth":0.07512617111206055,"ele_confid":1,"azi_confid":2},{"elevation":0.017859995365142822,"super_res_target":0,"scan_index":3,"timestamp":1667974882.407914,"range_rate":-3.546875,"veh_clutter":0,"header":{"sequence_num":76926},"range":125.515625,"near_target":0.0,"amplitude":24.0,"azimuth":0.07435941696166992,"ele_confid":0,"azi_confid":1},{"elevation":-0.0013760030269622803,"super_res_target":0,"scan_index":3,"timestamp":1667974882.408284,"range_rate":-3.421875,"veh_clutter":0,"header":{"sequence_num":76926},"range":126.953125,"near_target":0.0,"amplitude":11.0,"azimuth":0.25685787200927734,"ele_confid":1,"azi_confid":2},{"elevation":0.020607993006706238,"super_res_target":0,"scan_index":3,"timestamp":1667974882.408284,"range_rate":-3.546875,"veh_clutter":0,"header":{"sequence_num":76926},"range":128.453125,"near_target":0.0,"amplitude":27.0,"azimuth":0.07320928573608398,"ele_confid":0,"azi_confid":0},{"elevation":0.023355990648269653,"super_res_target":0,"scan_index":3,"timestamp":1667974882.408284,"range_rate":-3.546875,"veh_clutter":0,"header":{"sequence_num":76926},"range":131.328125,"near_target":0.0,"amplitude":21.0,"azimuth":0.07320928573608398,"ele_confid":1,"azi_confid":2},{"elevation":0.017859995365142822,"super_res_target":0,"scan_index":3,"timestamp":1667974882.408284,"range_rate":-3.546875,"veh_clutter":0,"header":{"sequence_num":76926},"range":134.296875,"near_target":0.0,"amplitude":26.0,"azimuth":0.06975865364074707,"ele_confid":1,"azi_confid":2},{"elevation":0.02610398828983307,"super_res_target":0,"scan_index":3,"timestamp":1667974882.408284,"range_rate":-3.546875,"veh_clutter":0,"header":{"sequence_num":76926},"range":137.28125,"near_target":0.0,"amplitude":22.0,"azimuth":0.07090878486633301,"ele_confid":0,"azi_confid":0},{"elevation":0.012364000082015991,"super_res_target":0,"scan_index":3,"timestamp":1667974882.408284,"range_rate":-3.546875,"veh_clutter":0,"header":{"sequence_num":76926},"range":140.140625,"near_target":0.0,"amplitude":25.0,"azimuth":0.06937527656555176,"ele_confid":0,"azi_confid":0},{"elevation":-0.00962001085281372,"super_res_target":0,"scan_index":3,"timestamp":1667974882.415342,"range_rate":-3.546875,"veh_clutter":0,"header":{"sequence_num":76926},"range":143.09375,"near_target":0.0,"amplitude":31.0,"azimuth":0.0678415298461914,"ele_confid":1,"azi_confid":2},{"elevation":0.023355990648269653,"super_res_target":0,"scan_index":3,"timestamp":1667974882.415342,"range_rate":-3.546875,"veh_clutter":0,"header":{"sequence_num":76926},"range":146.078125,"near_target":0.0,"amplitude":23.0,"azimuth":0.06822490692138672,"ele_confid":1,"azi_confid":2},{"elevation":0.015111997723579407,"super_res_target":0,"scan_index":3,"timestamp":1667974882.415342,"range_rate":-3.546875,"veh_clutter":0,"header":{"sequence_num":76926},"range":148.9375,"near_target":0.0,"amplitude":26.0,"azimuth":0.06439089775085449,"ele_confid":1,"azi_confid":2},{"elevation":0.020607993006706238,"super_res_target":0,"scan_index":3,"timestamp":1667974882.415342,"range_rate":-3.546875,"veh_clutter":0,"header":{"sequence_num":76926},"range":151.875,"near_target":0.0,"amplitude":36.0,"azimuth":0.06362414360046387,"ele_confid":0,"azi_confid":0},{"elevation":-0.012368008494377136,"super_res_target":0,"scan_index":3,"timestamp":1667974882.415342,"range_rate":-3.546875,"veh_clutter":0,"header":{"sequence_num":76926},"range":154.046875,"near_target":0.0,"amplitude":20.0,"azimuth":-0.013822555541992188,"ele_confid":0,"azi_confid":1},{"elevation":0.023355990648269653,"super_res_target":0,"scan_index":3,"timestamp":1667974882.415342,"range_rate":-3.546875,"veh_clutter":0,"header":{"sequence_num":76926},"range":154.796875,"near_target":0.0,"amplitude":20.0,"azimuth":0.060556888580322266,"ele_confid":0,"azi_confid":1},{"elevation":0.023355990648269653,"super_res_target":0,"scan_index":3,"timestamp":1667974882.415714,"range_rate":-3.546875,"veh_clutter":0,"header":{"sequence_num":76926},"range":157.71875,"near_target":0.0,"amplitude":24.0,"azimuth":0.06362414360046387,"ele_confid":0,"azi_confid":1},{"elevation":0.028852000832557678,"super_res_target":0,"scan_index":3,"timestamp":1667974882.415714,"range_rate":-3.5625,"veh_clutter":0,"header":{"sequence_num":76926},"range":160.765625,"near_target":0.0,"amplitude":16.0,"azimuth":0.060556888580322266,"ele_confid":0,"azi_confid":1},{"elevation":0.004119992256164551,"super_res_target":0,"scan_index":3,"timestamp":1667974882.415714,"range_rate":-3.5625,"veh_clutter":0,"header":{"sequence_num":76926},"range":163.609375,"near_target":0.0,"amplitude":20.0,"azimuth":0.06017351150512695,"ele_confid":0,"azi_confid":1},{"elevation":0.015111997723579407,"super_res_target":0,"scan_index":3,"timestamp":1667974882.415714,"range_rate":-3.546875,"veh_clutter":0,"header":{"sequence_num":76926},"range":166.46875,"near_target":0.0,"amplitude":24.0,"azimuth":0.05787324905395508,"ele_confid":0,"azi_confid":1},{"elevation":0.017859995365142822,"super_res_target":0,"scan_index":3,"timestamp":1667974882.415714,"range_rate":-3.546875,"veh_clutter":0,"header":{"sequence_num":76926},"range":169.46875,"near_target":0.0,"amplitude":28.0,"azimuth":0.057489871978759766,"ele_confid":1,"azi_confid":2},{"elevation":0.006867989897727966,"super_res_target":0,"scan_index":3,"timestamp":1667974882.415714,"range_rate":-3.546875,"veh_clutter":0,"header":{"sequence_num":76926},"range":172.578125,"near_target":0.0,"amplitude":14.0,"azimuth":0.05710649490356445,"ele_confid":1,"azi_confid":3},{"elevation":0.037095993757247925,"super_res_target":0,"scan_index":3,"timestamp":1667974882.416085,"range_rate":-3.5625,"veh_clutter":0,"header":{"sequence_num":76926},"range":175.46875,"near_target":0.0,"amplitude":16.0,"azimuth":0.05058860778808594,"ele_confid":1,"azi_confid":2},{"elevation":0.006867989897727966,"super_res_target":0,"scan_index":3,"timestamp":1667974882.416085,"range_rate":-3.546875,"veh_clutter":0,"header":{"sequence_num":76926},"range":178.234375,"near_target":0.0,"amplitude":22.0,"azimuth":0.05979013442993164,"ele_confid":0,"azi_confid":1},{"elevation":0.015111997723579407,"super_res_target":0,"scan_index":3,"timestamp":1667974882.416085,"range_rate":-3.546875,"veh_clutter":0,"header":{"sequence_num":76926},"range":181.21875,"near_target":0.0,"amplitude":28.0,"azimuth":0.05480599403381348,"ele_confid":0,"azi_confid":1},{"elevation":0.015111997723579407,"super_res_target":0,"scan_index":3,"timestamp":1667974882.416085,"range_rate":-3.546875,"veh_clutter":0,"header":{"sequence_num":76926},"range":184.046875,"near_target":0.0,"amplitude":27.0,"azimuth":0.06017351150512695,"ele_confid":1,"azi_confid":2},{"elevation":0.015111997723579407,"super_res_target":0,"scan_index":3,"timestamp":1667974882.416085,"range_rate":-3.546875,"veh_clutter":0,"header":{"sequence_num":76926},"range":187.046875,"near_target":0.0,"amplitude":21.0,"azimuth":0.05135536193847656,"ele_confid":0,"azi_confid":2},{"elevation":0.009615987539291382,"super_res_target":0,"scan_index":3,"timestamp":1667974882.416085,"range_rate":-3.546875,"veh_clutter":0,"header":{"sequence_num":76926},"range":190.03125,"near_target":0.0,"amplitude":26.0,"azimuth":0.0555727481842041,"ele_confid":1,"azi_confid":2},{"elevation":-0.004124000668525696,"super_res_target":0,"scan_index":3,"timestamp":1667974882.416454,"range_rate":-3.515625,"veh_clutter":0,"header":{"sequence_num":76926},"range":192.9375,"near_target":0.0,"amplitude":12.0,"azimuth":0.06285738945007324,"ele_confid":1,"azi_confid":2},{"elevation":0.03434799611568451,"super_res_target":0,"scan_index":3,"timestamp":1667974882.416454,"range_rate":-3.546875,"veh_clutter":0,"header":{"sequence_num":76926},"range":195.890625,"near_target":0.0,"amplitude":20.0,"azimuth":0.05672287940979004,"ele_confid":1,"azi_confid":2},{"elevation":0.031599998474121094,"super_res_target":0,"scan_index":3,"timestamp":1667974882.416454,"range_rate":-3.390625,"veh_clutter":0,"header":{"sequence_num":76926},"range":197.453125,"near_target":0.0,"amplitude":12.0,"azimuth":0.3001821041107178,"ele_confid":1,"azi_confid":2},{"elevation":-0.05358800292015076,"super_res_target":0,"scan_index":3,"timestamp":1667974882.416454,"range_rate":-3.53125,"veh_clutter":0,"header":{"sequence_num":76926},"range":198.859375,"near_target":0.0,"amplitude":14.0,"azimuth":0.0494384765625,"ele_confid":1,"azi_confid":3},{"elevation":0.006867989897727966,"super_res_target":0,"scan_index":3,"timestamp":1667974882.416454,"range_rate":-3.5625,"veh_clutter":0,"header":{"sequence_num":76926},"range":202.046875,"near_target":0.0,"amplitude":25.0,"azimuth":-0.0073049068450927734,"ele_confid":1,"azi_confid":2},{"elevation":0.017859995365142822,"super_res_target":0,"scan_index":3,"timestamp":1667974882.416454,"range_rate":-3.546875,"veh_clutter":0,"header":{"sequence_num":76926},"range":204.59375,"near_target":0.0,"amplitude":19.0,"azimuth":0.05097198486328125,"ele_confid":1,"azi_confid":2},{"elevation":-0.026108011603355408,"super_res_target":0,"scan_index":3,"timestamp":1667974882.416821,"range_rate":-3.71875,"veh_clutter":0,"header":{"sequence_num":76926},"range":206.75,"near_target":0.0,"amplitude":19.0,"azimuth":-0.05177927017211914,"ele_confid":0,"azi_confid":1},{"elevation":0.023355990648269653,"super_res_target":0,"scan_index":3,"timestamp":1667974882.416821,"range_rate":-3.296875,"veh_clutter":0,"header":{"sequence_num":76926},"range":208.265625,"near_target":0.0,"amplitude":19.0,"azimuth":0.36075925827026367,"ele_confid":1,"azi_confid":2},{"elevation":0.015111997723579407,"super_res_target":0,"scan_index":3,"timestamp":1667974882.416821,"range_rate":-3.484375,"veh_clutter":0,"header":{"sequence_num":76926},"range":209.28125,"near_target":0.0,"amplitude":19.0,"azimuth":0.20931625366210938,"ele_confid":1,"azi_confid":2},{"elevation":0.02610398828983307,"super_res_target":1,"scan_index":3,"timestamp":1667974882.416821,"range_rate":-3.546875,"veh_clutter":0,"header":{"sequence_num":76926},"range":210.59375,"near_target":0.0,"amplitude":23.0,"azimuth":0.03908658027648926,"ele_confid":1,"azi_confid":0},{"elevation":0.02610398828983307,"super_res_target":1,"scan_index":3,"timestamp":1667974882.416821,"range_rate":-3.546875,"veh_clutter":0,"header":{"sequence_num":76926},"range":210.59375,"near_target":0.0,"amplitude":18.0,"azimuth":-0.006537914276123047,"ele_confid":1,"azi_confid":2},{"elevation":0.031599998474121094,"super_res_target":0,"scan_index":3,"timestamp":1667974882.416821,"range_rate":-3.53125,"veh_clutter":0,"header":{"sequence_num":76926},"range":213.390625,"near_target":0.0,"amplitude":13.0,"azimuth":0.0433039665222168,"ele_confid":1,"azi_confid":2},{"elevation":0.020607993006706238,"super_res_target":1,"scan_index":3,"timestamp":1667974882.417202,"range_rate":-3.53125,"veh_clutter":0,"header":{"sequence_num":76926},"range":215.03125,"near_target":0.0,"amplitude":21.0,"azimuth":0.09046220779418945,"ele_confid":1,"azi_confid":1},{"elevation":0.020607993006706238,"super_res_target":1,"scan_index":3,"timestamp":1667974882.417202,"range_rate":-3.53125,"veh_clutter":0,"header":{"sequence_num":76926},"range":215.03125,"near_target":0.0,"amplitude":16.0,"azimuth":0.1889960765838623,"ele_confid":1,"azi_confid":1}],"type":7}
