{"measurement_time":1667974882.197353,"header":{"timestamp_sec":1667974882.2175274,"sequence_num":76922},"aptiv_point":[{"elevation":0.0013719946146011353,"super_res_target":0,"scan_index":3,"timestamp":1667974882.197353,"range_rate":-2.796875,"veh_clutter":0,"header":{"sequence_num":76922},"range":3.546875,"near_target":0.0,"amplitude":-11.0,"azimuth":0.6440918445587158,"ele_confid":1,"azi_confid":2},{"elevation":0.08381198346614838,"super_res_target":0,"scan_index":3,"timestamp":1667974882.197353,"range_rate":-2.90625,"veh_clutter":0,"header":{"sequence_num":76922},"range":3.921875,"near_target":0.0,"amplitude":-14.0,"azimuth":0.5593605041503906,"ele_confid":1,"azi_confid":2},{"elevation":0.08106400072574615,"super_res_target":0,"scan_index":3,"timestamp":1667974882.197353,"range_rate":-2.5625,"veh_clutter":0,"header":{"sequence_num":76922},"range":4.3125,"near_target":0.0,"amplitude":-13.0,"azimuth":0.7387917041778564,"ele_confid":1,"azi_confid":2},{"elevation":-0.004124000668525696,"super_res_target":0,"scan_index":3,"timestamp":1667974882.197353,"range_rate":-3.125,"veh_clutter":0,"header":{"sequence_num":76922},"range":4.671875,"near_target":0.0,"amplitude":-20.0,"azimuth":0.45660924911499023,"ele_confid":1,"azi_confid":2},{"elevation":0.04533998668193817,"super_res_target":1,"scan_index":3,"timestamp":1667974882.197353,"range_rate":-3.28125,"veh_clutter":0,"header":{"sequence_num":76922},"range":5.953125,"near_target":0.0,"amplitude":-19.0,"azimuth":0.36574339866638184,"ele_confid":1,"azi_confid":1},{"elevation":0.04533998668193817,"super_res_target":1,"scan_index":3,"timestamp":1667974882.197353,"range_rate":-3.28125,"veh_clutter":0,"header":{"sequence_num":76922},"range":5.953125,"near_target":0.0,"amplitude":-28.0,"azimuth":0.41750240325927734,"ele_confid":1,"azi_confid":1},{"elevation":0.08106400072574615,"super_res_target":0,"scan_index":3,"timestamp":1667974882.19772,"range_rate":-3.0,"veh_clutter":0,"header":{"sequence_num":76922},"range":7.875,"near_target":0.0,"amplitude":-10.0,"azimuth":-0.5820214748382568,"ele_confid":1,"azi_confid":2},{"elevation":0.06182798743247986,"super_res_target":0,"scan_index":3,"timestamp":1667974882.19772,"range_rate":-3.015625,"veh_clutter":0,"header":{"sequence_num":76922},"range":9.1875,"near_target":0.0,"amplitude":-19.0,"azimuth":-0.5540332794189453,"ele_confid":1,"azi_confid":2},{"elevation":0.05633199214935303,"super_res_target":0,"scan_index":3,"timestamp":1667974882.19772,"range_rate":-2.765625,"veh_clutter":0,"header":{"sequence_num":76922},"range":10.203125,"near_target":0.0,"amplitude":-9.0,"azimuth":-0.6909070014953613,"ele_confid":1,"azi_confid":2},{"elevation":0.03984399139881134,"super_res_target":0,"scan_index":3,"timestamp":1667974882.19772,"range_rate":-2.703125,"veh_clutter":0,"header":{"sequence_num":76922},"range":22.203125,"near_target":0.0,"amplitude":6.0,"azimuth":-0.7150611877441406,"ele_confid":1,"azi_confid":2},{"elevation":0.028852000832557678,"super_res_target":0,"scan_index":3,"timestamp":1667974882.19772,"range_rate":-6.296875,"veh_clutter":0,"header":{"sequence_num":76922},"range":23.3125,"near_target":0.0,"amplitude":4.0,"azimuth":-0.10967254638671875,"ele_confid":1,"azi_confid":2},{"elevation":-0.006871998310089111,"super_res_target":0,"scan_index":3,"timestamp":1667974882.19772,"range_rate":-6.015625,"veh_clutter":0,"header":{"sequence_num":76922},"range":23.5,"near_target":0.0,"amplitude":13.0,"azimuth":-0.1261587142944336,"ele_confid":1,"azi_confid":2},{"elevation":0.0013719946146011353,"super_res_target":0,"scan_index":3,"timestamp":1667974882.198084,"range_rate":-5.1875,"veh_clutter":0,"header":{"sequence_num":76922},"range":23.96875,"near_target":0.0,"amplitude":-2.0,"azimuth":-0.1806015968322754,"ele_confid":1,"azi_confid":3},{"elevation":0.006867989897727966,"super_res_target":0,"scan_index":3,"timestamp":1667974882.198084,"range_rate":-6.640625,"veh_clutter":0,"header":{"sequence_num":76922},"range":25.390625,"near_target":0.0,"amplitude":17.0,"azimuth":-0.08168435096740723,"ele_confid":0,"azi_confid":0},{"elevation":0.020607993006706238,"super_res_target":0,"scan_index":3,"timestamp":1667974882.198084,"range_rate":-6.984375,"veh_clutter":0,"header":{"sequence_num":76922},"range":28.5,"near_target":0.0,"amplitude":0.0,"azimuth":-0.06059741973876953,"ele_confid":1,"azi_confid":2},{"elevation":0.023355990648269653,"super_res_target":0,"scan_index":3,"timestamp":1667974882.198084,"range_rate":-6.265625,"veh_clutter":0,"header":{"sequence_num":76922},"range":30.3125,"near_target":0.0,"amplitude":-11.0,"azimuth":-0.10468840599060059,"ele_confid":1,"azi_confid":2},{"elevation":0.02610398828983307,"super_res_target":0,"scan_index":3,"timestamp":1667974882.198084,"range_rate":-7.109375,"veh_clutter":0,"header":{"sequence_num":76922},"range":30.453125,"near_target":0.0,"amplitude":-11.0,"azimuth":-0.04871201515197754,"ele_confid":1,"azi_confid":2},{"elevation":0.05907998979091644,"super_res_target":0,"scan_index":3,"timestamp":1667974882.198084,"range_rate":-2.71875,"veh_clutter":0,"header":{"sequence_num":76922},"range":34.9375,"near_target":0.0,"amplitude":3.0,"azimuth":-0.7146778106689453,"ele_confid":1,"azi_confid":3},{"elevation":0.020607993006706238,"super_res_target":0,"scan_index":3,"timestamp":1667974882.198449,"range_rate":-2.578125,"veh_clutter":0,"header":{"sequence_num":76922},"range":36.984375,"near_target":0.0,"amplitude":16.0,"azimuth":-0.7794723510742188,"ele_confid":1,"azi_confid":2},{"elevation":0.020607993006706238,"super_res_target":0,"scan_index":3,"timestamp":1667974882.198449,"range_rate":-3.453125,"veh_clutter":0,"header":{"sequence_num":76922},"range":38.625,"near_target":0.0,"amplitude":13.0,"azimuth":0.21199989318847656,"ele_confid":1,"azi_confid":2},{"elevation":0.006867989897727966,"super_res_target":1,"scan_index":3,"timestamp":1667974882.198449,"range_rate":-3.234375,"veh_clutter":0,"header":{"sequence_num":76922},"range":40.0,"near_target":0.0,"amplitude":7.0,"azimuth":-0.3316612243652344,"ele_confid":1,"azi_confid":0},{"elevation":0.006867989897727966,"super_res_target":1,"scan_index":3,"timestamp":1667974882.198449,"range_rate":-3.234375,"veh_clutter":0,"header":{"sequence_num":76922},"range":40.0,"near_target":0.0,"amplitude":8.0,"azimuth":-0.3872542381286621,"ele_confid":1,"azi_confid":2},{"elevation":0.020607993006706238,"super_res_target":0,"scan_index":3,"timestamp":1667974882.198449,"range_rate":-3.46875,"veh_clutter":0,"header":{"sequence_num":76922},"range":41.1875,"near_target":0.0,"amplitude":13.0,"azimuth":0.19858098030090332,"ele_confid":1,"azi_confid":2},{"elevation":0.015111997723579407,"super_res_target":0,"scan_index":3,"timestamp":1667974882.198449,"range_rate":-3.484375,"veh_clutter":0,"header":{"sequence_num":76922},"range":42.296875,"near_target":0.0,"amplitude":10.0,"azimuth":-0.20705628395080566,"ele_confid":0,"azi_confid":0},{"elevation":0.023355990648269653,"super_res_target":0,"scan_index":3,"timestamp":1667974882.198814,"range_rate":-3.46875,"veh_clutter":0,"header":{"sequence_num":76922},"range":43.578125,"near_target":0.0,"amplitude":9.0,"azimuth":0.18094468116760254,"ele_confid":1,"azi_confid":2},{"elevation":0.023355990648269653,"super_res_target":0,"scan_index":3,"timestamp":1667974882.198814,"range_rate":-3.46875,"veh_clutter":0,"header":{"sequence_num":76922},"range":45.90625,"near_target":0.0,"amplitude":2.0,"azimuth":0.1855454444885254,"ele_confid":1,"azi_confid":2},{"elevation":-0.012368008494377136,"super_res_target":1,"scan_index":3,"timestamp":1667974882.198814,"range_rate":-3.171875,"veh_clutter":0,"header":{"sequence_num":76922},"range":47.40625,"near_target":0.0,"amplitude":1.0,"azimuth":-0.462017297744751,"ele_confid":1,"azi_confid":1},{"elevation":-0.012368008494377136,"super_res_target":1,"scan_index":3,"timestamp":1667974882.198814,"range_rate":-3.171875,"veh_clutter":0,"header":{"sequence_num":76922},"range":47.40625,"near_target":0.0,"amplitude":-2.0,"azimuth":0.3216524124145508,"ele_confid":1,"azi_confid":1},{"elevation":-0.0233599990606308,"super_res_target":0,"scan_index":3,"timestamp":1667974882.198814,"range_rate":-3.28125,"veh_clutter":0,"header":{"sequence_num":76922},"range":49.171875,"near_target":0.0,"amplitude":1.0,"azimuth":-0.41600918769836426,"ele_confid":1,"azi_confid":2},{"elevation":-0.026108011603355408,"super_res_target":0,"scan_index":3,"timestamp":1667974882.198814,"range_rate":-3.140625,"veh_clutter":0,"header":{"sequence_num":76922},"range":50.03125,"near_target":0.0,"amplitude":6.0,"azimuth":-0.5222110748291016,"ele_confid":1,"azi_confid":3},{"elevation":-0.0013760030269622803,"super_res_target":1,"scan_index":3,"timestamp":1667974882.20534,"range_rate":-3.171875,"veh_clutter":0,"header":{"sequence_num":76922},"range":53.0625,"near_target":0.0,"amplitude":13.0,"azimuth":-0.3715348243713379,"ele_confid":1,"azi_confid":2},{"elevation":-0.0810680016875267,"super_res_target":0,"scan_index":3,"timestamp":1667974882.20534,"range_rate":-3.515625,"veh_clutter":0,"header":{"sequence_num":76922},"range":54.15625,"near_target":0.0,"amplitude":23.0,"azimuth":-0.04449462890625,"ele_confid":1,"azi_confid":2},{"elevation":0.020607993006706238,"super_res_target":0,"scan_index":3,"timestamp":1667974882.20534,"range_rate":-3.484375,"veh_clutter":0,"header":{"sequence_num":76922},"range":56.078125,"near_target":0.0,"amplitude":25.0,"azimuth":0.1460552215576172,"ele_confid":1,"azi_confid":2},{"elevation":0.012364000082015991,"super_res_target":0,"scan_index":3,"timestamp":1667974882.20534,"range_rate":-3.5,"veh_clutter":0,"header":{"sequence_num":76922},"range":59.0,"near_target":0.0,"amplitude":15.0,"azimuth":0.1376204490661621,"ele_confid":0,"azi_confid":0},{"elevation":0.08106400072574615,"super_res_target":0,"scan_index":3,"timestamp":1667974882.20534,"range_rate":-3.5,"veh_clutter":0,"header":{"sequence_num":76922},"range":60.59375,"near_target":0.0,"amplitude":10.0,"azimuth":0.13263607025146484,"ele_confid":1,"azi_confid":3},{"elevation":0.023355990648269653,"super_res_target":0,"scan_index":3,"timestamp":1667974882.20534,"range_rate":-3.5,"veh_clutter":0,"header":{"sequence_num":76922},"range":61.859375,"near_target":0.0,"amplitude":23.0,"azimuth":0.13263607025146484,"ele_confid":1,"azi_confid":2},{"elevation":0.028852000832557678,"super_res_target":0,"scan_index":3,"timestamp":1667974882.205707,"range_rate":-3.53125,"veh_clutter":0,"header":{"sequence_num":76922},"range":63.296875,"near_target":0.0,"amplitude":26.0,"azimuth":-0.04679512977600098,"ele_confid":0,"azi_confid":0},{"elevation":0.015111997723579407,"super_res_target":0,"scan_index":3,"timestamp":1667974882.205707,"range_rate":-3.5,"veh_clutter":0,"header":{"sequence_num":76922},"range":64.828125,"near_target":0.0,"amplitude":20.0,"azimuth":0.12688517570495605,"ele_confid":1,"azi_confid":2},{"elevation":0.037095993757247925,"super_res_target":0,"scan_index":3,"timestamp":1667974882.205707,"range_rate":-3.53125,"veh_clutter":0,"header":{"sequence_num":76922},"range":66.109375,"near_target":0.0,"amplitude":23.0,"azimuth":-0.04679512977600098,"ele_confid":0,"azi_confid":1},{"elevation":0.023355990648269653,"super_res_target":0,"scan_index":3,"timestamp":1667974882.205707,"range_rate":-3.5,"veh_clutter":0,"header":{"sequence_num":76922},"range":67.71875,"near_target":0.0,"amplitude":25.0,"azimuth":0.12151765823364258,"ele_confid":1,"azi_confid":2},{"elevation":-0.004124000668525696,"super_res_target":0,"scan_index":3,"timestamp":1667974882.205707,"range_rate":-3.53125,"veh_clutter":0,"header":{"sequence_num":76922},"range":69.140625,"near_target":0.0,"amplitude":28.0,"azimuth":-0.0414273738861084,"ele_confid":1,"azi_confid":2},{"elevation":0.020607993006706238,"super_res_target":0,"scan_index":3,"timestamp":1667974882.205707,"range_rate":-3.5,"veh_clutter":0,"header":{"sequence_num":76922},"range":70.75,"near_target":0.0,"amplitude":19.0,"azimuth":0.11730027198791504,"ele_confid":1,"azi_confid":2},{"elevation":0.03984399139881134,"super_res_target":0,"scan_index":3,"timestamp":1667974882.206077,"range_rate":-3.53125,"veh_clutter":0,"header":{"sequence_num":76922},"range":72.078125,"near_target":0.0,"amplitude":27.0,"azimuth":-0.0383601188659668,"ele_confid":0,"azi_confid":1},{"elevation":0.015111997723579407,"super_res_target":0,"scan_index":3,"timestamp":1667974882.206077,"range_rate":-3.5,"veh_clutter":0,"header":{"sequence_num":76922},"range":73.6875,"near_target":0.0,"amplitude":15.0,"azimuth":0.11384963989257812,"ele_confid":1,"azi_confid":2},{"elevation":0.006867989897727966,"super_res_target":0,"scan_index":3,"timestamp":1667974882.206077,"range_rate":-3.53125,"veh_clutter":0,"header":{"sequence_num":76922},"range":74.984375,"near_target":0.0,"amplitude":23.0,"azimuth":-0.039510488510131836,"ele_confid":1,"azi_confid":2},{"elevation":0.023355990648269653,"super_res_target":0,"scan_index":3,"timestamp":1667974882.206077,"range_rate":-3.5,"veh_clutter":0,"header":{"sequence_num":76922},"range":76.546875,"near_target":0.0,"amplitude":21.0,"azimuth":0.11193251609802246,"ele_confid":0,"azi_confid":1},{"elevation":0.023355990648269653,"super_res_target":0,"scan_index":3,"timestamp":1667974882.206077,"range_rate":-3.53125,"veh_clutter":0,"header":{"sequence_num":76922},"range":77.9375,"near_target":0.0,"amplitude":27.0,"azimuth":-0.0352931022644043,"ele_confid":0,"azi_confid":1},{"elevation":0.020607993006706238,"super_res_target":0,"scan_index":3,"timestamp":1667974882.206077,"range_rate":-3.515625,"veh_clutter":0,"header":{"sequence_num":76922},"range":79.453125,"near_target":0.0,"amplitude":28.0,"azimuth":0.10579824447631836,"ele_confid":1,"azi_confid":2},{"elevation":0.020607993006706238,"super_res_target":0,"scan_index":3,"timestamp":1667974882.206445,"range_rate":-3.53125,"veh_clutter":0,"header":{"sequence_num":76922},"range":80.71875,"near_target":0.0,"amplitude":23.0,"azimuth":-0.032225847244262695,"ele_confid":0,"azi_confid":1},{"elevation":0.023355990648269653,"super_res_target":0,"scan_index":3,"timestamp":1667974882.206445,"range_rate":-3.515625,"veh_clutter":0,"header":{"sequence_num":76922},"range":82.328125,"near_target":0.0,"amplitude":27.0,"azimuth":0.10234761238098145,"ele_confid":1,"azi_confid":2},{"elevation":0.02610398828983307,"super_res_target":0,"scan_index":3,"timestamp":1667974882.206445,"range_rate":-3.53125,"veh_clutter":0,"header":{"sequence_num":76922},"range":83.71875,"near_target":0.0,"amplitude":20.0,"azimuth":-0.03414273262023926,"ele_confid":0,"azi_confid":1},{"elevation":0.023355990648269653,"super_res_target":0,"scan_index":3,"timestamp":1667974882.206445,"range_rate":-3.5,"veh_clutter":0,"header":{"sequence_num":76922},"range":85.171875,"near_target":0.0,"amplitude":15.0,"azimuth":0.10119748115539551,"ele_confid":1,"azi_confid":2},{"elevation":0.02610398828983307,"super_res_target":0,"scan_index":3,"timestamp":1667974882.206445,"range_rate":-3.53125,"veh_clutter":0,"header":{"sequence_num":76922},"range":86.703125,"near_target":0.0,"amplitude":24.0,"azimuth":-0.03452610969543457,"ele_confid":0,"azi_confid":1},{"elevation":0.017859995365142822,"super_res_target":0,"scan_index":3,"timestamp":1667974882.206445,"range_rate":-3.515625,"veh_clutter":0,"header":{"sequence_num":76922},"range":88.15625,"near_target":0.0,"amplitude":27.0,"azimuth":0.09582972526550293,"ele_confid":1,"azi_confid":2},{"elevation":0.023355990648269653,"super_res_target":0,"scan_index":3,"timestamp":1667974882.206816,"range_rate":-3.53125,"veh_clutter":0,"header":{"sequence_num":76922},"range":89.75,"near_target":0.0,"amplitude":21.0,"azimuth":-0.028008460998535156,"ele_confid":0,"azi_confid":0},{"elevation":0.03984399139881134,"super_res_target":0,"scan_index":3,"timestamp":1667974882.206816,"range_rate":-3.515625,"veh_clutter":0,"header":{"sequence_num":76922},"range":91.03125,"near_target":0.0,"amplitude":20.0,"azimuth":0.09851360321044922,"ele_confid":1,"azi_confid":3},{"elevation":0.023355990648269653,"super_res_target":0,"scan_index":3,"timestamp":1667974882.206816,"range_rate":-3.53125,"veh_clutter":0,"header":{"sequence_num":76922},"range":92.546875,"near_target":0.0,"amplitude":25.0,"azimuth":-0.023791074752807617,"ele_confid":0,"azi_confid":0},{"elevation":0.02610398828983307,"super_res_target":0,"scan_index":3,"timestamp":1667974882.206816,"range_rate":-3.515625,"veh_clutter":0,"header":{"sequence_num":76922},"range":94.0,"near_target":0.0,"amplitude":30.0,"azimuth":0.09391283988952637,"ele_confid":1,"azi_confid":2},{"elevation":0.03434799611568451,"super_res_target":0,"scan_index":3,"timestamp":1667974882.206816,"range_rate":-3.515625,"veh_clutter":0,"header":{"sequence_num":76922},"range":96.96875,"near_target":0.0,"amplitude":22.0,"azimuth":0.0889286994934082,"ele_confid":1,"azi_confid":2},{"elevation":0.009615987539291382,"super_res_target":0,"scan_index":3,"timestamp":1667974882.206816,"range_rate":-3.53125,"veh_clutter":0,"header":{"sequence_num":76922},"range":98.53125,"near_target":0.0,"amplitude":15.0,"azimuth":-0.029541969299316406,"ele_confid":0,"azi_confid":1},{"elevation":0.012364000082015991,"super_res_target":1,"scan_index":3,"timestamp":1667974882.207186,"range_rate":-3.515625,"veh_clutter":0,"header":{"sequence_num":76922},"range":99.828125,"near_target":0.0,"amplitude":15.0,"azimuth":0.0858614444732666,"ele_confid":1,"azi_confid":2},{"elevation":-0.006871998310089111,"super_res_target":0,"scan_index":3,"timestamp":1667974882.207186,"range_rate":-3.515625,"veh_clutter":0,"header":{"sequence_num":76922},"range":101.0625,"near_target":0.0,"amplitude":5.0,"azimuth":-0.02877521514892578,"ele_confid":1,"azi_confid":2},{"elevation":0.012364000082015991,"super_res_target":0,"scan_index":3,"timestamp":1667974882.207186,"range_rate":-3.515625,"veh_clutter":0,"header":{"sequence_num":76922},"range":102.421875,"near_target":0.0,"amplitude":12.0,"azimuth":0.08816170692443848,"ele_confid":1,"azi_confid":2},{"elevation":0.03434799611568451,"super_res_target":0,"scan_index":3,"timestamp":1667974882.207186,"range_rate":-3.515625,"veh_clutter":0,"header":{"sequence_num":76922},"range":104.28125,"near_target":0.0,"amplitude":20.0,"azimuth":-0.021107196807861328,"ele_confid":1,"azi_confid":3},{"elevation":0.017859995365142822,"super_res_target":0,"scan_index":3,"timestamp":1667974882.207186,"range_rate":-3.515625,"veh_clutter":0,"header":{"sequence_num":76922},"range":105.265625,"near_target":0.0,"amplitude":16.0,"azimuth":0.08126068115234375,"ele_confid":1,"azi_confid":2},{"elevation":0.023355990648269653,"super_res_target":0,"scan_index":3,"timestamp":1667974882.207186,"range_rate":-3.53125,"veh_clutter":0,"header":{"sequence_num":76922},"range":107.34375,"near_target":0.0,"amplitude":26.0,"azimuth":-0.021873950958251953,"ele_confid":0,"azi_confid":0},{"elevation":0.017859995365142822,"super_res_target":0,"scan_index":3,"timestamp":1667974882.207556,"range_rate":-3.515625,"veh_clutter":0,"header":{"sequence_num":76922},"range":108.625,"near_target":0.0,"amplitude":33.0,"azimuth":0.08087706565856934,"ele_confid":1,"azi_confid":2},{"elevation":0.020607993006706238,"super_res_target":0,"scan_index":3,"timestamp":1667974882.207556,"range_rate":-3.515625,"veh_clutter":0,"header":{"sequence_num":76922},"range":111.5625,"near_target":0.0,"amplitude":31.0,"azimuth":0.07857680320739746,"ele_confid":1,"azi_confid":2},{"elevation":0.017859995365142822,"super_res_target":0,"scan_index":3,"timestamp":1667974882.207556,"range_rate":-3.53125,"veh_clutter":0,"header":{"sequence_num":76922},"range":113.09375,"near_target":0.0,"amplitude":24.0,"azimuth":-0.02149057388305664,"ele_confid":0,"azi_confid":0},{"elevation":0.009615987539291382,"super_res_target":0,"scan_index":3,"timestamp":1667974882.207556,"range_rate":-3.515625,"veh_clutter":0,"header":{"sequence_num":76922},"range":114.609375,"near_target":0.0,"amplitude":21.0,"azimuth":0.07589292526245117,"ele_confid":1,"azi_confid":3},{"elevation":0.02610398828983307,"super_res_target":0,"scan_index":3,"timestamp":1667974882.207556,"range_rate":-3.53125,"veh_clutter":0,"header":{"sequence_num":76922},"range":116.046875,"near_target":0.0,"amplitude":24.0,"azimuth":-0.01995706558227539,"ele_confid":0,"azi_confid":0},{"elevation":0.02610398828983307,"super_res_target":1,"scan_index":3,"timestamp":1667974882.207556,"range_rate":-3.515625,"veh_clutter":0,"header":{"sequence_num":76922},"range":117.09375,"near_target":0.0,"amplitude":15.0,"azimuth":0.07896018028259277,"ele_confid":1,"azi_confid":1},{"elevation":0.02610398828983307,"super_res_target":1,"scan_index":3,"timestamp":1667974882.207922,"range_rate":-3.515625,"veh_clutter":0,"header":{"sequence_num":76922},"range":117.09375,"near_target":0.0,"amplitude":13.0,"azimuth":0.10656499862670898,"ele_confid":1,"azi_confid":2},{"elevation":0.020607993006706238,"super_res_target":0,"scan_index":3,"timestamp":1667974882.207922,"range_rate":-3.53125,"veh_clutter":0,"header":{"sequence_num":76922},"range":118.921875,"near_target":0.0,"amplitude":18.0,"azimuth":-0.021873950958251953,"ele_confid":0,"azi_confid":1},{"elevation":0.020607993006706238,"super_res_target":0,"scan_index":3,"timestamp":1667974882.207922,"range_rate":-3.53125,"veh_clutter":0,"header":{"sequence_num":76922},"range":121.796875,"near_target":0.0,"amplitude":16.0,"azimuth":-0.021107196807861328,"ele_confid":0,"azi_confid":1},{"elevation":0.020607993006706238,"super_res_target":0,"scan_index":3,"timestamp":1667974882.207922,"range_rate":-3.515625,"veh_clutter":0,"header":{"sequence_num":76922},"range":123.3125,"near_target":0.0,"amplitude":27.0,"azimuth":0.07282567024230957,"ele_confid":1,"azi_confid":2},{"elevation":0.015111997723579407,"super_res_target":0,"scan_index":3,"timestamp":1667974882.207922,"range_rate":-3.515625,"veh_clutter":0,"header":{"sequence_num":76922},"range":126.203125,"near_target":0.0,"amplitude":24.0,"azimuth":0.0705254077911377,"ele_confid":0,"azi_confid":0},{"elevation":0.02610398828983307,"super_res_target":0,"scan_index":3,"timestamp":1667974882.207922,"range_rate":-3.40625,"veh_clutter":0,"header":{"sequence_num":76922},"range":127.546875,"near_target":0.0,"amplitude":12.0,"azimuth":0.2549407482147217,"ele_confid":1,"azi_confid":2},{"elevation":0.015111997723579407,"super_res_target":0,"scan_index":3,"timestamp":1667974882.208292,"range_rate":-3.515625,"veh_clutter":0,"header":{"sequence_num":76922},"range":129.125,"near_target":0.0,"amplitude":27.0,"azimuth":0.06975865364074707,"ele_confid":1,"azi_confid":2},{"elevation":0.020607993006706238,"super_res_target":0,"scan_index":3,"timestamp":1667974882.208292,"range_rate":-3.515625,"veh_clutter":0,"header":{"sequence_num":76922},"range":132.078125,"near_target":0.0,"amplitude":21.0,"azimuth":0.06707477569580078,"ele_confid":1,"azi_confid":2},{"elevation":0.012364000082015991,"super_res_target":0,"scan_index":3,"timestamp":1667974882.208292,"range_rate":-3.421875,"veh_clutter":0,"header":{"sequence_num":76922},"range":133.125,"near_target":0.0,"amplitude":9.0,"azimuth":0.2407550811767578,"ele_confid":1,"azi_confid":2},{"elevation":0.017859995365142822,"super_res_target":0,"scan_index":3,"timestamp":1667974882.208292,"range_rate":-3.515625,"veh_clutter":0,"header":{"sequence_num":76922},"range":134.953125,"near_target":0.0,"amplitude":25.0,"azimuth":0.06669139862060547,"ele_confid":1,"azi_confid":2},{"elevation":0.02610398828983307,"super_res_target":0,"scan_index":3,"timestamp":1667974882.208292,"range_rate":-3.515625,"veh_clutter":0,"header":{"sequence_num":76922},"range":137.9375,"near_target":0.0,"amplitude":24.0,"azimuth":0.06592464447021484,"ele_confid":1,"azi_confid":2},{"elevation":0.006867989897727966,"super_res_target":0,"scan_index":3,"timestamp":1667974882.208292,"range_rate":-3.515625,"veh_clutter":0,"header":{"sequence_num":76922},"range":140.921875,"near_target":0.0,"amplitude":26.0,"azimuth":0.0647742748260498,"ele_confid":1,"azi_confid":2},{"elevation":0.023355990648269653,"super_res_target":0,"scan_index":3,"timestamp":1667974882.208664,"range_rate":-3.515625,"veh_clutter":0,"header":{"sequence_num":76922},"range":143.78125,"near_target":0.0,"amplitude":32.0,"azimuth":0.06439089775085449,"ele_confid":1,"azi_confid":2},{"elevation":0.017859995365142822,"super_res_target":0,"scan_index":3,"timestamp":1667974882.208664,"range_rate":-3.515625,"veh_clutter":0,"header":{"sequence_num":76922},"range":146.75,"near_target":0.0,"amplitude":23.0,"azimuth":0.06094026565551758,"ele_confid":1,"azi_confid":2},{"elevation":0.017859995365142822,"super_res_target":0,"scan_index":3,"timestamp":1667974882.208664,"range_rate":-3.515625,"veh_clutter":0,"header":{"sequence_num":76922},"range":149.6875,"near_target":0.0,"amplitude":27.0,"azimuth":0.06094026565551758,"ele_confid":0,"azi_confid":1},{"elevation":0.017859995365142822,"super_res_target":0,"scan_index":3,"timestamp":1667974882.208664,"range_rate":-3.515625,"veh_clutter":0,"header":{"sequence_num":76922},"range":152.5625,"near_target":0.0,"amplitude":36.0,"azimuth":0.06017351150512695,"ele_confid":0,"azi_confid":0},{"elevation":-0.0013760030269622803,"super_res_target":0,"scan_index":3,"timestamp":1667974882.208664,"range_rate":-3.53125,"veh_clutter":0,"header":{"sequence_num":76922},"range":154.671875,"near_target":0.0,"amplitude":21.0,"azimuth":-0.0172731876373291,"ele_confid":0,"azi_confid":1},{"elevation":0.037095993757247925,"super_res_target":0,"scan_index":3,"timestamp":1667974882.208664,"range_rate":-3.515625,"veh_clutter":0,"header":{"sequence_num":76922},"range":155.34375,"near_target":0.0,"amplitude":22.0,"azimuth":0.06439089775085449,"ele_confid":1,"azi_confid":2},{"elevation":0.023355990648269653,"super_res_target":0,"scan_index":3,"timestamp":1667974882.215341,"range_rate":-3.515625,"veh_clutter":0,"header":{"sequence_num":76922},"range":158.46875,"near_target":0.0,"amplitude":26.0,"azimuth":0.059023380279541016,"ele_confid":0,"azi_confid":0},{"elevation":0.02610398828983307,"super_res_target":0,"scan_index":3,"timestamp":1667974882.215341,"range_rate":-3.53125,"veh_clutter":0,"header":{"sequence_num":76922},"range":161.5625,"near_target":0.0,"amplitude":14.0,"azimuth":0.05825662612915039,"ele_confid":1,"azi_confid":2},{"elevation":0.031599998474121094,"super_res_target":0,"scan_index":3,"timestamp":1667974882.215341,"range_rate":-3.53125,"veh_clutter":0,"header":{"sequence_num":76922},"range":164.3125,"near_target":0.0,"amplitude":21.0,"azimuth":0.05940675735473633,"ele_confid":0,"azi_confid":1},{"elevation":0.020607993006706238,"super_res_target":0,"scan_index":3,"timestamp":1667974882.215341,"range_rate":-3.53125,"veh_clutter":0,"header":{"sequence_num":76922},"range":167.25,"near_target":0.0,"amplitude":25.0,"azimuth":0.055956125259399414,"ele_confid":0,"azi_confid":0},{"elevation":0.017859995365142822,"super_res_target":0,"scan_index":3,"timestamp":1667974882.215341,"range_rate":-3.515625,"veh_clutter":0,"header":{"sequence_num":76922},"range":170.171875,"near_target":0.0,"amplitude":28.0,"azimuth":0.05480599403381348,"ele_confid":0,"azi_confid":0},{"elevation":0.0013719946146011353,"super_res_target":0,"scan_index":3,"timestamp":1667974882.215341,"range_rate":-3.515625,"veh_clutter":0,"header":{"sequence_num":76922},"range":173.171875,"near_target":0.0,"amplitude":16.0,"azimuth":0.0555727481842041,"ele_confid":1,"azi_confid":2},{"elevation":0.037095993757247925,"super_res_target":0,"scan_index":3,"timestamp":1667974882.215711,"range_rate":-3.515625,"veh_clutter":0,"header":{"sequence_num":76922},"range":176.09375,"near_target":0.0,"amplitude":18.0,"azimuth":0.05518937110900879,"ele_confid":1,"azi_confid":2},{"elevation":-0.004124000668525696,"super_res_target":0,"scan_index":3,"timestamp":1667974882.215711,"range_rate":-3.421875,"veh_clutter":0,"header":{"sequence_num":76922},"range":177.71875,"near_target":0.0,"amplitude":19.0,"azimuth":0.23078656196594238,"ele_confid":1,"azi_confid":2},{"elevation":0.031599998474121094,"super_res_target":0,"scan_index":3,"timestamp":1667974882.215711,"range_rate":-3.53125,"veh_clutter":0,"header":{"sequence_num":76922},"range":179.046875,"near_target":0.0,"amplitude":21.0,"azimuth":0.05518937110900879,"ele_confid":1,"azi_confid":2},{"elevation":-0.0013760030269622803,"super_res_target":1,"scan_index":3,"timestamp":1667974882.215711,"range_rate":-3.4375,"veh_clutter":0,"header":{"sequence_num":76922},"range":180.296875,"near_target":0.0,"amplitude":19.0,"azimuth":0.23193669319152832,"ele_confid":1,"azi_confid":1},{"elevation":0.020607993006706238,"super_res_target":0,"scan_index":3,"timestamp":1667974882.215711,"range_rate":-3.53125,"veh_clutter":0,"header":{"sequence_num":76922},"range":181.890625,"near_target":0.0,"amplitude":29.0,"azimuth":0.05288887023925781,"ele_confid":1,"azi_confid":2},{"elevation":0.023355990648269653,"super_res_target":1,"scan_index":3,"timestamp":1667974882.215711,"range_rate":-3.53125,"veh_clutter":0,"header":{"sequence_num":76922},"range":184.796875,"near_target":0.0,"amplitude":30.0,"azimuth":0.05288887023925781,"ele_confid":0,"azi_confid":0},{"elevation":-0.004124000668525696,"super_res_target":1,"scan_index":3,"timestamp":1667974882.216084,"range_rate":-3.53125,"veh_clutter":0,"header":{"sequence_num":76922},"range":184.796875,"near_target":0.0,"amplitude":28.0,"azimuth":-0.009988546371459961,"ele_confid":0,"azi_confid":1},{"elevation":0.028852000832557678,"super_res_target":0,"scan_index":3,"timestamp":1667974882.216084,"range_rate":-3.515625,"veh_clutter":0,"header":{"sequence_num":76922},"range":187.703125,"near_target":0.0,"amplitude":21.0,"azimuth":0.05672287940979004,"ele_confid":1,"azi_confid":2},{"elevation":0.017859995365142822,"super_res_target":0,"scan_index":3,"timestamp":1667974882.216084,"range_rate":-3.53125,"veh_clutter":0,"header":{"sequence_num":76922},"range":190.703125,"near_target":0.0,"amplitude":27.0,"azimuth":0.047521352767944336,"ele_confid":0,"azi_confid":1},{"elevation":0.028852000832557678,"super_res_target":1,"scan_index":3,"timestamp":1667974882.216084,"range_rate":-3.53125,"veh_clutter":0,"header":{"sequence_num":76922},"range":193.671875,"near_target":0.0,"amplitude":16.0,"azimuth":0.05518937110900879,"ele_confid":1,"azi_confid":3},{"elevation":0.03984399139881134,"super_res_target":0,"scan_index":3,"timestamp":1667974882.216084,"range_rate":-3.515625,"veh_clutter":0,"header":{"sequence_num":76922},"range":196.6875,"near_target":0.0,"amplitude":21.0,"azimuth":0.047521352767944336,"ele_confid":0,"azi_confid":2},{"elevation":-0.04534400999546051,"super_res_target":0,"scan_index":3,"timestamp":1667974882.216084,"range_rate":-3.515625,"veh_clutter":0,"header":{"sequence_num":76922},"range":199.609375,"near_target":0.0,"amplitude":14.0,"azimuth":0.04905509948730469,"ele_confid":1,"azi_confid":2},{"elevation":0.012364000082015991,"super_res_target":1,"scan_index":3,"timestamp":1667974882.216451,"range_rate":-3.53125,"veh_clutter":0,"header":{"sequence_num":76922},"range":202.796875,"near_target":0.0,"amplitude":25.0,"azimuth":-0.008838415145874023,"ele_confid":1,"azi_confid":1},{"elevation":0.012364000082015991,"super_res_target":1,"scan_index":3,"timestamp":1667974882.216451,"range_rate":-3.53125,"veh_clutter":0,"header":{"sequence_num":76922},"range":202.796875,"near_target":0.0,"amplitude":19.0,"azimuth":0.025284290313720703,"ele_confid":1,"azi_confid":2},{"elevation":0.031599998474121094,"super_res_target":0,"scan_index":3,"timestamp":1667974882.216451,"range_rate":-3.515625,"veh_clutter":0,"header":{"sequence_num":76922},"range":205.3125,"near_target":0.0,"amplitude":19.0,"azimuth":0.04483747482299805,"ele_confid":0,"azi_confid":1},{"elevation":0.05358399450778961,"super_res_target":1,"scan_index":3,"timestamp":1667974882.216451,"range_rate":-3.515625,"veh_clutter":0,"header":{"sequence_num":76922},"range":207.6875,"near_target":0.0,"amplitude":14.0,"azimuth":0.018766403198242188,"ele_confid":1,"azi_confid":3},{"elevation":0.05358399450778961,"super_res_target":1,"scan_index":3,"timestamp":1667974882.216451,"range_rate":-3.515625,"veh_clutter":0,"header":{"sequence_num":76922},"range":207.6875,"near_target":0.0,"amplitude":19.0,"azimuth":-0.7169783115386963,"ele_confid":1,"azi_confid":3},{"elevation":0.009615987539291382,"super_res_target":0,"scan_index":3,"timestamp":1667974882.216451,"range_rate":-3.515625,"veh_clutter":0,"header":{"sequence_num":76922},"range":211.3125,"near_target":0.0,"amplitude":19.0,"azimuth":0.05825662612915039,"ele_confid":1,"azi_confid":2},{"elevation":0.05907998979091644,"super_res_target":1,"scan_index":3,"timestamp":1667974882.216834,"range_rate":-3.5,"veh_clutter":0,"header":{"sequence_num":76922},"range":213.921875,"near_target":0.0,"amplitude":13.0,"azimuth":0.0494384765625,"ele_confid":1,"azi_confid":2},{"elevation":0.004119992256164551,"super_res_target":0,"scan_index":3,"timestamp":1667974882.216834,"range_rate":-3.5,"veh_clutter":0,"header":{"sequence_num":76922},"range":215.765625,"near_target":0.0,"amplitude":18.0,"azimuth":0.08662819862365723,"ele_confid":1,"azi_confid":2}],"type":7}
